Site,Sample_ID,Year,Condition,Mutation,5_Prime,Ref_Base,3_Prime,SBS96_Label,Motif_Class
174,AB618529_1,2010,Historical,C>T,T,C,C,T[C>T]C,TpC (APOBEC)
174,AB618531_1,1999,Historical,C>T,T,C,C,T[C>T]C,TpC (APOBEC)
174,AB793725_1,2012,Historical,C>T,T,C,C,T[C>T]C,TpC (APOBEC)
174,AB793726_1,2012,Historical,C>T,T,C,C,T[C>T]C,TpC (APOBEC)
174,AB819869_1,2011,Historical,C>T,T,C,C,T[C>T]C,TpC (APOBEC)
174,AB819870_1,2012,Historical,C>T,T,C,C,T[C>T]C,TpC (APOBEC)
174,AB839692_1,2003,Historical,C>T,T,C,C,T[C>T]C,TpC (APOBEC)
174,AB839693_1,2007,Historical,C>T,T,C,C,T[C>T]C,TpC (APOBEC)
174,AB839694_1,2007,Historical,C>T,T,C,C,T[C>T]C,TpC (APOBEC)
174,AB839695_1,2007,Historical,C>T,T,C,C,T[C>T]C,TpC (APOBEC)
174,AB839696_1,2007,Historical,C>T,T,C,C,T[C>T]C,TpC (APOBEC)
174,AB839697_1,2007,Historical,C>T,T,C,C,T[C>T]C,TpC (APOBEC)
174,AB909123_1,2011,Historical,C>T,T,C,C,T[C>T]C,TpC (APOBEC)
174,AB969748_1,2014,Historical,C>T,T,C,C,T[C>T]C,TpC (APOBEC)
174,AB973401_1,2010,Historical,C>T,T,C,C,T[C>T]C,TpC (APOBEC)
174,HM769724_1,2006,Historical,C>T,T,C,C,T[C>T]C,TpC (APOBEC)
174,HQ437707_1,2007,Historical,C>T,T,C,C,T[C>T]C,TpC (APOBEC)
174,KC182587_1,2009,Historical,C>T,T,C,C,T[C>T]C,TpC (APOBEC)
174,KC182588_1,2009,Historical,C>T,T,C,C,T[C>T]C,TpC (APOBEC)
174,KC182589_1,2009,Historical,C>T,T,C,C,T[C>T]C,TpC (APOBEC)
174,KF773842_1,2013,Historical,C>T,T,C,C,T[C>T]C,TpC (APOBEC)
174,KJ427799_1,2013,Historical,C>T,T,C,C,T[C>T]C,TpC (APOBEC)
174,KP177964_1,2007,Historical,C>T,T,C,C,T[C>T]C,TpC (APOBEC)
174,KP177965_1,2007,Historical,C>T,T,C,C,T[C>T]C,TpC (APOBEC)
174,KX228694_1,2014,Historical,C>T,T,C,C,T[C>T]C,TpC (APOBEC)
174,LC035020_1,2014,Historical,C>T,T,C,C,T[C>T]C,TpC (APOBEC)
174,LC049337_1,2012,Historical,C>T,T,C,C,T[C>T]C,TpC (APOBEC)
174,LC049338_1,2009,Historical,C>T,T,C,C,T[C>T]C,TpC (APOBEC)
174,LC049339_1,2006,Historical,C>T,T,C,C,T[C>T]C,TpC (APOBEC)
174,LC049340_1,2010,Historical,C>T,T,C,C,T[C>T]C,TpC (APOBEC)
174,LC049341_1,2012,Historical,C>T,T,C,C,T[C>T]C,TpC (APOBEC)
174,LC049342_1,2012,Historical,C>T,T,C,C,T[C>T]C,TpC (APOBEC)
174,LC191189_1,2015,Historical,C>T,T,C,C,T[C>T]C,TpC (APOBEC)
174,LC373510_1,2014,Historical,C>T,T,C,C,T[C>T]C,TpC (APOBEC)
174,LC416593_1,2018,Contemporary,C>T,T,C,C,T[C>T]C,TpC (APOBEC)
174,LC416594_1,2018,Contemporary,C>T,T,C,C,T[C>T]C,TpC (APOBEC)
174,LC416595_1,2018,Contemporary,C>T,T,C,C,T[C>T]C,TpC (APOBEC)
174,LC435031_1,2018,Contemporary,C>T,T,C,C,T[C>T]C,TpC (APOBEC)
174,LC435032_1,2018,Contemporary,C>T,T,C,C,T[C>T]C,TpC (APOBEC)
174,MF621614_1,2016,Historical,C>T,T,C,C,T[C>T]C,TpC (APOBEC)
174,MG049743_1,2017,Historical,C>T,T,C,C,T[C>T]C,TpC (APOBEC)
174,MH577308_1,2017,Historical,C>T,T,C,C,T[C>T]C,TpC (APOBEC)
174,MH577309_1,2017,Historical,C>T,T,C,C,T[C>T]C,TpC (APOBEC)
174,MH577310_1,2017,Historical,C>T,T,C,C,T[C>T]C,TpC (APOBEC)
174,MH577311_1,2018,Contemporary,C>T,T,C,C,T[C>T]C,TpC (APOBEC)
174,MH577312_1,2017,Historical,C>T,T,C,C,T[C>T]C,TpC (APOBEC)
174,MH577313_1,2017,Historical,C>T,T,C,C,T[C>T]C,TpC (APOBEC)
174,MH577314_1,2018,Contemporary,C>T,T,C,C,T[C>T]C,TpC (APOBEC)
174,MN062164_1,2017,Historical,C>T,T,C,C,T[C>T]C,TpC (APOBEC)
174,MN062165_1,2018,Contemporary,C>T,T,C,C,T[C>T]C,TpC (APOBEC)
174,MN062166_1,2018,Contemporary,C>T,T,C,C,T[C>T]C,TpC (APOBEC)
174,MN746031_1,2018,Contemporary,C>T,T,C,C,T[C>T]C,TpC (APOBEC)
174,MN746032_1,2018,Contemporary,C>T,T,C,C,T[C>T]C,TpC (APOBEC)
174,MN832785_1,2018,Contemporary,C>T,T,C,C,T[C>T]C,TpC (APOBEC)
174,MN832786_1,2018,Contemporary,C>T,T,C,C,T[C>T]C,TpC (APOBEC)
174,MW405346_1,1998,Historical,C>T,T,C,C,T[C>T]C,TpC (APOBEC)
174,MW405347_1,2002,Historical,C>T,T,C,C,T[C>T]C,TpC (APOBEC)
174,MW405348_1,2004,Historical,C>T,T,C,C,T[C>T]C,TpC (APOBEC)
174,MW405349_1,2014,Historical,C>T,T,C,C,T[C>T]C,TpC (APOBEC)
174,OK625565_1,2016,Historical,C>T,T,C,C,T[C>T]C,TpC (APOBEC)
174,OM291913_1,2019,Contemporary,C>T,T,C,C,T[C>T]C,TpC (APOBEC)
174,OM291914_1,2020,Contemporary,C>T,T,C,C,T[C>T]C,TpC (APOBEC)
174,OM291915_1,2020,Contemporary,C>T,T,C,C,T[C>T]C,TpC (APOBEC)
174,OM291916_1,2020,Contemporary,C>T,T,C,C,T[C>T]C,TpC (APOBEC)
174,OM291917_1,2020,Contemporary,C>T,T,C,C,T[C>T]C,TpC (APOBEC)
174,OM291918_1,2020,Contemporary,C>T,T,C,C,T[C>T]C,TpC (APOBEC)
174,ON496631_1,2019,Contemporary,C>T,T,C,C,T[C>T]C,TpC (APOBEC)
174,ON496632_1,2019,Contemporary,C>T,T,C,C,T[C>T]C,TpC (APOBEC)
174,ON496633_1,2019,Contemporary,C>T,T,C,C,T[C>T]C,TpC (APOBEC)
174,ON524415_1,2019,Contemporary,C>T,T,C,C,T[C>T]C,TpC (APOBEC)
174,ON524416_1,2019,Contemporary,C>T,T,C,C,T[C>T]C,TpC (APOBEC)
174,ON524417_1,2019,Contemporary,C>T,T,C,C,T[C>T]C,TpC (APOBEC)
174,ON524419_1,2019,Contemporary,C>T,T,C,C,T[C>T]C,TpC (APOBEC)
174,ON524420_1,2019,Contemporary,C>T,T,C,C,T[C>T]C,TpC (APOBEC)
174,ON524421_1,2019,Contemporary,C>T,T,C,C,T[C>T]C,TpC (APOBEC)
174,ON524422_1,2019,Contemporary,C>T,T,C,C,T[C>T]C,TpC (APOBEC)
174,ON524423_1,2019,Contemporary,C>T,T,C,C,T[C>T]C,TpC (APOBEC)
174,ON524424_1,2019,Contemporary,C>T,T,C,C,T[C>T]C,TpC (APOBEC)
174,ON524425_1,2019,Contemporary,C>T,T,C,C,T[C>T]C,TpC (APOBEC)
174,ON524426_1,2019,Contemporary,C>T,T,C,C,T[C>T]C,TpC (APOBEC)
174,ON524427_1,2019,Contemporary,C>T,T,C,C,T[C>T]C,TpC (APOBEC)
174,ON524428_1,2019,Contemporary,C>T,T,C,C,T[C>T]C,TpC (APOBEC)
174,ON524429_1,2019,Contemporary,C>T,T,C,C,T[C>T]C,TpC (APOBEC)
174,ON524430_1,2019,Contemporary,C>T,T,C,C,T[C>T]C,TpC (APOBEC)
174,ON524431_1,2019,Contemporary,C>T,T,C,C,T[C>T]C,TpC (APOBEC)
174,ON524432_1,2019,Contemporary,C>T,T,C,C,T[C>T]C,TpC (APOBEC)
174,ON524433_1,2019,Contemporary,C>T,T,C,C,T[C>T]C,TpC (APOBEC)
174,ON524434_1,2019,Contemporary,C>T,T,C,C,T[C>T]C,TpC (APOBEC)
174,ON524435_1,2019,Contemporary,C>T,T,C,C,T[C>T]C,TpC (APOBEC)
174,ON524436_1,2019,Contemporary,C>T,T,C,C,T[C>T]C,TpC (APOBEC)
174,ON524437_1,2019,Contemporary,C>T,T,C,C,T[C>T]C,TpC (APOBEC)
174,ON524438_1,2019,Contemporary,C>T,T,C,C,T[C>T]C,TpC (APOBEC)
174,ON524439_1,2019,Contemporary,C>T,T,C,C,T[C>T]C,TpC (APOBEC)
174,ON524440_1,2019,Contemporary,C>T,T,C,C,T[C>T]C,TpC (APOBEC)
174,ON524441_1,2019,Contemporary,C>T,T,C,C,T[C>T]C,TpC (APOBEC)
174,ON524442_1,2019,Contemporary,C>T,T,C,C,T[C>T]C,TpC (APOBEC)
174,ON524443_1,2019,Contemporary,C>T,T,C,C,T[C>T]C,TpC (APOBEC)
174,ON524444_1,2019,Contemporary,C>T,T,C,C,T[C>T]C,TpC (APOBEC)
174,ON524445_1,2019,Contemporary,C>T,T,C,C,T[C>T]C,TpC (APOBEC)
174,ON524446_1,2019,Contemporary,C>T,T,C,C,T[C>T]C,TpC (APOBEC)
174,ON524448_1,2019,Contemporary,C>T,T,C,C,T[C>T]C,TpC (APOBEC)
174,ON524449_1,2019,Contemporary,C>T,T,C,C,T[C>T]C,TpC (APOBEC)
174,ON524450_1,2019,Contemporary,C>T,T,C,C,T[C>T]C,TpC (APOBEC)
174,ON524451_1,2019,Contemporary,C>T,T,C,C,T[C>T]C,TpC (APOBEC)
174,ON524452_1,2019,Contemporary,C>T,T,C,C,T[C>T]C,TpC (APOBEC)
174,ON524453_1,2019,Contemporary,C>T,T,C,C,T[C>T]C,TpC (APOBEC)
174,ON524455_1,2019,Contemporary,C>T,T,C,C,T[C>T]C,TpC (APOBEC)
174,ON524456_1,2019,Contemporary,C>T,T,C,C,T[C>T]C,TpC (APOBEC)
174,ON524457_1,2019,Contemporary,C>T,T,C,C,T[C>T]C,TpC (APOBEC)
174,ON524458_1,2019,Contemporary,C>T,T,C,C,T[C>T]C,TpC (APOBEC)
174,ON524459_1,2019,Contemporary,C>T,T,C,C,T[C>T]C,TpC (APOBEC)
174,ON524460_1,2019,Contemporary,C>T,T,C,C,T[C>T]C,TpC (APOBEC)
174,ON524461_1,2019,Contemporary,C>T,T,C,C,T[C>T]C,TpC (APOBEC)
174,ON524462_1,2019,Contemporary,C>T,T,C,C,T[C>T]C,TpC (APOBEC)
174,ON524463_1,2019,Contemporary,C>T,T,C,C,T[C>T]C,TpC (APOBEC)
174,ON524464_1,2019,Contemporary,C>T,T,C,C,T[C>T]C,TpC (APOBEC)
174,ON524465_1,2020,Contemporary,C>T,T,C,C,T[C>T]C,TpC (APOBEC)
174,ON524467_1,2020,Contemporary,C>T,T,C,C,T[C>T]C,TpC (APOBEC)
174,ON524468_1,2020,Contemporary,C>T,T,C,C,T[C>T]C,TpC (APOBEC)
174,ON524469_1,2020,Contemporary,C>T,T,C,C,T[C>T]C,TpC (APOBEC)
174,ON524470_1,2020,Contemporary,C>T,T,C,C,T[C>T]C,TpC (APOBEC)
174,ON524471_1,2020,Contemporary,C>T,T,C,C,T[C>T]C,TpC (APOBEC)
174,ON524472_1,2020,Contemporary,C>T,T,C,C,T[C>T]C,TpC (APOBEC)
174,ON524473_1,2020,Contemporary,C>T,T,C,C,T[C>T]C,TpC (APOBEC)
174,ON524474_1,2020,Contemporary,C>T,T,C,C,T[C>T]C,TpC (APOBEC)
174,ON524475_1,2020,Contemporary,C>T,T,C,C,T[C>T]C,TpC (APOBEC)
174,ON524476_1,2020,Contemporary,C>T,T,C,C,T[C>T]C,TpC (APOBEC)
174,ON524477_1,2020,Contemporary,C>T,T,C,C,T[C>T]C,TpC (APOBEC)
174,ON524478_1,2020,Contemporary,C>T,T,C,C,T[C>T]C,TpC (APOBEC)
174,ON524479_1,2020,Contemporary,C>T,T,C,C,T[C>T]C,TpC (APOBEC)
174,ON524480_1,2020,Contemporary,C>T,T,C,C,T[C>T]C,TpC (APOBEC)
174,ON524481_1,2020,Contemporary,C>T,T,C,C,T[C>T]C,TpC (APOBEC)
174,ON524482_1,2020,Contemporary,C>T,T,C,C,T[C>T]C,TpC (APOBEC)
174,ON524483_1,2020,Contemporary,C>T,T,C,C,T[C>T]C,TpC (APOBEC)
174,ON524484_1,2020,Contemporary,C>T,T,C,C,T[C>T]C,TpC (APOBEC)
174,ON524487_1,2020,Contemporary,C>T,T,C,C,T[C>T]C,TpC (APOBEC)
174,ON524488_1,2020,Contemporary,C>T,T,C,C,T[C>T]C,TpC (APOBEC)
174,ON524489_1,2020,Contemporary,C>T,T,C,C,T[C>T]C,TpC (APOBEC)
174,ON524491_1,2020,Contemporary,C>T,T,C,C,T[C>T]C,TpC (APOBEC)
174,ON524492_1,2020,Contemporary,C>T,T,C,C,T[C>T]C,TpC (APOBEC)
174,ON524493_1,2020,Contemporary,C>T,T,C,C,T[C>T]C,TpC (APOBEC)
174,ON524494_1,2020,Contemporary,C>T,T,C,C,T[C>T]C,TpC (APOBEC)
174,ON524496_1,2020,Contemporary,C>T,T,C,C,T[C>T]C,TpC (APOBEC)
174,ON524497_1,2020,Contemporary,C>T,T,C,C,T[C>T]C,TpC (APOBEC)
174,ON524498_1,2020,Contemporary,C>T,T,C,C,T[C>T]C,TpC (APOBEC)
174,ON524499_1,2020,Contemporary,C>T,T,C,C,T[C>T]C,TpC (APOBEC)
174,ON524500_1,2020,Contemporary,C>T,T,C,C,T[C>T]C,TpC (APOBEC)
174,ON524501_1,2020,Contemporary,C>T,T,C,C,T[C>T]C,TpC (APOBEC)
174,ON524502_1,2020,Contemporary,C>T,T,C,C,T[C>T]C,TpC (APOBEC)
174,ON524503_1,2020,Contemporary,C>T,T,C,C,T[C>T]C,TpC (APOBEC)
174,ON524504_1,2020,Contemporary,C>T,T,C,C,T[C>T]C,TpC (APOBEC)
174,ON524506_1,2020,Contemporary,C>T,T,C,C,T[C>T]C,TpC (APOBEC)
174,ON524507_1,2020,Contemporary,C>T,T,C,C,T[C>T]C,TpC (APOBEC)
174,ON524508_1,2020,Contemporary,C>T,T,C,C,T[C>T]C,TpC (APOBEC)
174,ON524509_1,2020,Contemporary,C>T,T,C,C,T[C>T]C,TpC (APOBEC)
174,ON524510_1,2020,Contemporary,C>T,T,C,C,T[C>T]C,TpC (APOBEC)
174,ON524512_1,2020,Contemporary,C>T,T,C,C,T[C>T]C,TpC (APOBEC)
174,ON524514_1,2020,Contemporary,C>T,T,C,C,T[C>T]C,TpC (APOBEC)
174,ON524515_1,2020,Contemporary,C>T,T,C,C,T[C>T]C,TpC (APOBEC)
174,ON524516_1,2020,Contemporary,C>T,T,C,C,T[C>T]C,TpC (APOBEC)
174,ON524517_1,2020,Contemporary,C>T,T,C,C,T[C>T]C,TpC (APOBEC)
174,ON524518_1,2020,Contemporary,C>T,T,C,C,T[C>T]C,TpC (APOBEC)
174,ON524519_1,2020,Contemporary,C>T,T,C,C,T[C>T]C,TpC (APOBEC)
174,ON524520_1,2020,Contemporary,C>T,T,C,C,T[C>T]C,TpC (APOBEC)
174,ON524521_1,2020,Contemporary,C>T,T,C,C,T[C>T]C,TpC (APOBEC)
174,ON524522_1,2020,Contemporary,C>T,T,C,C,T[C>T]C,TpC (APOBEC)
174,ON524524_1,2020,Contemporary,C>T,T,C,C,T[C>T]C,TpC (APOBEC)
174,ON524526_1,2021,Contemporary,C>T,T,C,C,T[C>T]C,TpC (APOBEC)
174,ON524528_1,2021,Contemporary,C>T,T,C,C,T[C>T]C,TpC (APOBEC)
174,ON524529_1,2021,Contemporary,C>T,T,C,C,T[C>T]C,TpC (APOBEC)
174,ON524530_1,2021,Contemporary,C>T,T,C,C,T[C>T]C,TpC (APOBEC)
174,ON524531_1,2021,Contemporary,C>T,T,C,C,T[C>T]C,TpC (APOBEC)
174,ON524532_1,2021,Contemporary,C>T,T,C,C,T[C>T]C,TpC (APOBEC)
174,ON524533_1,2021,Contemporary,C>T,T,C,C,T[C>T]C,TpC (APOBEC)
174,ON524534_1,2021,Contemporary,C>T,T,C,C,T[C>T]C,TpC (APOBEC)
174,ON524535_1,2021,Contemporary,C>T,T,C,C,T[C>T]C,TpC (APOBEC)
174,ON661550_1,2019,Contemporary,C>T,T,C,C,T[C>T]C,TpC (APOBEC)
174,ON661551_1,2021,Contemporary,C>T,T,C,C,T[C>T]C,TpC (APOBEC)
174,ON661552_1,2021,Contemporary,C>T,T,C,C,T[C>T]C,TpC (APOBEC)
174,ON661553_1,2021,Contemporary,C>T,T,C,C,T[C>T]C,TpC (APOBEC)
174,ON661554_1,2021,Contemporary,C>T,T,C,C,T[C>T]C,TpC (APOBEC)
174,ON661555_1,2021,Contemporary,C>T,T,C,C,T[C>T]C,TpC (APOBEC)
174,ON661556_1,2021,Contemporary,C>T,T,C,C,T[C>T]C,TpC (APOBEC)
174,ON661557_1,2021,Contemporary,C>T,T,C,C,T[C>T]C,TpC (APOBEC)
174,ON661558_1,2021,Contemporary,C>T,T,C,C,T[C>T]C,TpC (APOBEC)
174,ON661559_1,2021,Contemporary,C>T,T,C,C,T[C>T]C,TpC (APOBEC)
174,ON911719_1,2006,Historical,C>T,T,C,C,T[C>T]C,TpC (APOBEC)
174,ON911720_1,2016,Historical,C>T,T,C,C,T[C>T]C,TpC (APOBEC)
174,ON911721_1,2014,Historical,C>T,T,C,C,T[C>T]C,TpC (APOBEC)
174,ON911722_1,2006,Historical,C>T,T,C,C,T[C>T]C,TpC (APOBEC)
174,OQ161772_2,2022,Contemporary,C>T,T,C,C,T[C>T]C,TpC (APOBEC)
174,OQ791466_1,2019,Contemporary,C>T,T,C,C,T[C>T]C,TpC (APOBEC)
174,OR031237_1,2018,Contemporary,C>T,T,C,C,T[C>T]C,TpC (APOBEC)
174,OR477188_1,2022,Contemporary,C>T,T,C,C,T[C>T]C,TpC (APOBEC)
174,OR477190_1,2022,Contemporary,C>T,T,C,C,T[C>T]C,TpC (APOBEC)
174,OR477193_1,2022,Contemporary,C>T,T,C,C,T[C>T]C,TpC (APOBEC)
174,OR477194_1,2022,Contemporary,C>T,T,C,C,T[C>T]C,TpC (APOBEC)
174,OR477195_1,2022,Contemporary,C>T,T,C,C,T[C>T]C,TpC (APOBEC)
174,OR477196_1,2022,Contemporary,C>T,T,C,C,T[C>T]C,TpC (APOBEC)
174,OR477197_1,2022,Contemporary,C>T,T,C,C,T[C>T]C,TpC (APOBEC)
174,OR477198_1,2022,Contemporary,C>T,T,C,C,T[C>T]C,TpC (APOBEC)
174,OR477199_1,2022,Contemporary,C>T,T,C,C,T[C>T]C,TpC (APOBEC)
174,OR477200_1,2022,Contemporary,C>T,T,C,C,T[C>T]C,TpC (APOBEC)
174,OR477202_1,2022,Contemporary,C>T,T,C,C,T[C>T]C,TpC (APOBEC)
174,OR606576_2,2023,Contemporary,C>T,T,C,C,T[C>T]C,TpC (APOBEC)
174,PP389036_1,2019,Contemporary,C>T,T,C,C,T[C>T]C,TpC (APOBEC)
174,PP389037_1,2019,Contemporary,C>T,T,C,C,T[C>T]C,TpC (APOBEC)
174,PP389039_1,2019,Contemporary,C>T,T,C,C,T[C>T]C,TpC (APOBEC)
174,PP389040_1,2019,Contemporary,C>T,T,C,C,T[C>T]C,TpC (APOBEC)
174,PP389041_1,2019,Contemporary,C>T,T,C,C,T[C>T]C,TpC (APOBEC)
174,PP389042_1,2019,Contemporary,C>T,T,C,C,T[C>T]C,TpC (APOBEC)
174,PP389044_1,2019,Contemporary,C>T,T,C,C,T[C>T]C,TpC (APOBEC)
174,PP661694_1,2018,Contemporary,C>T,T,C,C,T[C>T]C,TpC (APOBEC)
174,PP661695_1,2019,Contemporary,C>T,T,C,C,T[C>T]C,TpC (APOBEC)
174,PP661696_1,2023,Contemporary,C>T,T,C,C,T[C>T]C,TpC (APOBEC)
174,PP661697_1,2018,Contemporary,C>T,T,C,C,T[C>T]C,TpC (APOBEC)
174,PP661698_1,2021,Contemporary,C>T,T,C,C,T[C>T]C,TpC (APOBEC)
174,PP661699_1,2017,Historical,C>T,T,C,C,T[C>T]C,TpC (APOBEC)
174,PP860039_1,2022,Contemporary,C>T,T,C,C,T[C>T]C,TpC (APOBEC)
174,PQ008999_1,2019,Contemporary,C>T,T,C,C,T[C>T]C,TpC (APOBEC)
174,PQ496830_1,2024,Contemporary,C>T,T,C,C,T[C>T]C,TpC (APOBEC)
204,AB425339_1,1979,Historical,C>T,G,C,T,G[C>T]T,Other
204,AB819869_1,2011,Historical,C>T,G,C,T,G[C>T]T,Other
204,AB819870_1,2012,Historical,C>T,G,C,T,G[C>T]T,Other
204,AB839692_1,2003,Historical,C>T,G,C,T,G[C>T]T,Other
204,AB839693_1,2007,Historical,C>T,G,C,T,G[C>T]T,Other
204,AB839694_1,2007,Historical,C>T,G,C,T,G[C>T]T,Other
204,AB839695_1,2007,Historical,C>T,G,C,T,G[C>T]T,Other
204,AB839696_1,2007,Historical,C>T,G,C,T,G[C>T]T,Other
204,AB839697_1,2007,Historical,C>T,G,C,T,G[C>T]T,Other
204,AB969748_1,2014,Historical,C>T,G,C,T,G[C>T]T,Other
204,HM769724_1,2006,Historical,C>T,G,C,T,G[C>T]T,Other
204,HQ437707_1,2007,Historical,C>T,G,C,T,G[C>T]T,Other
204,KC182587_1,2009,Historical,C>T,G,C,T,G[C>T]T,Other
204,KC182588_1,2009,Historical,C>T,G,C,T,G[C>T]T,Other
204,KC182589_1,2009,Historical,C>T,G,C,T,G[C>T]T,Other
204,KF724023_1,2013,Historical,A>G,G,A,G,G[A>G]G,Other
204,KF773842_1,2013,Historical,C>T,G,C,T,G[C>T]T,Other
204,KJ427799_1,2013,Historical,C>T,G,C,T,G[C>T]T,Other
204,KP177964_1,2007,Historical,C>T,G,C,T,G[C>T]T,Other
204,KP177965_1,2007,Historical,C>T,G,C,T,G[C>T]T,Other
204,KX088647_1,2016,Historical,A>G,G,A,G,G[A>G]G,Other
204,LC035020_1,2014,Historical,C>T,G,C,T,G[C>T]T,Other
204,LC049337_1,2012,Historical,C>T,G,C,T,G[C>T]T,Other
204,LC049338_1,2009,Historical,C>T,G,C,T,G[C>T]T,Other
204,LC049339_1,2006,Historical,C>T,G,C,T,G[C>T]T,Other
204,LC049340_1,2010,Historical,C>T,G,C,T,G[C>T]T,Other
204,LC049341_1,2012,Historical,C>T,G,C,T,G[C>T]T,Other
204,LC049342_1,2012,Historical,C>T,G,C,T,G[C>T]T,Other
204,LC128713_1,2000,Historical,C>T,G,C,T,G[C>T]T,Other
204,LC191189_1,2015,Historical,C>T,G,C,T,G[C>T]T,Other
204,LC373510_1,2014,Historical,C>T,G,C,T,G[C>T]T,Other
204,LC416593_1,2018,Contemporary,C>T,G,C,T,G[C>T]T,Other
204,LC416594_1,2018,Contemporary,C>T,G,C,T,G[C>T]T,Other
204,LC416595_1,2018,Contemporary,C>T,G,C,T,G[C>T]T,Other
204,LC435031_1,2018,Contemporary,C>T,G,C,T,G[C>T]T,Other
204,LC435032_1,2018,Contemporary,C>T,G,C,T,G[C>T]T,Other
204,LC515196_1,2016,Historical,C>T,G,C,T,G[C>T]T,Other
204,LC515197_1,2016,Historical,C>T,G,C,T,G[C>T]T,Other
204,LC515198_1,2016,Historical,C>T,G,C,T,G[C>T]T,Other
204,LC515199_1,2016,Historical,C>T,G,C,T,G[C>T]T,Other
204,LC515200_1,2016,Historical,C>T,G,C,T,G[C>T]T,Other
204,LC515202_1,2016,Historical,C>T,G,C,T,G[C>T]T,Other
204,MG049743_1,2017,Historical,C>T,G,C,T,G[C>T]T,Other
204,MH933766_1,2014,Historical,C>T,G,C,T,G[C>T]T,Other
204,MH933767_1,2014,Historical,C>T,G,C,T,G[C>T]T,Other
204,MH933768_1,2014,Historical,C>T,G,C,T,G[C>T]T,Other
204,MN062164_1,2017,Historical,C>T,G,C,T,G[C>T]T,Other
204,MN062165_1,2018,Contemporary,C>T,G,C,T,G[C>T]T,Other
204,MN062166_1,2018,Contemporary,C>T,G,C,T,G[C>T]T,Other
204,MW405346_1,1998,Historical,C>T,G,C,T,G[C>T]T,Other
204,MW405347_1,2002,Historical,C>T,G,C,T,G[C>T]T,Other
204,MW405348_1,2004,Historical,C>T,G,C,T,G[C>T]T,Other
204,MW405349_1,2014,Historical,C>T,G,C,T,G[C>T]T,Other
204,OK625565_1,2016,Historical,C>T,G,C,T,G[C>T]T,Other
204,OM291913_1,2019,Contemporary,C>T,G,C,T,G[C>T]T,Other
204,OM291914_1,2020,Contemporary,C>T,G,C,T,G[C>T]T,Other
204,OM291915_1,2020,Contemporary,C>T,G,C,T,G[C>T]T,Other
204,OM291916_1,2020,Contemporary,C>T,G,C,T,G[C>T]T,Other
204,OM291917_1,2020,Contemporary,C>T,G,C,T,G[C>T]T,Other
204,OM291918_1,2020,Contemporary,C>T,G,C,T,G[C>T]T,Other
204,ON496631_1,2019,Contemporary,C>T,G,C,T,G[C>T]T,Other
204,ON496632_1,2019,Contemporary,C>T,G,C,T,G[C>T]T,Other
204,ON524415_1,2019,Contemporary,C>T,G,C,T,G[C>T]T,Other
204,ON524416_1,2019,Contemporary,C>T,G,C,T,G[C>T]T,Other
204,ON524417_1,2019,Contemporary,C>T,G,C,T,G[C>T]T,Other
204,ON524419_1,2019,Contemporary,C>T,G,C,T,G[C>T]T,Other
204,ON524420_1,2019,Contemporary,C>T,G,C,T,G[C>T]T,Other
204,ON524421_1,2019,Contemporary,C>T,G,C,T,G[C>T]T,Other
204,ON524422_1,2019,Contemporary,C>T,G,C,T,G[C>T]T,Other
204,ON524424_1,2019,Contemporary,C>T,G,C,T,G[C>T]T,Other
204,ON524425_1,2019,Contemporary,C>T,G,C,T,G[C>T]T,Other
204,ON524427_1,2019,Contemporary,C>T,G,C,T,G[C>T]T,Other
204,ON524428_1,2019,Contemporary,C>T,G,C,T,G[C>T]T,Other
204,ON524431_1,2019,Contemporary,C>T,G,C,T,G[C>T]T,Other
204,ON524435_1,2019,Contemporary,C>T,G,C,T,G[C>T]T,Other
204,ON524439_1,2019,Contemporary,C>T,G,C,T,G[C>T]T,Other
204,ON524443_1,2019,Contemporary,C>T,G,C,T,G[C>T]T,Other
204,ON524458_1,2019,Contemporary,C>T,G,C,T,G[C>T]T,Other
204,ON524459_1,2019,Contemporary,C>T,G,C,T,G[C>T]T,Other
204,ON524473_1,2020,Contemporary,C>T,G,C,T,G[C>T]T,Other
204,ON524519_1,2020,Contemporary,C>T,G,C,T,G[C>T]T,Other
204,ON524522_1,2020,Contemporary,C>T,G,C,T,G[C>T]T,Other
204,ON524534_1,2021,Contemporary,C>T,G,C,T,G[C>T]T,Other
204,ON524535_1,2021,Contemporary,C>T,G,C,T,G[C>T]T,Other
204,ON661550_1,2019,Contemporary,C>T,G,C,T,G[C>T]T,Other
204,ON661551_1,2021,Contemporary,C>T,G,C,T,G[C>T]T,Other
204,ON661552_1,2021,Contemporary,C>T,G,C,T,G[C>T]T,Other
204,ON661553_1,2021,Contemporary,C>T,G,C,T,G[C>T]T,Other
204,ON911719_1,2006,Historical,C>T,G,C,T,G[C>T]T,Other
204,ON911720_1,2016,Historical,C>T,G,C,T,G[C>T]T,Other
204,ON911721_1,2014,Historical,C>T,G,C,T,G[C>T]T,Other
204,ON911722_1,2006,Historical,C>T,G,C,T,G[C>T]T,Other
204,OR031237_1,2018,Contemporary,C>T,G,C,T,G[C>T]T,Other
204,OR606576_2,2023,Contemporary,C>T,G,C,T,G[C>T]T,Other
204,PP389036_1,2019,Contemporary,C>T,G,C,T,G[C>T]T,Other
204,PP389037_1,2019,Contemporary,C>T,G,C,T,G[C>T]T,Other
204,PP389039_1,2019,Contemporary,C>T,G,C,T,G[C>T]T,Other
204,PP389040_1,2019,Contemporary,C>T,G,C,T,G[C>T]T,Other
204,PP389041_1,2019,Contemporary,C>T,G,C,T,G[C>T]T,Other
204,PP389042_1,2019,Contemporary,C>T,G,C,T,G[C>T]T,Other
204,PP389044_1,2019,Contemporary,C>T,G,C,T,G[C>T]T,Other
204,PP661694_1,2018,Contemporary,C>T,G,C,T,G[C>T]T,Other
204,PP661695_1,2019,Contemporary,C>T,G,C,T,G[C>T]T,Other
204,PP661696_1,2023,Contemporary,C>T,G,C,T,G[C>T]T,Other
204,PP661697_1,2018,Contemporary,C>T,G,C,T,G[C>T]T,Other
204,PP661698_1,2021,Contemporary,C>T,G,C,T,G[C>T]T,Other
204,PP661699_1,2017,Historical,C>T,G,C,T,G[C>T]T,Other
204,PQ008999_1,2019,Contemporary,C>T,G,C,T,G[C>T]T,Other
204,PQ496830_1,2024,Contemporary,C>T,G,C,T,G[C>T]T,Other
388,AB425339_1,1979,Historical,G>A,C,G,A,C[G>A]A,GpA (Antisense APOBEC)
388,AB973400_1,2014,Historical,G>A,C,G,A,C[G>A]A,GpA (Antisense APOBEC)
388,KF569906_1,2012,Historical,G>A,C,G,A,C[G>A]A,GpA (Antisense APOBEC)
388,KX035096_1,2013,Historical,G>A,C,G,A,C[G>A]A,GpA (Antisense APOBEC)
388,KX088647_1,2016,Historical,G>A,C,G,A,C[G>A]A,GpA (Antisense APOBEC)
388,KX228694_1,2014,Historical,G>A,C,G,A,C[G>A]A,GpA (Antisense APOBEC)
388,KX523680_1,1988,Historical,G>A,C,G,A,C[G>A]A,GpA (Antisense APOBEC)
388,KY003229_1,2011,Historical,G>A,C,G,A,C[G>A]A,GpA (Antisense APOBEC)
388,LC128713_1,2000,Historical,G>A,C,G,A,C[G>A]A,GpA (Antisense APOBEC)
388,LC515196_1,2016,Historical,G>A,C,G,A,C[G>A]A,GpA (Antisense APOBEC)
388,LC515197_1,2016,Historical,G>A,C,G,A,C[G>A]A,GpA (Antisense APOBEC)
388,LC515198_1,2016,Historical,G>A,C,G,A,C[G>A]A,GpA (Antisense APOBEC)
388,LC515199_1,2016,Historical,G>A,C,G,A,C[G>A]A,GpA (Antisense APOBEC)
388,LC515200_1,2016,Historical,G>A,C,G,A,C[G>A]A,GpA (Antisense APOBEC)
388,LC515201_1,2016,Historical,G>A,C,G,A,C[G>A]A,GpA (Antisense APOBEC)
388,LC515202_1,2016,Historical,G>A,C,G,A,C[G>A]A,GpA (Antisense APOBEC)
388,MF621614_1,2016,Historical,G>A,C,G,A,C[G>A]A,GpA (Antisense APOBEC)
388,MH577308_1,2017,Historical,G>A,C,G,A,C[G>A]A,GpA (Antisense APOBEC)
388,MH577309_1,2017,Historical,G>A,C,G,A,C[G>A]A,GpA (Antisense APOBEC)
388,MH577310_1,2017,Historical,G>A,C,G,A,C[G>A]A,GpA (Antisense APOBEC)
388,MH577311_1,2018,Contemporary,G>A,C,G,A,C[G>A]A,GpA (Antisense APOBEC)
388,MH577312_1,2017,Historical,G>A,C,G,A,C[G>A]A,GpA (Antisense APOBEC)
388,MH577313_1,2017,Historical,G>A,C,G,A,C[G>A]A,GpA (Antisense APOBEC)
388,MH577314_1,2018,Contemporary,G>A,C,G,A,C[G>A]A,GpA (Antisense APOBEC)
388,MH685714_1,2013,Historical,G>A,C,G,A,C[G>A]A,GpA (Antisense APOBEC)
388,MH933766_1,2014,Historical,G>A,C,G,A,C[G>A]A,GpA (Antisense APOBEC)
388,MH933768_1,2014,Historical,G>A,C,G,A,C[G>A]A,GpA (Antisense APOBEC)
388,MK829707_1,2013,Historical,G>A,C,G,A,C[G>A]A,GpA (Antisense APOBEC)
388,MN746031_1,2018,Contemporary,G>A,C,G,A,C[G>A]A,GpA (Antisense APOBEC)
388,MN746032_1,2018,Contemporary,G>A,C,G,A,C[G>A]A,GpA (Antisense APOBEC)
388,MN832785_1,2018,Contemporary,G>A,C,G,A,C[G>A]A,GpA (Antisense APOBEC)
388,MT181522_1,2019,Contemporary,G>A,C,G,A,C[G>A]A,GpA (Antisense APOBEC)
388,ON496633_1,2019,Contemporary,G>A,C,G,A,C[G>A]A,GpA (Antisense APOBEC)
388,ON524423_1,2019,Contemporary,G>A,C,G,A,C[G>A]A,GpA (Antisense APOBEC)
388,ON524426_1,2019,Contemporary,G>A,C,G,A,C[G>A]A,GpA (Antisense APOBEC)
388,ON524429_1,2019,Contemporary,G>A,C,G,A,C[G>A]A,GpA (Antisense APOBEC)
388,ON524430_1,2019,Contemporary,G>A,C,G,A,C[G>A]A,GpA (Antisense APOBEC)
388,ON524432_1,2019,Contemporary,G>A,C,G,A,C[G>A]A,GpA (Antisense APOBEC)
388,ON524433_1,2019,Contemporary,G>A,C,G,A,C[G>A]A,GpA (Antisense APOBEC)
388,ON524434_1,2019,Contemporary,G>A,C,G,A,C[G>A]A,GpA (Antisense APOBEC)
388,ON524436_1,2019,Contemporary,G>A,C,G,A,C[G>A]A,GpA (Antisense APOBEC)
388,ON524437_1,2019,Contemporary,G>A,C,G,A,C[G>A]A,GpA (Antisense APOBEC)
388,ON524438_1,2019,Contemporary,G>A,C,G,A,C[G>A]A,GpA (Antisense APOBEC)
388,ON524440_1,2019,Contemporary,G>A,C,G,A,C[G>A]A,GpA (Antisense APOBEC)
388,ON524441_1,2019,Contemporary,G>A,C,G,A,C[G>A]A,GpA (Antisense APOBEC)
388,ON524442_1,2019,Contemporary,G>A,C,G,A,C[G>A]A,GpA (Antisense APOBEC)
388,ON524444_1,2019,Contemporary,G>A,C,G,A,C[G>A]A,GpA (Antisense APOBEC)
388,ON524445_1,2019,Contemporary,G>A,C,G,A,C[G>A]A,GpA (Antisense APOBEC)
388,ON524446_1,2019,Contemporary,G>A,C,G,A,C[G>A]A,GpA (Antisense APOBEC)
388,ON524448_1,2019,Contemporary,G>A,C,G,A,C[G>A]A,GpA (Antisense APOBEC)
388,ON524449_1,2019,Contemporary,G>A,C,G,A,C[G>A]A,GpA (Antisense APOBEC)
388,ON524450_1,2019,Contemporary,G>A,C,G,A,C[G>A]A,GpA (Antisense APOBEC)
388,ON524451_1,2019,Contemporary,G>A,C,G,A,C[G>A]A,GpA (Antisense APOBEC)
388,ON524452_1,2019,Contemporary,G>A,C,G,A,C[G>A]A,GpA (Antisense APOBEC)
388,ON524453_1,2019,Contemporary,G>A,C,G,A,C[G>A]A,GpA (Antisense APOBEC)
388,ON524455_1,2019,Contemporary,G>A,C,G,A,C[G>A]A,GpA (Antisense APOBEC)
388,ON524456_1,2019,Contemporary,G>A,C,G,A,C[G>A]A,GpA (Antisense APOBEC)
388,ON524457_1,2019,Contemporary,G>A,C,G,A,C[G>A]A,GpA (Antisense APOBEC)
388,ON524460_1,2019,Contemporary,G>A,C,G,A,C[G>A]A,GpA (Antisense APOBEC)
388,ON524461_1,2019,Contemporary,G>A,C,G,A,C[G>A]A,GpA (Antisense APOBEC)
388,ON524462_1,2019,Contemporary,G>A,C,G,A,C[G>A]A,GpA (Antisense APOBEC)
388,ON524463_1,2019,Contemporary,G>A,C,G,A,C[G>A]A,GpA (Antisense APOBEC)
388,ON524464_1,2019,Contemporary,G>A,C,G,A,C[G>A]A,GpA (Antisense APOBEC)
388,ON524465_1,2020,Contemporary,G>A,C,G,A,C[G>A]A,GpA (Antisense APOBEC)
388,ON524466_1,2020,Contemporary,G>A,C,G,A,C[G>A]A,GpA (Antisense APOBEC)
388,ON524467_1,2020,Contemporary,G>A,C,G,A,C[G>A]A,GpA (Antisense APOBEC)
388,ON524468_1,2020,Contemporary,G>A,C,G,A,C[G>A]A,GpA (Antisense APOBEC)
388,ON524469_1,2020,Contemporary,G>A,C,G,A,C[G>A]A,GpA (Antisense APOBEC)
388,ON524470_1,2020,Contemporary,G>A,C,G,A,C[G>A]A,GpA (Antisense APOBEC)
388,ON524471_1,2020,Contemporary,G>A,C,G,A,C[G>A]A,GpA (Antisense APOBEC)
388,ON524472_1,2020,Contemporary,G>A,C,G,A,C[G>A]A,GpA (Antisense APOBEC)
388,ON524474_1,2020,Contemporary,G>A,C,G,A,C[G>A]A,GpA (Antisense APOBEC)
388,ON524475_1,2020,Contemporary,G>A,C,G,A,C[G>A]A,GpA (Antisense APOBEC)
388,ON524476_1,2020,Contemporary,G>A,C,G,A,C[G>A]A,GpA (Antisense APOBEC)
388,ON524477_1,2020,Contemporary,G>A,C,G,A,C[G>A]A,GpA (Antisense APOBEC)
388,ON524478_1,2020,Contemporary,G>A,C,G,A,C[G>A]A,GpA (Antisense APOBEC)
388,ON524479_1,2020,Contemporary,G>A,C,G,A,C[G>A]A,GpA (Antisense APOBEC)
388,ON524480_1,2020,Contemporary,G>A,C,G,A,C[G>A]A,GpA (Antisense APOBEC)
388,ON524481_1,2020,Contemporary,G>A,C,G,A,C[G>A]A,GpA (Antisense APOBEC)
388,ON524482_1,2020,Contemporary,G>A,C,G,A,C[G>A]A,GpA (Antisense APOBEC)
388,ON524483_1,2020,Contemporary,G>A,C,G,A,C[G>A]A,GpA (Antisense APOBEC)
388,ON524484_1,2020,Contemporary,G>A,C,G,A,C[G>A]A,GpA (Antisense APOBEC)
388,ON524487_1,2020,Contemporary,G>A,C,G,A,C[G>A]A,GpA (Antisense APOBEC)
388,ON524488_1,2020,Contemporary,G>A,C,G,A,C[G>A]A,GpA (Antisense APOBEC)
388,ON524489_1,2020,Contemporary,G>A,C,G,A,C[G>A]A,GpA (Antisense APOBEC)
388,ON524491_1,2020,Contemporary,G>A,C,G,A,C[G>A]A,GpA (Antisense APOBEC)
388,ON524492_1,2020,Contemporary,G>A,C,G,A,C[G>A]A,GpA (Antisense APOBEC)
388,ON524493_1,2020,Contemporary,G>A,C,G,A,C[G>A]A,GpA (Antisense APOBEC)
388,ON524494_1,2020,Contemporary,G>A,C,G,A,C[G>A]A,GpA (Antisense APOBEC)
388,ON524496_1,2020,Contemporary,G>A,C,G,A,C[G>A]A,GpA (Antisense APOBEC)
388,ON524497_1,2020,Contemporary,G>A,C,G,A,C[G>A]A,GpA (Antisense APOBEC)
388,ON524498_1,2020,Contemporary,G>A,C,G,A,C[G>A]A,GpA (Antisense APOBEC)
388,ON524499_1,2020,Contemporary,G>A,C,G,A,C[G>A]A,GpA (Antisense APOBEC)
388,ON524500_1,2020,Contemporary,G>A,C,G,A,C[G>A]A,GpA (Antisense APOBEC)
388,ON524501_1,2020,Contemporary,G>A,C,G,A,C[G>A]A,GpA (Antisense APOBEC)
388,ON524502_1,2020,Contemporary,G>A,C,G,A,C[G>A]A,GpA (Antisense APOBEC)
388,ON524503_1,2020,Contemporary,G>A,C,G,A,C[G>A]A,GpA (Antisense APOBEC)
388,ON524504_1,2020,Contemporary,G>A,C,G,A,C[G>A]A,GpA (Antisense APOBEC)
388,ON524506_1,2020,Contemporary,G>A,C,G,A,C[G>A]A,GpA (Antisense APOBEC)
388,ON524507_1,2020,Contemporary,G>A,C,G,A,C[G>A]A,GpA (Antisense APOBEC)
388,ON524508_1,2020,Contemporary,G>A,C,G,A,C[G>A]A,GpA (Antisense APOBEC)
388,ON524509_1,2020,Contemporary,G>A,C,G,A,C[G>A]A,GpA (Antisense APOBEC)
388,ON524510_1,2020,Contemporary,G>A,C,G,A,C[G>A]A,GpA (Antisense APOBEC)
388,ON524512_1,2020,Contemporary,G>A,C,G,A,C[G>A]A,GpA (Antisense APOBEC)
388,ON524514_1,2020,Contemporary,G>A,C,G,A,C[G>A]A,GpA (Antisense APOBEC)
388,ON524515_1,2020,Contemporary,G>A,C,G,A,C[G>A]A,GpA (Antisense APOBEC)
388,ON524516_1,2020,Contemporary,G>A,C,G,A,C[G>A]A,GpA (Antisense APOBEC)
388,ON524517_1,2020,Contemporary,G>A,C,G,A,C[G>A]A,GpA (Antisense APOBEC)
388,ON524518_1,2020,Contemporary,G>A,C,G,A,C[G>A]A,GpA (Antisense APOBEC)
388,ON524520_1,2020,Contemporary,G>A,C,G,A,C[G>A]A,GpA (Antisense APOBEC)
388,ON524521_1,2020,Contemporary,G>A,C,G,A,C[G>A]A,GpA (Antisense APOBEC)
388,ON524524_1,2020,Contemporary,G>A,C,G,A,C[G>A]A,GpA (Antisense APOBEC)
388,ON524526_1,2021,Contemporary,G>A,C,G,A,C[G>A]A,GpA (Antisense APOBEC)
388,ON524528_1,2021,Contemporary,G>A,C,G,A,C[G>A]A,GpA (Antisense APOBEC)
388,ON524529_1,2021,Contemporary,G>A,C,G,A,C[G>A]A,GpA (Antisense APOBEC)
388,ON524530_1,2021,Contemporary,G>A,C,G,A,C[G>A]A,GpA (Antisense APOBEC)
388,ON524531_1,2021,Contemporary,G>A,C,G,A,C[G>A]A,GpA (Antisense APOBEC)
388,ON524532_1,2021,Contemporary,G>A,C,G,A,C[G>A]A,GpA (Antisense APOBEC)
388,ON524533_1,2021,Contemporary,G>A,C,G,A,C[G>A]A,GpA (Antisense APOBEC)
388,ON661554_1,2021,Contemporary,G>A,C,G,A,C[G>A]A,GpA (Antisense APOBEC)
388,ON661555_1,2021,Contemporary,G>A,C,G,A,C[G>A]A,GpA (Antisense APOBEC)
388,ON661556_1,2021,Contemporary,G>A,C,G,A,C[G>A]A,GpA (Antisense APOBEC)
388,ON661557_1,2021,Contemporary,G>A,C,G,A,C[G>A]A,GpA (Antisense APOBEC)
388,ON661558_1,2021,Contemporary,G>A,C,G,A,C[G>A]A,GpA (Antisense APOBEC)
388,ON661559_1,2021,Contemporary,G>A,C,G,A,C[G>A]A,GpA (Antisense APOBEC)
388,OQ077984_1,2012,Historical,G>A,C,G,A,C[G>A]A,GpA (Antisense APOBEC)
388,OQ077985_1,2012,Historical,G>A,C,G,A,C[G>A]A,GpA (Antisense APOBEC)
388,OQ077995_1,2012,Historical,G>A,C,G,A,C[G>A]A,GpA (Antisense APOBEC)
388,OQ077996_1,2012,Historical,G>A,C,G,A,C[G>A]A,GpA (Antisense APOBEC)
388,OQ161772_2,2022,Contemporary,G>A,C,G,A,C[G>A]A,GpA (Antisense APOBEC)
388,OR477188_1,2022,Contemporary,G>A,C,G,A,C[G>A]A,GpA (Antisense APOBEC)
388,OR477190_1,2022,Contemporary,G>A,C,G,A,C[G>A]A,GpA (Antisense APOBEC)
388,OR477193_1,2022,Contemporary,G>A,C,G,A,C[G>A]A,GpA (Antisense APOBEC)
388,OR477194_1,2022,Contemporary,G>A,C,G,A,C[G>A]A,GpA (Antisense APOBEC)
388,OR477195_1,2022,Contemporary,G>A,C,G,A,C[G>A]A,GpA (Antisense APOBEC)
388,OR477196_1,2022,Contemporary,G>A,C,G,A,C[G>A]A,GpA (Antisense APOBEC)
388,OR477197_1,2022,Contemporary,G>A,C,G,A,C[G>A]A,GpA (Antisense APOBEC)
388,OR477198_1,2022,Contemporary,G>A,C,G,A,C[G>A]A,GpA (Antisense APOBEC)
388,OR477199_1,2022,Contemporary,G>A,C,G,A,C[G>A]A,GpA (Antisense APOBEC)
388,OR477200_1,2022,Contemporary,G>A,C,G,A,C[G>A]A,GpA (Antisense APOBEC)
388,OR477202_1,2022,Contemporary,G>A,C,G,A,C[G>A]A,GpA (Antisense APOBEC)
388,OR606575_1,2023,Contemporary,G>A,C,G,A,C[G>A]A,GpA (Antisense APOBEC)
388,PP860039_1,2022,Contemporary,G>A,C,G,A,C[G>A]A,GpA (Antisense APOBEC)
388,PQ008999_1,2019,Contemporary,G>A,C,G,A,C[G>A]A,GpA (Antisense APOBEC)
439,KF724020_1,2013,Historical,A>G,T,A,-,T[A>G]-,TpA/ApA (ADAR)
439,KF724021_1,2013,Historical,A>G,T,A,-,T[A>G]-,TpA/ApA (ADAR)
439,KF724022_1,2013,Historical,A>G,T,A,-,T[A>G]-,TpA/ApA (ADAR)
439,ON524460_1,2019,Contemporary,A>G,T,A,-,T[A>G]-,TpA/ApA (ADAR)
569,AB909123_1,2011,Historical,T>C,T,T,C,T[T>C]C,Other
569,KF569906_1,2012,Historical,T>C,G,T,T,G[T>C]T,Other
569,OR606576_2,2023,Contemporary,T>C,T,T,C,T[T>C]C,Other
569,PQ496830_1,2024,Contemporary,T>C,T,T,C,T[T>C]C,Other
576,KF724019_1,2013,Historical,A>G,T,A,T,T[A>G]T,TpA/ApA (ADAR)
576,KF724023_1,2013,Historical,A>G,T,A,T,T[A>G]T,TpA/ApA (ADAR)
576,MT181522_1,2019,Contemporary,A>G,T,A,T,T[A>G]T,TpA/ApA (ADAR)
594,AB973400_1,2014,Historical,A>G,C,A,G,C[A>G]G,Other
594,KF724021_1,2013,Historical,T>C,T,T,C,T[T>C]C,Other
594,KF724022_1,2013,Historical,T>C,T,T,C,T[T>C]C,Other
594,MN062164_1,2017,Historical,A>G,C,A,G,C[A>G]G,Other
594,ON496631_1,2019,Contemporary,A>G,C,A,G,C[A>G]G,Other
594,ON524415_1,2019,Contemporary,A>G,C,A,G,C[A>G]G,Other
594,OR606575_1,2023,Contemporary,A>G,C,A,G,C[A>G]G,Other
636,AB425339_1,1979,Historical,C>T,T,C,T,T[C>T]T,TpC (APOBEC)
636,AB618529_1,2010,Historical,C>T,T,C,T,T[C>T]T,TpC (APOBEC)
636,AB618531_1,1999,Historical,C>T,T,C,T,T[C>T]T,TpC (APOBEC)
636,AB793725_1,2012,Historical,C>T,T,C,T,T[C>T]T,TpC (APOBEC)
636,AB793726_1,2012,Historical,C>T,T,C,T,T[C>T]T,TpC (APOBEC)
636,AB819869_1,2011,Historical,C>T,T,C,T,T[C>T]T,TpC (APOBEC)
636,AB819870_1,2012,Historical,C>T,T,C,T,T[C>T]T,TpC (APOBEC)
636,AB839692_1,2003,Historical,C>T,T,C,T,T[C>T]T,TpC (APOBEC)
636,AB839693_1,2007,Historical,C>T,T,C,T,T[C>T]T,TpC (APOBEC)
636,AB839694_1,2007,Historical,C>T,T,C,T,T[C>T]T,TpC (APOBEC)
636,AB839695_1,2007,Historical,C>T,T,C,T,T[C>T]T,TpC (APOBEC)
636,AB839696_1,2007,Historical,C>T,T,C,T,T[C>T]T,TpC (APOBEC)
636,AB839697_1,2007,Historical,C>T,T,C,T,T[C>T]T,TpC (APOBEC)
636,AB909123_1,2011,Historical,C>T,T,C,T,T[C>T]T,TpC (APOBEC)
636,AB969748_1,2014,Historical,C>T,T,C,T,T[C>T]T,TpC (APOBEC)
636,AB973400_1,2014,Historical,C>T,T,C,T,T[C>T]T,TpC (APOBEC)
636,AB973401_1,2010,Historical,C>T,T,C,T,T[C>T]T,TpC (APOBEC)
636,HM769724_1,2006,Historical,C>T,T,C,T,T[C>T]T,TpC (APOBEC)
636,HQ437707_1,2007,Historical,C>T,T,C,T,T[C>T]T,TpC (APOBEC)
636,KC182587_1,2009,Historical,C>T,T,C,T,T[C>T]T,TpC (APOBEC)
636,KC182588_1,2009,Historical,C>T,T,C,T,T[C>T]T,TpC (APOBEC)
636,KC182589_1,2009,Historical,C>T,T,C,T,T[C>T]T,TpC (APOBEC)
636,KF724019_1,2013,Historical,A>G,C,A,T,C[A>G]T,Other
636,KF724020_1,2013,Historical,A>G,C,A,T,C[A>G]T,Other
636,KF724021_1,2013,Historical,A>G,C,A,T,C[A>G]T,Other
636,KF724022_1,2013,Historical,A>G,C,A,T,C[A>G]T,Other
636,KF724023_1,2013,Historical,A>G,C,A,T,C[A>G]T,Other
636,KF773842_1,2013,Historical,C>T,T,C,T,T[C>T]T,TpC (APOBEC)
636,KJ427799_1,2013,Historical,C>T,T,C,T,T[C>T]T,TpC (APOBEC)
636,KP177964_1,2007,Historical,C>T,T,C,T,T[C>T]T,TpC (APOBEC)
636,KP177965_1,2007,Historical,C>T,T,C,T,T[C>T]T,TpC (APOBEC)
636,KX228694_1,2014,Historical,C>T,T,C,T,T[C>T]T,TpC (APOBEC)
636,KY003229_1,2011,Historical,C>T,T,C,T,T[C>T]T,TpC (APOBEC)
636,LC035020_1,2014,Historical,C>T,T,C,T,T[C>T]T,TpC (APOBEC)
636,LC049337_1,2012,Historical,C>T,T,C,T,T[C>T]T,TpC (APOBEC)
636,LC049338_1,2009,Historical,C>T,T,C,T,T[C>T]T,TpC (APOBEC)
636,LC049339_1,2006,Historical,C>T,T,C,T,T[C>T]T,TpC (APOBEC)
636,LC049340_1,2010,Historical,C>T,T,C,T,T[C>T]T,TpC (APOBEC)
636,LC049341_1,2012,Historical,C>T,T,C,T,T[C>T]T,TpC (APOBEC)
636,LC049342_1,2012,Historical,C>T,T,C,T,T[C>T]T,TpC (APOBEC)
636,LC128713_1,2000,Historical,C>T,T,C,T,T[C>T]T,TpC (APOBEC)
636,LC191189_1,2015,Historical,C>T,T,C,T,T[C>T]T,TpC (APOBEC)
636,LC373510_1,2014,Historical,C>T,T,C,T,T[C>T]T,TpC (APOBEC)
636,LC416593_1,2018,Contemporary,C>T,T,C,T,T[C>T]T,TpC (APOBEC)
636,LC416594_1,2018,Contemporary,C>T,T,C,T,T[C>T]T,TpC (APOBEC)
636,LC416595_1,2018,Contemporary,C>T,T,C,T,T[C>T]T,TpC (APOBEC)
636,LC435031_1,2018,Contemporary,C>T,T,C,T,T[C>T]T,TpC (APOBEC)
636,LC435032_1,2018,Contemporary,C>T,T,C,T,T[C>T]T,TpC (APOBEC)
636,LC515196_1,2016,Historical,C>T,T,C,T,T[C>T]T,TpC (APOBEC)
636,LC515197_1,2016,Historical,C>T,T,C,T,T[C>T]T,TpC (APOBEC)
636,LC515198_1,2016,Historical,C>T,T,C,T,T[C>T]T,TpC (APOBEC)
636,LC515199_1,2016,Historical,C>T,T,C,T,T[C>T]T,TpC (APOBEC)
636,LC515200_1,2016,Historical,C>T,T,C,T,T[C>T]T,TpC (APOBEC)
636,LC515201_1,2016,Historical,C>T,T,C,T,T[C>T]T,TpC (APOBEC)
636,LC515202_1,2016,Historical,C>T,T,C,T,T[C>T]T,TpC (APOBEC)
636,MF621614_1,2016,Historical,C>T,T,C,T,T[C>T]T,TpC (APOBEC)
636,MG049743_1,2017,Historical,C>T,T,C,T,T[C>T]T,TpC (APOBEC)
636,MH577308_1,2017,Historical,C>T,T,C,T,T[C>T]T,TpC (APOBEC)
636,MH577309_1,2017,Historical,C>T,T,C,T,T[C>T]T,TpC (APOBEC)
636,MH577310_1,2017,Historical,C>T,T,C,T,T[C>T]T,TpC (APOBEC)
636,MH577311_1,2018,Contemporary,C>T,T,C,T,T[C>T]T,TpC (APOBEC)
636,MH577312_1,2017,Historical,C>T,T,C,T,T[C>T]T,TpC (APOBEC)
636,MH577313_1,2017,Historical,C>T,T,C,T,T[C>T]T,TpC (APOBEC)
636,MH577314_1,2018,Contemporary,C>T,T,C,T,T[C>T]T,TpC (APOBEC)
636,MH685714_1,2013,Historical,C>T,T,C,T,T[C>T]T,TpC (APOBEC)
636,MH933766_1,2014,Historical,C>T,T,C,T,T[C>T]T,TpC (APOBEC)
636,MH933767_1,2014,Historical,C>T,T,C,T,T[C>T]T,TpC (APOBEC)
636,MH933768_1,2014,Historical,C>T,T,C,T,T[C>T]T,TpC (APOBEC)
636,MN062164_1,2017,Historical,C>T,T,C,T,T[C>T]T,TpC (APOBEC)
636,MN062165_1,2018,Contemporary,C>T,T,C,T,T[C>T]T,TpC (APOBEC)
636,MN062166_1,2018,Contemporary,C>T,T,C,T,T[C>T]T,TpC (APOBEC)
636,MN746031_1,2018,Contemporary,C>T,T,C,T,T[C>T]T,TpC (APOBEC)
636,MN746032_1,2018,Contemporary,C>T,T,C,T,T[C>T]T,TpC (APOBEC)
636,MN832785_1,2018,Contemporary,C>T,T,C,T,T[C>T]T,TpC (APOBEC)
636,MN832786_1,2018,Contemporary,C>T,T,C,T,T[C>T]T,TpC (APOBEC)
636,MW405346_1,1998,Historical,C>T,T,C,T,T[C>T]T,TpC (APOBEC)
636,MW405347_1,2002,Historical,C>T,T,C,T,T[C>T]T,TpC (APOBEC)
636,MW405348_1,2004,Historical,C>T,T,C,T,T[C>T]T,TpC (APOBEC)
636,MW405349_1,2014,Historical,C>T,T,C,T,T[C>T]T,TpC (APOBEC)
636,OK625565_1,2016,Historical,C>T,T,C,T,T[C>T]T,TpC (APOBEC)
636,OM291913_1,2019,Contemporary,C>T,T,C,T,T[C>T]T,TpC (APOBEC)
636,OM291914_1,2020,Contemporary,C>T,T,C,T,T[C>T]T,TpC (APOBEC)
636,OM291915_1,2020,Contemporary,C>T,T,C,T,T[C>T]T,TpC (APOBEC)
636,OM291916_1,2020,Contemporary,C>T,T,C,T,T[C>T]T,TpC (APOBEC)
636,OM291917_1,2020,Contemporary,C>T,T,C,T,T[C>T]T,TpC (APOBEC)
636,OM291918_1,2020,Contemporary,C>T,T,C,T,T[C>T]T,TpC (APOBEC)
636,ON496631_1,2019,Contemporary,C>T,T,C,T,T[C>T]T,TpC (APOBEC)
636,ON496632_1,2019,Contemporary,C>T,T,C,T,T[C>T]T,TpC (APOBEC)
636,ON524415_1,2019,Contemporary,C>T,T,C,T,T[C>T]T,TpC (APOBEC)
636,ON524416_1,2019,Contemporary,C>T,T,C,T,T[C>T]T,TpC (APOBEC)
636,ON524417_1,2019,Contemporary,C>T,T,C,T,T[C>T]T,TpC (APOBEC)
636,ON524419_1,2019,Contemporary,C>T,T,C,T,T[C>T]T,TpC (APOBEC)
636,ON524420_1,2019,Contemporary,C>T,T,C,T,T[C>T]T,TpC (APOBEC)
636,ON524421_1,2019,Contemporary,C>T,T,C,T,T[C>T]T,TpC (APOBEC)
636,ON524422_1,2019,Contemporary,C>T,T,C,T,T[C>T]T,TpC (APOBEC)
636,ON524424_1,2019,Contemporary,C>T,T,C,T,T[C>T]T,TpC (APOBEC)
636,ON524425_1,2019,Contemporary,C>T,T,C,T,T[C>T]T,TpC (APOBEC)
636,ON524426_1,2019,Contemporary,C>T,T,C,T,T[C>T]T,TpC (APOBEC)
636,ON524427_1,2019,Contemporary,C>T,T,C,T,T[C>T]T,TpC (APOBEC)
636,ON524428_1,2019,Contemporary,C>T,T,C,T,T[C>T]T,TpC (APOBEC)
636,ON524429_1,2019,Contemporary,C>T,T,C,T,T[C>T]T,TpC (APOBEC)
636,ON524430_1,2019,Contemporary,C>T,T,C,T,T[C>T]T,TpC (APOBEC)
636,ON524431_1,2019,Contemporary,C>T,T,C,T,T[C>T]T,TpC (APOBEC)
636,ON524433_1,2019,Contemporary,C>T,T,C,T,T[C>T]T,TpC (APOBEC)
636,ON524434_1,2019,Contemporary,C>T,T,C,T,T[C>T]T,TpC (APOBEC)
636,ON524435_1,2019,Contemporary,C>T,T,C,T,T[C>T]T,TpC (APOBEC)
636,ON524437_1,2019,Contemporary,C>T,T,C,T,T[C>T]T,TpC (APOBEC)
636,ON524439_1,2019,Contemporary,C>T,T,C,T,T[C>T]T,TpC (APOBEC)
636,ON524441_1,2019,Contemporary,C>T,T,C,T,T[C>T]T,TpC (APOBEC)
636,ON524443_1,2019,Contemporary,C>T,T,C,T,T[C>T]T,TpC (APOBEC)
636,ON524452_1,2019,Contemporary,C>T,T,C,T,T[C>T]T,TpC (APOBEC)
636,ON524453_1,2019,Contemporary,C>T,T,C,T,T[C>T]T,TpC (APOBEC)
636,ON524455_1,2019,Contemporary,C>T,T,C,T,T[C>T]T,TpC (APOBEC)
636,ON524456_1,2019,Contemporary,C>T,T,C,T,T[C>T]T,TpC (APOBEC)
636,ON524458_1,2019,Contemporary,C>T,T,C,T,T[C>T]T,TpC (APOBEC)
636,ON524459_1,2019,Contemporary,C>T,T,C,T,T[C>T]T,TpC (APOBEC)
636,ON524460_1,2019,Contemporary,C>T,T,C,T,T[C>T]T,TpC (APOBEC)
636,ON524461_1,2019,Contemporary,C>T,T,C,T,T[C>T]T,TpC (APOBEC)
636,ON524463_1,2019,Contemporary,C>T,T,C,T,T[C>T]T,TpC (APOBEC)
636,ON524466_1,2020,Contemporary,C>T,T,C,T,T[C>T]T,TpC (APOBEC)
636,ON524470_1,2020,Contemporary,C>T,T,C,T,T[C>T]T,TpC (APOBEC)
636,ON524472_1,2020,Contemporary,C>T,T,C,T,T[C>T]T,TpC (APOBEC)
636,ON524473_1,2020,Contemporary,C>T,T,C,T,T[C>T]T,TpC (APOBEC)
636,ON524475_1,2020,Contemporary,C>T,T,C,T,T[C>T]T,TpC (APOBEC)
636,ON524476_1,2020,Contemporary,C>T,T,C,T,T[C>T]T,TpC (APOBEC)
636,ON524477_1,2020,Contemporary,C>T,T,C,T,T[C>T]T,TpC (APOBEC)
636,ON524479_1,2020,Contemporary,C>T,T,C,T,T[C>T]T,TpC (APOBEC)
636,ON524480_1,2020,Contemporary,C>T,T,C,T,T[C>T]T,TpC (APOBEC)
636,ON524481_1,2020,Contemporary,C>T,T,C,T,T[C>T]T,TpC (APOBEC)
636,ON524483_1,2020,Contemporary,C>T,T,C,T,T[C>T]T,TpC (APOBEC)
636,ON524487_1,2020,Contemporary,C>T,T,C,T,T[C>T]T,TpC (APOBEC)
636,ON524488_1,2020,Contemporary,C>T,T,C,T,T[C>T]T,TpC (APOBEC)
636,ON524489_1,2020,Contemporary,C>T,T,C,T,T[C>T]T,TpC (APOBEC)
636,ON524491_1,2020,Contemporary,C>T,T,C,T,T[C>T]T,TpC (APOBEC)
636,ON524493_1,2020,Contemporary,C>T,T,C,T,T[C>T]T,TpC (APOBEC)
636,ON524499_1,2020,Contemporary,C>T,T,C,T,T[C>T]T,TpC (APOBEC)
636,ON524504_1,2020,Contemporary,C>T,T,C,T,T[C>T]T,TpC (APOBEC)
636,ON524506_1,2020,Contemporary,C>T,T,C,T,T[C>T]T,TpC (APOBEC)
636,ON524508_1,2020,Contemporary,C>T,T,C,T,T[C>T]T,TpC (APOBEC)
636,ON524512_1,2020,Contemporary,C>T,T,C,T,T[C>T]T,TpC (APOBEC)
636,ON524519_1,2020,Contemporary,C>T,T,C,T,T[C>T]T,TpC (APOBEC)
636,ON524521_1,2020,Contemporary,C>T,T,C,T,T[C>T]T,TpC (APOBEC)
636,ON524522_1,2020,Contemporary,C>T,T,C,T,T[C>T]T,TpC (APOBEC)
636,ON524532_1,2021,Contemporary,C>T,T,C,T,T[C>T]T,TpC (APOBEC)
636,ON524534_1,2021,Contemporary,C>T,T,C,T,T[C>T]T,TpC (APOBEC)
636,ON524535_1,2021,Contemporary,C>T,T,C,T,T[C>T]T,TpC (APOBEC)
636,ON661550_1,2019,Contemporary,C>T,T,C,T,T[C>T]T,TpC (APOBEC)
636,ON661551_1,2021,Contemporary,C>T,T,C,T,T[C>T]T,TpC (APOBEC)
636,ON661552_1,2021,Contemporary,C>T,T,C,T,T[C>T]T,TpC (APOBEC)
636,ON661553_1,2021,Contemporary,C>T,T,C,T,T[C>T]T,TpC (APOBEC)
636,ON661555_1,2021,Contemporary,C>T,T,C,T,T[C>T]T,TpC (APOBEC)
636,ON661558_1,2021,Contemporary,C>T,T,C,T,T[C>T]T,TpC (APOBEC)
636,ON661559_1,2021,Contemporary,C>T,T,C,T,T[C>T]T,TpC (APOBEC)
636,ON911719_1,2006,Historical,C>T,T,C,T,T[C>T]T,TpC (APOBEC)
636,ON911720_1,2016,Historical,C>T,T,C,T,T[C>T]T,TpC (APOBEC)
636,ON911721_1,2014,Historical,C>T,T,C,T,T[C>T]T,TpC (APOBEC)
636,ON911722_1,2006,Historical,C>T,T,C,T,T[C>T]T,TpC (APOBEC)
636,OQ077984_1,2012,Historical,C>T,T,C,T,T[C>T]T,TpC (APOBEC)
636,OQ077985_1,2012,Historical,C>T,T,C,T,T[C>T]T,TpC (APOBEC)
636,OQ077995_1,2012,Historical,C>T,T,C,T,T[C>T]T,TpC (APOBEC)
636,OQ077996_1,2012,Historical,C>T,T,C,T,T[C>T]T,TpC (APOBEC)
636,OQ161772_2,2022,Contemporary,C>T,T,C,T,T[C>T]T,TpC (APOBEC)
636,OQ791466_1,2019,Contemporary,C>T,T,C,T,T[C>T]T,TpC (APOBEC)
636,OR031237_1,2018,Contemporary,C>T,T,C,T,T[C>T]T,TpC (APOBEC)
636,OR477188_1,2022,Contemporary,C>T,T,C,T,T[C>T]T,TpC (APOBEC)
636,OR477190_1,2022,Contemporary,C>T,T,C,T,T[C>T]T,TpC (APOBEC)
636,OR477193_1,2022,Contemporary,C>T,T,C,T,T[C>T]T,TpC (APOBEC)
636,OR477194_1,2022,Contemporary,C>T,T,C,T,T[C>T]T,TpC (APOBEC)
636,OR477195_1,2022,Contemporary,C>T,T,C,T,T[C>T]T,TpC (APOBEC)
636,OR477196_1,2022,Contemporary,C>T,T,C,T,T[C>T]T,TpC (APOBEC)
636,OR477197_1,2022,Contemporary,C>T,T,C,T,T[C>T]T,TpC (APOBEC)
636,OR477198_1,2022,Contemporary,C>T,T,C,T,T[C>T]T,TpC (APOBEC)
636,OR477199_1,2022,Contemporary,C>T,T,C,T,T[C>T]T,TpC (APOBEC)
636,OR477200_1,2022,Contemporary,C>T,T,C,T,T[C>T]T,TpC (APOBEC)
636,OR477202_1,2022,Contemporary,C>T,T,C,T,T[C>T]T,TpC (APOBEC)
636,OR606575_1,2023,Contemporary,C>T,T,C,T,T[C>T]T,TpC (APOBEC)
636,OR606576_2,2023,Contemporary,C>T,T,C,T,T[C>T]T,TpC (APOBEC)
636,PP389036_1,2019,Contemporary,C>T,T,C,T,T[C>T]T,TpC (APOBEC)
636,PP389037_1,2019,Contemporary,C>T,T,C,T,T[C>T]T,TpC (APOBEC)
636,PP389039_1,2019,Contemporary,C>T,T,C,T,T[C>T]T,TpC (APOBEC)
636,PP389040_1,2019,Contemporary,C>T,T,C,T,T[C>T]T,TpC (APOBEC)
636,PP389041_1,2019,Contemporary,C>T,T,C,T,T[C>T]T,TpC (APOBEC)
636,PP389042_1,2019,Contemporary,C>T,T,C,T,T[C>T]T,TpC (APOBEC)
636,PP389044_1,2019,Contemporary,C>T,T,C,T,T[C>T]T,TpC (APOBEC)
636,PP661694_1,2018,Contemporary,C>T,T,C,T,T[C>T]T,TpC (APOBEC)
636,PP661695_1,2019,Contemporary,C>T,T,C,T,T[C>T]T,TpC (APOBEC)
636,PP661696_1,2023,Contemporary,C>T,T,C,T,T[C>T]T,TpC (APOBEC)
636,PP661697_1,2018,Contemporary,C>T,T,C,T,T[C>T]T,TpC (APOBEC)
636,PP661698_1,2021,Contemporary,C>T,T,C,T,T[C>T]T,TpC (APOBEC)
636,PP661699_1,2017,Historical,C>T,T,C,T,T[C>T]T,TpC (APOBEC)
636,PP860039_1,2022,Contemporary,C>T,T,C,T,T[C>T]T,TpC (APOBEC)
636,PQ009000_1,2019,Contemporary,C>T,T,C,T,T[C>T]T,TpC (APOBEC)
636,PQ496830_1,2024,Contemporary,C>T,T,C,T,T[C>T]T,TpC (APOBEC)
674,AB618529_1,2010,Historical,G>A,T,G,C,T[G>A]C,Other
674,AB618531_1,1999,Historical,G>A,T,G,C,T[G>A]C,Other
674,AB793725_1,2012,Historical,G>A,T,G,C,T[G>A]C,Other
674,AB793726_1,2012,Historical,G>A,T,G,C,T[G>A]C,Other
674,AB819869_1,2011,Historical,G>A,T,G,C,T[G>A]C,Other
674,AB819870_1,2012,Historical,G>A,T,G,C,T[G>A]C,Other
674,AB839692_1,2003,Historical,G>A,T,G,C,T[G>A]C,Other
674,AB839693_1,2007,Historical,G>A,T,G,C,T[G>A]C,Other
674,AB839694_1,2007,Historical,G>A,T,G,C,T[G>A]C,Other
674,AB839695_1,2007,Historical,G>A,T,G,C,T[G>A]C,Other
674,AB839696_1,2007,Historical,G>A,T,G,C,T[G>A]C,Other
674,AB839697_1,2007,Historical,G>A,T,G,C,T[G>A]C,Other
674,AB909123_1,2011,Historical,G>A,T,G,C,T[G>A]C,Other
674,AB969748_1,2014,Historical,G>A,T,G,C,T[G>A]C,Other
674,AB973401_1,2010,Historical,G>A,T,G,C,T[G>A]C,Other
674,HM769724_1,2006,Historical,G>A,T,G,C,T[G>A]C,Other
674,HQ437707_1,2007,Historical,G>A,T,G,C,T[G>A]C,Other
674,KC182587_1,2009,Historical,G>A,T,G,C,T[G>A]C,Other
674,KC182588_1,2009,Historical,G>A,T,G,C,T[G>A]C,Other
674,KC182589_1,2009,Historical,G>A,T,G,C,T[G>A]C,Other
674,KF773842_1,2013,Historical,G>A,T,G,C,T[G>A]C,Other
674,KJ427799_1,2013,Historical,G>A,T,G,C,T[G>A]C,Other
674,KP177964_1,2007,Historical,G>A,T,G,C,T[G>A]C,Other
674,KP177965_1,2007,Historical,G>A,T,G,C,T[G>A]C,Other
674,LC035020_1,2014,Historical,G>A,T,G,C,T[G>A]C,Other
674,LC049337_1,2012,Historical,G>A,T,G,C,T[G>A]C,Other
674,LC049338_1,2009,Historical,G>A,T,G,C,T[G>A]C,Other
674,LC049340_1,2010,Historical,G>A,T,G,C,T[G>A]C,Other
674,LC049341_1,2012,Historical,G>A,T,G,C,T[G>A]C,Other
674,LC049342_1,2012,Historical,G>A,T,G,C,T[G>A]C,Other
674,LC191189_1,2015,Historical,G>A,T,G,C,T[G>A]C,Other
674,LC373510_1,2014,Historical,G>A,T,G,C,T[G>A]C,Other
674,LC416593_1,2018,Contemporary,G>A,T,G,C,T[G>A]C,Other
674,LC416594_1,2018,Contemporary,G>A,T,G,C,T[G>A]C,Other
674,LC416595_1,2018,Contemporary,G>A,T,G,C,T[G>A]C,Other
674,LC435031_1,2018,Contemporary,G>A,T,G,C,T[G>A]C,Other
674,LC435032_1,2018,Contemporary,G>A,T,G,C,T[G>A]C,Other
674,LC515196_1,2016,Historical,G>A,T,G,C,T[G>A]C,Other
674,LC515197_1,2016,Historical,G>A,T,G,C,T[G>A]C,Other
674,LC515198_1,2016,Historical,G>A,T,G,C,T[G>A]C,Other
674,LC515199_1,2016,Historical,G>A,T,G,C,T[G>A]C,Other
674,LC515200_1,2016,Historical,G>A,T,G,C,T[G>A]C,Other
674,LC515201_1,2016,Historical,G>A,T,G,C,T[G>A]C,Other
674,LC515202_1,2016,Historical,G>A,T,G,C,T[G>A]C,Other
674,MG049743_1,2017,Historical,G>A,T,G,C,T[G>A]C,Other
674,MH933766_1,2014,Historical,G>A,T,G,C,T[G>A]C,Other
674,MH933767_1,2014,Historical,G>A,T,G,C,T[G>A]C,Other
674,MH933768_1,2014,Historical,G>A,T,G,C,T[G>A]C,Other
674,MN062164_1,2017,Historical,G>A,T,G,C,T[G>A]C,Other
674,MN062165_1,2018,Contemporary,G>A,T,G,C,T[G>A]C,Other
674,MN062166_1,2018,Contemporary,G>A,T,G,C,T[G>A]C,Other
674,MN832786_1,2018,Contemporary,G>A,T,G,C,T[G>A]C,Other
674,MW405346_1,1998,Historical,G>A,T,G,C,T[G>A]C,Other
674,MW405349_1,2014,Historical,G>A,T,G,C,T[G>A]C,Other
674,OK625565_1,2016,Historical,G>A,T,G,C,T[G>A]C,Other
674,ON496631_1,2019,Contemporary,G>A,T,G,C,T[G>A]C,Other
674,ON496632_1,2019,Contemporary,G>A,T,G,C,T[G>A]C,Other
674,ON524415_1,2019,Contemporary,G>A,T,G,C,T[G>A]C,Other
674,ON524416_1,2019,Contemporary,G>A,T,G,C,T[G>A]C,Other
674,ON524417_1,2019,Contemporary,G>A,T,G,C,T[G>A]C,Other
674,ON524419_1,2019,Contemporary,G>A,T,G,C,T[G>A]C,Other
674,ON524420_1,2019,Contemporary,G>A,T,G,C,T[G>A]C,Other
674,ON524421_1,2019,Contemporary,G>A,T,G,C,T[G>A]C,Other
674,ON524422_1,2019,Contemporary,G>A,T,G,C,T[G>A]C,Other
674,ON524424_1,2019,Contemporary,G>A,T,G,C,T[G>A]C,Other
674,ON524425_1,2019,Contemporary,G>A,T,G,C,T[G>A]C,Other
674,ON524427_1,2019,Contemporary,G>A,T,G,C,T[G>A]C,Other
674,ON524428_1,2019,Contemporary,G>A,T,G,C,T[G>A]C,Other
674,ON524431_1,2019,Contemporary,G>A,T,G,C,T[G>A]C,Other
674,ON524435_1,2019,Contemporary,G>A,T,G,C,T[G>A]C,Other
674,ON524439_1,2019,Contemporary,G>A,T,G,C,T[G>A]C,Other
674,ON524443_1,2019,Contemporary,G>A,T,G,C,T[G>A]C,Other
674,ON524458_1,2019,Contemporary,G>A,T,G,C,T[G>A]C,Other
674,ON524459_1,2019,Contemporary,G>A,T,G,C,T[G>A]C,Other
674,ON524473_1,2020,Contemporary,G>A,T,G,C,T[G>A]C,Other
674,ON524503_1,2020,Contemporary,G>A,T,G,C,T[G>A]C,Other
674,ON524519_1,2020,Contemporary,G>A,T,G,C,T[G>A]C,Other
674,ON524522_1,2020,Contemporary,G>A,T,G,C,T[G>A]C,Other
674,ON524534_1,2021,Contemporary,G>A,T,G,C,T[G>A]C,Other
674,ON524535_1,2021,Contemporary,G>A,T,G,C,T[G>A]C,Other
674,ON661550_1,2019,Contemporary,G>A,T,G,C,T[G>A]C,Other
674,ON661551_1,2021,Contemporary,G>A,T,G,C,T[G>A]C,Other
674,ON661552_1,2021,Contemporary,G>A,T,G,C,T[G>A]C,Other
674,ON661553_1,2021,Contemporary,G>A,T,G,C,T[G>A]C,Other
674,ON911719_1,2006,Historical,G>A,T,G,C,T[G>A]C,Other
674,ON911720_1,2016,Historical,G>A,T,G,C,T[G>A]C,Other
674,ON911721_1,2014,Historical,G>A,T,G,C,T[G>A]C,Other
674,ON911722_1,2006,Historical,G>A,T,G,C,T[G>A]C,Other
674,OR606576_2,2023,Contemporary,G>A,T,G,C,T[G>A]C,Other
674,PP389036_1,2019,Contemporary,G>A,T,G,C,T[G>A]C,Other
674,PP389037_1,2019,Contemporary,G>A,T,G,C,T[G>A]C,Other
674,PP389039_1,2019,Contemporary,G>A,T,G,C,T[G>A]C,Other
674,PP389040_1,2019,Contemporary,G>A,T,G,C,T[G>A]C,Other
674,PP389041_1,2019,Contemporary,G>A,T,G,C,T[G>A]C,Other
674,PP389042_1,2019,Contemporary,G>A,T,G,C,T[G>A]C,Other
674,PP389044_1,2019,Contemporary,G>A,T,G,C,T[G>A]C,Other
674,PP661694_1,2018,Contemporary,G>A,T,G,C,T[G>A]C,Other
674,PP661695_1,2019,Contemporary,G>A,T,G,C,T[G>A]C,Other
674,PP661696_1,2023,Contemporary,G>A,T,G,C,T[G>A]C,Other
674,PP661697_1,2018,Contemporary,G>A,T,G,C,T[G>A]C,Other
674,PP661698_1,2021,Contemporary,G>A,T,G,C,T[G>A]C,Other
674,PP661699_1,2017,Historical,G>A,T,G,C,T[G>A]C,Other
674,PP860039_1,2022,Contemporary,G>A,T,G,C,T[G>A]C,Other
674,PQ009000_1,2019,Contemporary,G>A,T,G,C,T[G>A]C,Other
674,PQ496830_1,2024,Contemporary,G>A,T,G,C,T[G>A]C,Other
699,KF724020_1,2013,Historical,A>G,T,A,T,T[A>G]T,TpA/ApA (ADAR)
699,KF724021_1,2013,Historical,A>G,T,A,T,T[A>G]T,TpA/ApA (ADAR)
699,KF724022_1,2013,Historical,A>G,T,A,T,T[A>G]T,TpA/ApA (ADAR)
699,KF724023_1,2013,Historical,A>G,T,A,T,T[A>G]T,TpA/ApA (ADAR)
699,KX088647_1,2016,Historical,A>G,T,A,T,T[A>G]T,TpA/ApA (ADAR)
699,KY003229_1,2011,Historical,T>C,T,T,A,T[T>C]A,Other
699,LC128713_1,2000,Historical,T>C,T,T,A,T[T>C]A,Other
699,MN832785_1,2018,Contemporary,T>C,T,T,A,T[T>C]A,Other
699,PP860039_1,2022,Contemporary,T>C,T,T,A,T[T>C]A,Other
722,ON524515_1,2020,Contemporary,T>C,C,T,T,C[T>C]T,Other
722,ON524516_1,2020,Contemporary,T>C,C,T,T,C[T>C]T,Other
722,ON524517_1,2020,Contemporary,T>C,C,T,T,C[T>C]T,Other
722,ON524519_1,2020,Contemporary,C>T,T,C,C,T[C>T]C,TpC (APOBEC)
722,ON524519_1,2020,Contemporary,T>C,C,T,T,C[T>C]T,Other
722,ON524520_1,2020,Contemporary,T>C,C,T,T,C[T>C]T,Other
722,ON524524_1,2020,Contemporary,T>C,C,T,T,C[T>C]T,Other
722,ON524526_1,2021,Contemporary,T>C,C,T,T,C[T>C]T,Other
722,ON524533_1,2021,Contemporary,T>C,C,T,T,C[T>C]T,Other
722,ON661556_1,2021,Contemporary,T>C,C,T,T,C[T>C]T,Other
722,ON661557_1,2021,Contemporary,T>C,C,T,T,C[T>C]T,Other
722,PP860039_1,2022,Contemporary,T>C,C,T,T,C[T>C]T,Other
880,AB819870_1,2012,Historical,C>T,A,C,A,A[C>T]A,Other
880,AB969748_1,2014,Historical,C>T,A,C,A,A[C>T]A,Other
880,LC035020_1,2014,Historical,C>T,A,C,A,A[C>T]A,Other
880,LC191189_1,2015,Historical,C>T,A,C,A,A[C>T]A,Other
880,LC373510_1,2014,Historical,C>T,A,C,A,A[C>T]A,Other
880,LC515196_1,2016,Historical,A>G,A,A,A,A[A>G]A,TpA/ApA (ADAR)
880,LC515197_1,2016,Historical,A>G,A,A,A,A[A>G]A,TpA/ApA (ADAR)
880,LC515198_1,2016,Historical,A>G,A,A,A,A[A>G]A,TpA/ApA (ADAR)
880,LC515199_1,2016,Historical,A>G,A,A,A,A[A>G]A,TpA/ApA (ADAR)
880,LC515200_1,2016,Historical,A>G,A,A,A,A[A>G]A,TpA/ApA (ADAR)
880,LC515202_1,2016,Historical,A>G,A,A,A,A[A>G]A,TpA/ApA (ADAR)
880,MH933767_1,2014,Historical,A>G,A,A,A,A[A>G]A,TpA/ApA (ADAR)
880,MH933768_1,2014,Historical,A>G,A,A,A,A[A>G]A,TpA/ApA (ADAR)
880,MW405346_1,1998,Historical,C>T,A,C,A,A[C>T]A,Other
880,MW405348_1,2004,Historical,C>T,A,C,A,A[C>T]A,Other
880,MW405349_1,2014,Historical,C>T,A,C,A,A[C>T]A,Other
880,OM291913_1,2019,Contemporary,C>T,A,C,A,A[C>T]A,Other
880,OM291914_1,2020,Contemporary,C>T,A,C,A,A[C>T]A,Other
880,OM291915_1,2020,Contemporary,C>T,A,C,A,A[C>T]A,Other
880,OM291916_1,2020,Contemporary,C>T,A,C,A,A[C>T]A,Other
880,OM291917_1,2020,Contemporary,C>T,A,C,A,A[C>T]A,Other
880,OM291918_1,2020,Contemporary,C>T,A,C,A,A[C>T]A,Other
880,ON524420_1,2019,Contemporary,A>G,A,A,A,A[A>G]A,TpA/ApA (ADAR)
880,ON911721_1,2014,Historical,C>T,A,C,A,A[C>T]A,Other
880,PP389036_1,2019,Contemporary,C>T,A,C,A,A[C>T]A,Other
880,PP389037_1,2019,Contemporary,C>T,A,C,A,A[C>T]A,Other
880,PP389039_1,2019,Contemporary,C>T,A,C,A,A[C>T]A,Other
880,PP389040_1,2019,Contemporary,C>T,A,C,A,A[C>T]A,Other
880,PP389041_1,2019,Contemporary,C>T,A,C,A,A[C>T]A,Other
880,PP389042_1,2019,Contemporary,C>T,A,C,A,A[C>T]A,Other
880,PP389044_1,2019,Contemporary,C>T,A,C,A,A[C>T]A,Other
880,PQ008999_1,2019,Contemporary,C>T,A,C,A,A[C>T]A,Other
880,PQ009000_1,2019,Contemporary,C>T,A,C,A,A[C>T]A,Other
1079,HM769724_1,2006,Historical,A>G,G,A,T,G[A>G]T,Other
1079,HQ437707_1,2007,Historical,A>G,G,A,T,G[A>G]T,Other
1079,KC182587_1,2009,Historical,A>G,G,A,T,G[A>G]T,Other
1079,KC182588_1,2009,Historical,A>G,G,A,T,G[A>G]T,Other
1079,KC182589_1,2009,Historical,A>G,G,A,T,G[A>G]T,Other
1079,MG049743_1,2017,Historical,A>G,G,A,T,G[A>G]T,Other
1079,MN062164_1,2017,Historical,A>G,G,A,T,G[A>G]T,Other
1079,MN062165_1,2018,Contemporary,A>G,G,A,T,G[A>G]T,Other
1079,MN062166_1,2018,Contemporary,A>G,G,A,T,G[A>G]T,Other
1079,OK625565_1,2016,Historical,A>G,G,A,T,G[A>G]T,Other
1079,OM291915_1,2020,Contemporary,G>A,T,G,G,T[G>A]G,Other
1079,OM291915_1,2020,Contemporary,G>A,G,G,A,G[G>A]A,GpA (Antisense APOBEC)
1079,OM291915_1,2020,Contemporary,A>G,G,A,T,G[A>G]T,Other
1079,ON496631_1,2019,Contemporary,A>G,G,A,T,G[A>G]T,Other
1079,ON496632_1,2019,Contemporary,A>G,G,A,T,G[A>G]T,Other
1079,ON524415_1,2019,Contemporary,A>G,G,A,T,G[A>G]T,Other
1079,ON524416_1,2019,Contemporary,A>G,G,A,T,G[A>G]T,Other
1079,ON524417_1,2019,Contemporary,A>G,G,A,T,G[A>G]T,Other
1079,ON524419_1,2019,Contemporary,A>G,G,A,T,G[A>G]T,Other
1079,ON524420_1,2019,Contemporary,A>G,G,A,T,G[A>G]T,Other
1079,ON524421_1,2019,Contemporary,A>G,G,A,T,G[A>G]T,Other
1079,ON524422_1,2019,Contemporary,A>G,G,A,T,G[A>G]T,Other
1079,ON524424_1,2019,Contemporary,A>G,G,A,T,G[A>G]T,Other
1079,ON524425_1,2019,Contemporary,A>G,G,A,T,G[A>G]T,Other
1079,ON524427_1,2019,Contemporary,A>G,G,A,T,G[A>G]T,Other
1079,ON524428_1,2019,Contemporary,A>G,G,A,T,G[A>G]T,Other
1079,ON524435_1,2019,Contemporary,A>G,G,A,T,G[A>G]T,Other
1079,ON524439_1,2019,Contemporary,A>G,G,A,T,G[A>G]T,Other
1079,ON524443_1,2019,Contemporary,A>G,G,A,T,G[A>G]T,Other
1079,ON524458_1,2019,Contemporary,A>G,G,A,T,G[A>G]T,Other
1079,ON524459_1,2019,Contemporary,A>G,G,A,T,G[A>G]T,Other
1079,ON524473_1,2020,Contemporary,A>G,G,A,T,G[A>G]T,Other
1079,ON524519_1,2020,Contemporary,A>G,G,A,T,G[A>G]T,Other
1079,ON524522_1,2020,Contemporary,A>G,G,A,T,G[A>G]T,Other
1079,ON524534_1,2021,Contemporary,A>G,G,A,T,G[A>G]T,Other
1079,ON524535_1,2021,Contemporary,A>G,G,A,T,G[A>G]T,Other
1079,ON661550_1,2019,Contemporary,A>G,G,A,T,G[A>G]T,Other
1079,ON661551_1,2021,Contemporary,A>G,G,A,T,G[A>G]T,Other
1079,ON661552_1,2021,Contemporary,A>G,G,A,T,G[A>G]T,Other
1079,ON661553_1,2021,Contemporary,A>G,G,A,T,G[A>G]T,Other
1079,PP661694_1,2018,Contemporary,A>G,G,A,T,G[A>G]T,Other
1079,PP661695_1,2019,Contemporary,A>G,G,A,T,G[A>G]T,Other
1079,PP661696_1,2023,Contemporary,A>G,G,A,T,G[A>G]T,Other
1079,PP661697_1,2018,Contemporary,A>G,G,A,T,G[A>G]T,Other
1079,PP661698_1,2021,Contemporary,A>G,G,A,T,G[A>G]T,Other
1079,PP661699_1,2017,Historical,A>G,G,A,T,G[A>G]T,Other
1082,MW405346_1,1998,Historical,T>C,A,T,T,A[T>C]T,Other
1114,AB973400_1,2014,Historical,C>T,G,C,T,G[C>T]T,Other
1114,KP177964_1,2007,Historical,T>C,T,T,T,T[T>C]T,Other
1114,KP177965_1,2007,Historical,T>C,T,T,T,T[T>C]T,Other
1114,LC049337_1,2012,Historical,T>C,T,T,T,T[T>C]T,Other
1114,LC049338_1,2009,Historical,T>C,T,T,T,T[T>C]T,Other
1114,LC049339_1,2006,Historical,T>C,T,T,T,T[T>C]T,Other
1114,LC049342_1,2012,Historical,T>C,T,T,T,T[T>C]T,Other
1114,MW405347_1,2002,Historical,T>C,T,T,T,T[T>C]T,Other
1114,OM291915_1,2020,Contemporary,T>C,T,T,T,T[T>C]T,Other
1114,ON911719_1,2006,Historical,T>C,T,T,T,T[T>C]T,Other
1114,ON911720_1,2016,Historical,T>C,T,T,T,T[T>C]T,Other
1114,ON911722_1,2006,Historical,T>C,T,T,T,T[T>C]T,Other
1155,KF569906_1,2012,Historical,A>G,A,A,A,A[A>G]A,TpA/ApA (ADAR)
1155,LC128713_1,2000,Historical,A>G,A,A,A,A[A>G]A,TpA/ApA (ADAR)
1155,LC515196_1,2016,Historical,A>G,A,A,A,A[A>G]A,TpA/ApA (ADAR)
1155,LC515197_1,2016,Historical,A>G,A,A,A,A[A>G]A,TpA/ApA (ADAR)
1155,LC515198_1,2016,Historical,A>G,A,A,A,A[A>G]A,TpA/ApA (ADAR)
1155,LC515199_1,2016,Historical,A>G,A,A,A,A[A>G]A,TpA/ApA (ADAR)
1155,LC515200_1,2016,Historical,A>G,A,A,A,A[A>G]A,TpA/ApA (ADAR)
1155,LC515202_1,2016,Historical,A>G,A,A,A,A[A>G]A,TpA/ApA (ADAR)
1155,MH933766_1,2014,Historical,A>G,A,A,A,A[A>G]A,TpA/ApA (ADAR)
1155,MH933767_1,2014,Historical,A>G,A,A,A,A[A>G]A,TpA/ApA (ADAR)
1155,MH933768_1,2014,Historical,A>G,A,A,A,A[A>G]A,TpA/ApA (ADAR)
1155,ON524420_1,2019,Contemporary,A>G,A,A,A,A[A>G]A,TpA/ApA (ADAR)
1176,LC128713_1,2000,Historical,G>A,A,G,A,A[G>A]A,GpA (Antisense APOBEC)
1176,MG049743_1,2017,Historical,G>A,A,G,A,A[G>A]A,GpA (Antisense APOBEC)
1176,MW405348_1,2004,Historical,G>A,A,G,A,A[G>A]A,GpA (Antisense APOBEC)
1176,OK625565_1,2016,Historical,G>A,A,G,A,A[G>A]A,GpA (Antisense APOBEC)
1176,OM291917_1,2020,Contemporary,G>A,A,G,A,A[G>A]A,GpA (Antisense APOBEC)
1176,ON524431_1,2019,Contemporary,G>A,A,G,A,A[G>A]A,GpA (Antisense APOBEC)
1177,AB618529_1,2010,Historical,T>C,G,T,T,G[T>C]T,Other
1177,AB618531_1,1999,Historical,T>C,G,T,T,G[T>C]T,Other
1177,AB819870_1,2012,Historical,T>C,G,T,T,G[T>C]T,Other
1177,AB839695_1,2007,Historical,T>C,G,T,T,G[T>C]T,Other
1177,AB909123_1,2011,Historical,T>C,G,T,T,G[T>C]T,Other
1177,AB973401_1,2010,Historical,T>C,G,T,T,G[T>C]T,Other
1177,HM769724_1,2006,Historical,T>C,G,T,T,G[T>C]T,Other
1177,HQ437707_1,2007,Historical,T>C,G,T,T,G[T>C]T,Other
1177,KC182587_1,2009,Historical,T>C,G,T,T,G[T>C]T,Other
1177,KC182588_1,2009,Historical,T>C,G,T,T,G[T>C]T,Other
1177,KC182589_1,2009,Historical,T>C,G,T,T,G[T>C]T,Other
1177,KF773842_1,2013,Historical,T>C,G,T,T,G[T>C]T,Other
1177,KJ427799_1,2013,Historical,T>C,G,T,T,G[T>C]T,Other
1177,KP177964_1,2007,Historical,T>C,G,T,T,G[T>C]T,Other
1177,KP177965_1,2007,Historical,T>C,G,T,T,G[T>C]T,Other
1177,LC049337_1,2012,Historical,T>C,G,T,T,G[T>C]T,Other
1177,LC049338_1,2009,Historical,T>C,G,T,T,G[T>C]T,Other
1177,LC049339_1,2006,Historical,T>C,G,T,T,G[T>C]T,Other
1177,LC049341_1,2012,Historical,T>C,G,T,T,G[T>C]T,Other
1177,LC049342_1,2012,Historical,T>C,G,T,T,G[T>C]T,Other
1177,LC191189_1,2015,Historical,T>C,G,T,T,G[T>C]T,Other
1177,LC416593_1,2018,Contemporary,T>C,G,T,T,G[T>C]T,Other
1177,LC416594_1,2018,Contemporary,T>C,G,T,T,G[T>C]T,Other
1177,LC416595_1,2018,Contemporary,T>C,G,T,T,G[T>C]T,Other
1177,LC435031_1,2018,Contemporary,T>C,G,T,T,G[T>C]T,Other
1177,LC435032_1,2018,Contemporary,T>C,G,T,T,G[T>C]T,Other
1177,MG049743_1,2017,Historical,A>G,G,A,G,G[A>G]G,Other
1177,MN062164_1,2017,Historical,T>C,G,T,T,G[T>C]T,Other
1177,MN062165_1,2018,Contemporary,T>C,G,T,T,G[T>C]T,Other
1177,MN062166_1,2018,Contemporary,T>C,G,T,T,G[T>C]T,Other
1177,MN832786_1,2018,Contemporary,T>C,G,T,T,G[T>C]T,Other
1177,MW405346_1,1998,Historical,T>C,G,T,T,G[T>C]T,Other
1177,MW405347_1,2002,Historical,T>C,G,T,T,G[T>C]T,Other
1177,MW405348_1,2004,Historical,T>C,G,T,T,G[T>C]T,Other
1177,OK625565_1,2016,Historical,A>G,G,A,G,G[A>G]G,Other
1177,OM291913_1,2019,Contemporary,T>C,G,T,T,G[T>C]T,Other
1177,OM291914_1,2020,Contemporary,T>C,G,T,T,G[T>C]T,Other
1177,OM291915_1,2020,Contemporary,T>C,G,T,T,G[T>C]T,Other
1177,OM291916_1,2020,Contemporary,T>C,G,T,T,G[T>C]T,Other
1177,OM291917_1,2020,Contemporary,A>G,G,A,G,G[A>G]G,Other
1177,OM291917_1,2020,Contemporary,G>A,A,G,T,A[G>A]T,Other
1177,ON496631_1,2019,Contemporary,T>C,G,T,T,G[T>C]T,Other
1177,ON496632_1,2019,Contemporary,T>C,G,T,T,G[T>C]T,Other
1177,ON524415_1,2019,Contemporary,T>C,G,T,T,G[T>C]T,Other
1177,ON524416_1,2019,Contemporary,T>C,G,T,T,G[T>C]T,Other
1177,ON524417_1,2019,Contemporary,T>C,G,T,T,G[T>C]T,Other
1177,ON524419_1,2019,Contemporary,T>C,G,T,T,G[T>C]T,Other
1177,ON524420_1,2019,Contemporary,T>C,G,T,T,G[T>C]T,Other
1177,ON524421_1,2019,Contemporary,T>C,G,T,T,G[T>C]T,Other
1177,ON524422_1,2019,Contemporary,T>C,G,T,T,G[T>C]T,Other
1177,ON524424_1,2019,Contemporary,T>C,G,T,T,G[T>C]T,Other
1177,ON524425_1,2019,Contemporary,T>C,G,T,T,G[T>C]T,Other
1177,ON524427_1,2019,Contemporary,T>C,G,T,T,G[T>C]T,Other
1177,ON524428_1,2019,Contemporary,T>C,G,T,T,G[T>C]T,Other
1177,ON524431_1,2019,Contemporary,T>C,G,T,T,G[T>C]T,Other
1177,ON524435_1,2019,Contemporary,T>C,G,T,T,G[T>C]T,Other
1177,ON524439_1,2019,Contemporary,T>C,G,T,T,G[T>C]T,Other
1177,ON524443_1,2019,Contemporary,T>C,G,T,T,G[T>C]T,Other
1177,ON524458_1,2019,Contemporary,T>C,G,T,T,G[T>C]T,Other
1177,ON524459_1,2019,Contemporary,T>C,G,T,T,G[T>C]T,Other
1177,ON524473_1,2020,Contemporary,T>C,G,T,T,G[T>C]T,Other
1177,ON524519_1,2020,Contemporary,T>C,G,T,T,G[T>C]T,Other
1177,ON524522_1,2020,Contemporary,T>C,G,T,T,G[T>C]T,Other
1177,ON524534_1,2021,Contemporary,T>C,G,T,T,G[T>C]T,Other
1177,ON524535_1,2021,Contemporary,T>C,G,T,T,G[T>C]T,Other
1177,ON661550_1,2019,Contemporary,T>C,G,T,T,G[T>C]T,Other
1177,ON661551_1,2021,Contemporary,T>C,G,T,T,G[T>C]T,Other
1177,ON661552_1,2021,Contemporary,T>C,G,T,T,G[T>C]T,Other
1177,ON661553_1,2021,Contemporary,T>C,G,T,T,G[T>C]T,Other
1177,ON911719_1,2006,Historical,T>C,G,T,T,G[T>C]T,Other
1177,ON911720_1,2016,Historical,T>C,G,T,T,G[T>C]T,Other
1177,ON911721_1,2014,Historical,T>C,G,T,T,G[T>C]T,Other
1177,ON911722_1,2006,Historical,T>C,G,T,T,G[T>C]T,Other
1177,OR606576_2,2023,Contemporary,T>C,G,T,T,G[T>C]T,Other
1177,PP389036_1,2019,Contemporary,T>C,G,T,T,G[T>C]T,Other
1177,PP389037_1,2019,Contemporary,T>C,G,T,T,G[T>C]T,Other
1177,PP389039_1,2019,Contemporary,T>C,G,T,T,G[T>C]T,Other
1177,PP389040_1,2019,Contemporary,T>C,G,T,T,G[T>C]T,Other
1177,PP389044_1,2019,Contemporary,T>C,G,T,T,G[T>C]T,Other
1177,PP661694_1,2018,Contemporary,T>C,G,T,T,G[T>C]T,Other
1177,PP661695_1,2019,Contemporary,T>C,G,T,T,G[T>C]T,Other
1177,PP661696_1,2023,Contemporary,T>C,G,T,T,G[T>C]T,Other
1177,PP661698_1,2021,Contemporary,T>C,G,T,T,G[T>C]T,Other
1177,PP661699_1,2017,Historical,T>C,G,T,T,G[T>C]T,Other
1177,PQ008999_1,2019,Contemporary,T>C,G,T,T,G[T>C]T,Other
1177,PQ009000_1,2019,Contemporary,T>C,G,T,T,G[T>C]T,Other
1177,PQ496830_1,2024,Contemporary,T>C,G,T,T,G[T>C]T,Other
1178,HQ437707_1,2007,Historical,T>C,T,T,T,T[T>C]T,Other
1178,KC182587_1,2009,Historical,T>C,T,T,T,T[T>C]T,Other
1178,KC182588_1,2009,Historical,T>C,T,T,T,T[T>C]T,Other
1178,KC182589_1,2009,Historical,T>C,T,T,T,T[T>C]T,Other
1178,LC515196_1,2016,Historical,T>C,T,T,T,T[T>C]T,Other
1178,LC515197_1,2016,Historical,T>C,T,T,T,T[T>C]T,Other
1178,LC515198_1,2016,Historical,T>C,T,T,T,T[T>C]T,Other
1178,LC515199_1,2016,Historical,T>C,T,T,T,T[T>C]T,Other
1178,LC515200_1,2016,Historical,T>C,T,T,T,T[T>C]T,Other
1178,LC515202_1,2016,Historical,T>C,T,T,T,T[T>C]T,Other
1178,MG049743_1,2017,Historical,T>C,T,T,T,T[T>C]T,Other
1178,MG049743_1,2017,Historical,T>C,T,T,T,T[T>C]T,Other
1178,MH933766_1,2014,Historical,T>C,T,T,T,T[T>C]T,Other
1178,MH933767_1,2014,Historical,T>C,T,T,T,T[T>C]T,Other
1178,MH933768_1,2014,Historical,T>C,T,T,T,T[T>C]T,Other
1178,MN062164_1,2017,Historical,T>C,T,T,T,T[T>C]T,Other
1178,MN062165_1,2018,Contemporary,T>C,T,T,T,T[T>C]T,Other
1178,OK625565_1,2016,Historical,T>C,T,T,T,T[T>C]T,Other
1178,OK625565_1,2016,Historical,T>C,T,T,T,T[T>C]T,Other
1178,OM291917_1,2020,Contemporary,T>C,T,T,T,T[T>C]T,Other
1178,ON496631_1,2019,Contemporary,T>C,T,T,T,T[T>C]T,Other
1178,ON524415_1,2019,Contemporary,T>C,T,T,T,T[T>C]T,Other
1178,ON524427_1,2019,Contemporary,T>C,T,T,T,T[T>C]T,Other
1178,ON524435_1,2019,Contemporary,T>C,T,T,T,T[T>C]T,Other
1178,ON524439_1,2019,Contemporary,T>C,T,T,T,T[T>C]T,Other
1178,ON524519_1,2020,Contemporary,T>C,T,T,T,T[T>C]T,Other
1178,ON524522_1,2020,Contemporary,T>C,T,T,T,T[T>C]T,Other
1178,ON661550_1,2019,Contemporary,T>C,T,T,T,T[T>C]T,Other
1178,PP661694_1,2018,Contemporary,T>C,T,T,T,T[T>C]T,Other
1178,PP661696_1,2023,Contemporary,T>C,T,T,T,T[T>C]T,Other
1178,PP661699_1,2017,Historical,T>C,T,T,T,T[T>C]T,Other
1293,KF724018_1,2013,Historical,C>T,T,C,A,T[C>T]A,TpC (APOBEC)
1293,KF724019_1,2013,Historical,C>T,T,C,A,T[C>T]A,TpC (APOBEC)
1293,KF724020_1,2013,Historical,C>T,T,C,A,T[C>T]A,TpC (APOBEC)
1293,KF724021_1,2013,Historical,C>T,T,C,A,T[C>T]A,TpC (APOBEC)
1293,KF724022_1,2013,Historical,C>T,T,C,A,T[C>T]A,TpC (APOBEC)
1293,KF724023_1,2013,Historical,C>T,T,C,A,T[C>T]A,TpC (APOBEC)
1293,KX088647_1,2016,Historical,C>T,T,C,A,T[C>T]A,TpC (APOBEC)
1293,ON524463_1,2019,Contemporary,C>T,T,C,A,T[C>T]A,TpC (APOBEC)
1293,OR477196_1,2022,Contemporary,C>T,T,C,A,T[C>T]A,TpC (APOBEC)
1311,KF724017_1,2013,Historical,C>T,T,C,T,T[C>T]T,TpC (APOBEC)
1311,KF724019_1,2013,Historical,C>T,T,C,T,T[C>T]T,TpC (APOBEC)
1311,KX035096_1,2013,Historical,C>T,T,C,T,T[C>T]T,TpC (APOBEC)
1311,LC515196_1,2016,Historical,T>C,C,T,A,C[T>C]A,Other
1311,LC515197_1,2016,Historical,T>C,C,T,A,C[T>C]A,Other
1311,LC515198_1,2016,Historical,T>C,C,T,A,C[T>C]A,Other
1311,LC515199_1,2016,Historical,T>C,C,T,A,C[T>C]A,Other
1311,LC515200_1,2016,Historical,T>C,C,T,A,C[T>C]A,Other
1311,LC515202_1,2016,Historical,T>C,C,T,A,C[T>C]A,Other
1311,MH933766_1,2014,Historical,T>C,C,T,A,C[T>C]A,Other
1311,MH933767_1,2014,Historical,T>C,C,T,A,C[T>C]A,Other
1311,MH933768_1,2014,Historical,T>C,C,T,A,C[T>C]A,Other
1311,MK829707_1,2013,Historical,C>T,T,C,T,T[C>T]T,TpC (APOBEC)
1311,MT181522_1,2019,Contemporary,C>T,T,C,T,T[C>T]T,TpC (APOBEC)
1311,OQ077995_1,2012,Historical,T>C,C,T,A,C[T>C]A,Other
1311,OQ791466_1,2019,Contemporary,T>C,C,T,A,C[T>C]A,Other
1311,PQ009001_1,2019,Contemporary,C>T,T,C,T,T[C>T]T,TpC (APOBEC)
1323,AB973400_1,2014,Historical,T>C,T,T,G,T[T>C]G,Other
1323,KX228694_1,2014,Historical,G>A,A,G,T,A[G>A]T,Other
1323,MN746031_1,2018,Contemporary,G>A,A,G,T,A[G>A]T,Other
1323,MN746032_1,2018,Contemporary,G>A,A,G,T,A[G>A]T,Other
1323,OR606575_1,2023,Contemporary,T>C,T,T,G,T[T>C]G,Other
1341,KX228694_1,2014,Historical,C>T,G,C,A,G[C>T]A,Other
1341,MN746031_1,2018,Contemporary,C>T,G,C,A,G[C>T]A,Other
1341,MN746032_1,2018,Contemporary,C>T,G,C,A,G[C>T]A,Other
1434,LC128713_1,2000,Historical,T>C,A,T,C,A[T>C]C,Other
1434,MN746031_1,2018,Contemporary,A>G,A,A,T,A[A>G]T,TpA/ApA (ADAR)
1434,MN746032_1,2018,Contemporary,A>G,A,A,T,A[A>G]T,TpA/ApA (ADAR)
1434,MN832785_1,2018,Contemporary,T>C,A,T,C,A[T>C]C,Other
1449,AB618529_1,2010,Historical,A>G,G,A,C,G[A>G]C,Other
1449,AB793725_1,2012,Historical,A>G,G,A,C,G[A>G]C,Other
1449,AB793726_1,2012,Historical,A>G,G,A,C,G[A>G]C,Other
1449,AB819870_1,2012,Historical,A>G,G,A,C,G[A>G]C,Other
1449,AB909123_1,2011,Historical,A>G,G,A,C,G[A>G]C,Other
1449,AB969748_1,2014,Historical,A>G,G,A,C,G[A>G]C,Other
1449,AB973400_1,2014,Historical,A>G,G,A,C,G[A>G]C,Other
1449,AB973401_1,2010,Historical,A>G,G,A,C,G[A>G]C,Other
1449,HM769724_1,2006,Historical,A>G,G,A,C,G[A>G]C,Other
1449,HQ437707_1,2007,Historical,A>G,G,A,C,G[A>G]C,Other
1449,KF773842_1,2013,Historical,A>G,G,A,C,G[A>G]C,Other
1449,KJ427799_1,2013,Historical,A>G,G,A,C,G[A>G]C,Other
1449,KP177964_1,2007,Historical,A>G,G,A,C,G[A>G]C,Other
1449,KP177965_1,2007,Historical,A>G,G,A,C,G[A>G]C,Other
1449,LC035020_1,2014,Historical,A>G,G,A,C,G[A>G]C,Other
1449,LC049337_1,2012,Historical,A>G,G,A,C,G[A>G]C,Other
1449,LC049338_1,2009,Historical,A>G,G,A,C,G[A>G]C,Other
1449,LC049339_1,2006,Historical,A>G,G,A,C,G[A>G]C,Other
1449,LC049340_1,2010,Historical,A>G,G,A,C,G[A>G]C,Other
1449,LC049342_1,2012,Historical,A>G,G,A,C,G[A>G]C,Other
1449,LC191189_1,2015,Historical,A>G,G,A,C,G[A>G]C,Other
1449,LC373510_1,2014,Historical,A>G,G,A,C,G[A>G]C,Other
1449,LC416593_1,2018,Contemporary,A>G,G,A,C,G[A>G]C,Other
1449,LC416594_1,2018,Contemporary,A>G,G,A,C,G[A>G]C,Other
1449,LC416595_1,2018,Contemporary,A>G,G,A,C,G[A>G]C,Other
1449,LC435031_1,2018,Contemporary,A>G,G,A,C,G[A>G]C,Other
1449,LC435032_1,2018,Contemporary,A>G,G,A,C,G[A>G]C,Other
1449,MN832786_1,2018,Contemporary,A>G,G,A,C,G[A>G]C,Other
1449,MW405346_1,1998,Historical,A>G,G,A,C,G[A>G]C,Other
1449,MW405347_1,2002,Historical,A>G,G,A,C,G[A>G]C,Other
1449,MW405348_1,2004,Historical,A>G,G,A,C,G[A>G]C,Other
1449,MW405349_1,2014,Historical,A>G,G,A,C,G[A>G]C,Other
1449,OM291913_1,2019,Contemporary,A>G,G,A,C,G[A>G]C,Other
1449,OM291914_1,2020,Contemporary,A>G,G,A,C,G[A>G]C,Other
1449,OM291915_1,2020,Contemporary,A>G,G,A,C,G[A>G]C,Other
1449,OM291916_1,2020,Contemporary,A>G,G,A,C,G[A>G]C,Other
1449,OM291917_1,2020,Contemporary,A>G,G,A,C,G[A>G]C,Other
1449,OM291918_1,2020,Contemporary,A>G,G,A,C,G[A>G]C,Other
1449,ON524415_1,2019,Contemporary,A>G,G,A,C,G[A>G]C,Other
1449,ON524425_1,2019,Contemporary,A>G,G,A,C,G[A>G]C,Other
1449,ON524431_1,2019,Contemporary,A>G,G,A,C,G[A>G]C,Other
1449,ON911719_1,2006,Historical,A>G,G,A,C,G[A>G]C,Other
1449,ON911720_1,2016,Historical,A>G,G,A,C,G[A>G]C,Other
1449,ON911721_1,2014,Historical,A>G,G,A,C,G[A>G]C,Other
1449,ON911722_1,2006,Historical,A>G,G,A,C,G[A>G]C,Other
1449,OR606575_1,2023,Contemporary,A>G,G,A,C,G[A>G]C,Other
1449,OR606576_2,2023,Contemporary,A>G,G,A,C,G[A>G]C,Other
1449,PP389036_1,2019,Contemporary,A>G,G,A,C,G[A>G]C,Other
1449,PP389037_1,2019,Contemporary,A>G,G,A,C,G[A>G]C,Other
1449,PP389039_1,2019,Contemporary,A>G,G,A,C,G[A>G]C,Other
1449,PP389040_1,2019,Contemporary,A>G,G,A,C,G[A>G]C,Other
1449,PP389041_1,2019,Contemporary,A>G,G,A,C,G[A>G]C,Other
1449,PP389042_1,2019,Contemporary,A>G,G,A,C,G[A>G]C,Other
1449,PP389044_1,2019,Contemporary,A>G,G,A,C,G[A>G]C,Other
1449,PP661695_1,2019,Contemporary,A>G,G,A,C,G[A>G]C,Other
1449,PP661698_1,2021,Contemporary,A>G,G,A,C,G[A>G]C,Other
1449,PQ008999_1,2019,Contemporary,A>G,G,A,C,G[A>G]C,Other
1449,PQ496830_1,2024,Contemporary,A>G,G,A,C,G[A>G]C,Other
1747,KC182587_1,2009,Historical,T>C,T,T,A,T[T>C]A,Other
1747,KC182588_1,2009,Historical,T>C,T,T,A,T[T>C]A,Other
1747,KC182589_1,2009,Historical,T>C,T,T,A,T[T>C]A,Other
1747,LC049340_1,2010,Historical,T>C,T,T,A,T[T>C]A,Other
1747,LC049341_1,2012,Historical,T>C,T,T,A,T[T>C]A,Other
1747,LC515196_1,2016,Historical,T>C,T,T,A,T[T>C]A,Other
1747,LC515197_1,2016,Historical,T>C,T,T,A,T[T>C]A,Other
1747,LC515198_1,2016,Historical,T>C,T,T,A,T[T>C]A,Other
1747,LC515199_1,2016,Historical,T>C,T,T,A,T[T>C]A,Other
1747,LC515200_1,2016,Historical,T>C,T,T,A,T[T>C]A,Other
1747,LC515202_1,2016,Historical,T>C,T,T,A,T[T>C]A,Other
1747,MG049743_1,2017,Historical,T>C,T,T,A,T[T>C]A,Other
1747,MH933766_1,2014,Historical,T>C,T,T,A,T[T>C]A,Other
1747,MH933767_1,2014,Historical,T>C,T,T,A,T[T>C]A,Other
1747,MH933768_1,2014,Historical,T>C,T,T,A,T[T>C]A,Other
1747,MN062164_1,2017,Historical,T>C,T,T,A,T[T>C]A,Other
1747,MN062165_1,2018,Contemporary,T>C,T,T,A,T[T>C]A,Other
1747,MN062166_1,2018,Contemporary,T>C,T,T,A,T[T>C]A,Other
1747,MW405346_1,1998,Historical,T>C,T,T,A,T[T>C]A,Other
1747,OK625565_1,2016,Historical,T>C,T,T,A,T[T>C]A,Other
1747,OM291914_1,2020,Contemporary,T>C,T,T,A,T[T>C]A,Other
1747,OM291915_1,2020,Contemporary,T>C,T,T,A,T[T>C]A,Other
1747,OM291918_1,2020,Contemporary,T>C,T,T,A,T[T>C]A,Other
1747,ON496631_1,2019,Contemporary,T>C,T,T,A,T[T>C]A,Other
1747,ON496632_1,2019,Contemporary,T>C,T,T,A,T[T>C]A,Other
1747,ON524415_1,2019,Contemporary,T>C,T,T,A,T[T>C]A,Other
1747,ON524416_1,2019,Contemporary,T>C,T,T,A,T[T>C]A,Other
1747,ON524417_1,2019,Contemporary,T>C,T,T,A,T[T>C]A,Other
1747,ON524419_1,2019,Contemporary,T>C,T,T,A,T[T>C]A,Other
1747,ON524420_1,2019,Contemporary,T>C,T,T,A,T[T>C]A,Other
1747,ON524421_1,2019,Contemporary,T>C,T,T,A,T[T>C]A,Other
1747,ON524422_1,2019,Contemporary,T>C,T,T,A,T[T>C]A,Other
1747,ON524424_1,2019,Contemporary,T>C,T,T,A,T[T>C]A,Other
1747,ON524428_1,2019,Contemporary,T>C,T,T,A,T[T>C]A,Other
1747,ON524439_1,2019,Contemporary,T>C,T,T,A,T[T>C]A,Other
1747,ON524443_1,2019,Contemporary,T>C,T,T,A,T[T>C]A,Other
1747,ON524458_1,2019,Contemporary,T>C,T,T,A,T[T>C]A,Other
1747,ON524459_1,2019,Contemporary,T>C,T,T,A,T[T>C]A,Other
1747,ON524473_1,2020,Contemporary,T>C,T,T,A,T[T>C]A,Other
1747,ON524494_1,2020,Contemporary,A>G,T,A,T,T[A>G]T,TpA/ApA (ADAR)
1747,ON524503_1,2020,Contemporary,A>G,T,A,T,T[A>G]T,TpA/ApA (ADAR)
1747,ON524519_1,2020,Contemporary,T>C,T,T,A,T[T>C]A,Other
1747,ON524522_1,2020,Contemporary,T>C,T,T,A,T[T>C]A,Other
1747,ON524534_1,2021,Contemporary,T>C,T,T,A,T[T>C]A,Other
1747,ON524535_1,2021,Contemporary,T>C,T,T,A,T[T>C]A,Other
1747,ON661550_1,2019,Contemporary,T>C,T,T,A,T[T>C]A,Other
1747,ON661551_1,2021,Contemporary,T>C,T,T,A,T[T>C]A,Other
1747,ON661552_1,2021,Contemporary,T>C,T,T,A,T[T>C]A,Other
1747,ON661553_1,2021,Contemporary,T>C,T,T,A,T[T>C]A,Other
1747,ON911719_1,2006,Historical,T>C,T,T,A,T[T>C]A,Other
1747,ON911720_1,2016,Historical,T>C,T,T,A,T[T>C]A,Other
1747,ON911721_1,2014,Historical,T>C,T,T,A,T[T>C]A,Other
1747,PP389041_1,2019,Contemporary,T>C,T,T,A,T[T>C]A,Other
1747,PP389042_1,2019,Contemporary,T>C,T,T,A,T[T>C]A,Other
1747,PP661694_1,2018,Contemporary,T>C,T,T,A,T[T>C]A,Other
1747,PP661699_1,2017,Historical,T>C,T,T,A,T[T>C]A,Other
1749,AB425339_1,1979,Historical,A>G,A,A,G,A[A>G]G,TpA/ApA (ADAR)
1749,AB973400_1,2014,Historical,A>G,A,A,G,A[A>G]G,TpA/ApA (ADAR)
1749,KP177964_1,2007,Historical,A>G,A,A,G,A[A>G]G,TpA/ApA (ADAR)
1749,KP177965_1,2007,Historical,A>G,A,A,G,A[A>G]G,TpA/ApA (ADAR)
1749,LC049337_1,2012,Historical,A>G,A,A,G,A[A>G]G,TpA/ApA (ADAR)
1749,LC049338_1,2009,Historical,A>G,A,A,G,A[A>G]G,TpA/ApA (ADAR)
1749,LC049339_1,2006,Historical,A>G,A,A,G,A[A>G]G,TpA/ApA (ADAR)
1749,MH577308_1,2017,Historical,A>G,A,A,G,A[A>G]G,TpA/ApA (ADAR)
1749,MH577309_1,2017,Historical,A>G,A,A,G,A[A>G]G,TpA/ApA (ADAR)
1749,MH577310_1,2017,Historical,A>G,A,A,G,A[A>G]G,TpA/ApA (ADAR)
1749,MH577311_1,2018,Contemporary,A>G,A,A,G,A[A>G]G,TpA/ApA (ADAR)
1749,MH577312_1,2017,Historical,A>G,A,A,G,A[A>G]G,TpA/ApA (ADAR)
1749,MN832785_1,2018,Contemporary,A>G,A,A,G,A[A>G]G,TpA/ApA (ADAR)
1749,MW405347_1,2002,Historical,A>G,A,A,G,A[A>G]G,TpA/ApA (ADAR)
1749,MW405348_1,2004,Historical,A>G,A,A,A,A[A>G]A,TpA/ApA (ADAR)
1749,MW405348_1,2004,Historical,A>G,A,A,G,A[A>G]G,TpA/ApA (ADAR)
1749,OM291916_1,2020,Contemporary,A>G,A,A,G,A[A>G]G,TpA/ApA (ADAR)
1749,OM291918_1,2020,Contemporary,A>G,A,A,G,A[A>G]G,TpA/ApA (ADAR)
1749,ON496633_1,2019,Contemporary,A>G,A,A,G,A[A>G]G,TpA/ApA (ADAR)
1749,ON524423_1,2019,Contemporary,A>G,A,A,G,A[A>G]G,TpA/ApA (ADAR)
1749,ON524432_1,2019,Contemporary,A>G,A,A,G,A[A>G]G,TpA/ApA (ADAR)
1749,ON524436_1,2019,Contemporary,A>G,A,A,G,A[A>G]G,TpA/ApA (ADAR)
1749,ON524438_1,2019,Contemporary,A>G,A,A,G,A[A>G]G,TpA/ApA (ADAR)
1749,ON524440_1,2019,Contemporary,A>G,A,A,G,A[A>G]G,TpA/ApA (ADAR)
1749,ON524442_1,2019,Contemporary,A>G,A,A,G,A[A>G]G,TpA/ApA (ADAR)
1749,ON524444_1,2019,Contemporary,A>G,A,A,G,A[A>G]G,TpA/ApA (ADAR)
1749,ON524445_1,2019,Contemporary,A>G,A,A,G,A[A>G]G,TpA/ApA (ADAR)
1749,ON524446_1,2019,Contemporary,A>G,A,A,G,A[A>G]G,TpA/ApA (ADAR)
1749,ON524448_1,2019,Contemporary,A>G,A,A,G,A[A>G]G,TpA/ApA (ADAR)
1749,ON524449_1,2019,Contemporary,A>G,A,A,G,A[A>G]G,TpA/ApA (ADAR)
1749,ON524450_1,2019,Contemporary,A>G,A,A,G,A[A>G]G,TpA/ApA (ADAR)
1749,ON524451_1,2019,Contemporary,A>G,A,A,G,A[A>G]G,TpA/ApA (ADAR)
1749,ON524457_1,2019,Contemporary,A>G,A,A,G,A[A>G]G,TpA/ApA (ADAR)
1749,ON524462_1,2019,Contemporary,A>G,A,A,G,A[A>G]G,TpA/ApA (ADAR)
1749,ON524464_1,2019,Contemporary,A>G,A,A,G,A[A>G]G,TpA/ApA (ADAR)
1749,ON524465_1,2020,Contemporary,A>G,A,A,G,A[A>G]G,TpA/ApA (ADAR)
1749,ON524467_1,2020,Contemporary,A>G,A,A,G,A[A>G]G,TpA/ApA (ADAR)
1749,ON524468_1,2020,Contemporary,A>G,A,A,G,A[A>G]G,TpA/ApA (ADAR)
1749,ON524469_1,2020,Contemporary,A>G,A,A,G,A[A>G]G,TpA/ApA (ADAR)
1749,ON524471_1,2020,Contemporary,A>G,A,A,G,A[A>G]G,TpA/ApA (ADAR)
1749,ON524474_1,2020,Contemporary,A>G,A,A,G,A[A>G]G,TpA/ApA (ADAR)
1749,ON524478_1,2020,Contemporary,A>G,A,A,G,A[A>G]G,TpA/ApA (ADAR)
1749,ON524482_1,2020,Contemporary,A>G,A,A,G,A[A>G]G,TpA/ApA (ADAR)
1749,ON524484_1,2020,Contemporary,A>G,A,A,G,A[A>G]G,TpA/ApA (ADAR)
1749,ON524492_1,2020,Contemporary,A>G,A,A,G,A[A>G]G,TpA/ApA (ADAR)
1749,ON524494_1,2020,Contemporary,A>G,A,A,G,A[A>G]G,TpA/ApA (ADAR)
1749,ON524496_1,2020,Contemporary,A>G,A,A,G,A[A>G]G,TpA/ApA (ADAR)
1749,ON524497_1,2020,Contemporary,A>G,A,A,G,A[A>G]G,TpA/ApA (ADAR)
1749,ON524498_1,2020,Contemporary,A>G,A,A,G,A[A>G]G,TpA/ApA (ADAR)
1749,ON524500_1,2020,Contemporary,A>G,A,A,G,A[A>G]G,TpA/ApA (ADAR)
1749,ON524501_1,2020,Contemporary,A>G,A,A,G,A[A>G]G,TpA/ApA (ADAR)
1749,ON524502_1,2020,Contemporary,A>G,A,A,G,A[A>G]G,TpA/ApA (ADAR)
1749,ON524503_1,2020,Contemporary,A>G,A,A,G,A[A>G]G,TpA/ApA (ADAR)
1749,ON524507_1,2020,Contemporary,A>G,A,A,G,A[A>G]G,TpA/ApA (ADAR)
1749,ON524509_1,2020,Contemporary,A>G,A,A,G,A[A>G]G,TpA/ApA (ADAR)
1749,ON524510_1,2020,Contemporary,A>G,A,A,G,A[A>G]G,TpA/ApA (ADAR)
1749,ON524514_1,2020,Contemporary,A>G,A,A,G,A[A>G]G,TpA/ApA (ADAR)
1749,ON524515_1,2020,Contemporary,A>G,A,A,G,A[A>G]G,TpA/ApA (ADAR)
1749,ON524516_1,2020,Contemporary,A>G,A,A,G,A[A>G]G,TpA/ApA (ADAR)
1749,ON524517_1,2020,Contemporary,A>G,A,A,G,A[A>G]G,TpA/ApA (ADAR)
1749,ON524518_1,2020,Contemporary,A>G,A,A,G,A[A>G]G,TpA/ApA (ADAR)
1749,ON524520_1,2020,Contemporary,A>G,A,A,G,A[A>G]G,TpA/ApA (ADAR)
1749,ON524524_1,2020,Contemporary,A>G,A,A,G,A[A>G]G,TpA/ApA (ADAR)
1749,ON524526_1,2021,Contemporary,A>G,A,A,G,A[A>G]G,TpA/ApA (ADAR)
1749,ON524528_1,2021,Contemporary,A>G,A,A,G,A[A>G]G,TpA/ApA (ADAR)
1749,ON524529_1,2021,Contemporary,A>G,A,A,G,A[A>G]G,TpA/ApA (ADAR)
1749,ON524530_1,2021,Contemporary,A>G,A,A,G,A[A>G]G,TpA/ApA (ADAR)
1749,ON524531_1,2021,Contemporary,A>G,A,A,G,A[A>G]G,TpA/ApA (ADAR)
1749,ON524533_1,2021,Contemporary,A>G,A,A,G,A[A>G]G,TpA/ApA (ADAR)
1749,ON661554_1,2021,Contemporary,A>G,A,A,G,A[A>G]G,TpA/ApA (ADAR)
1749,ON661556_1,2021,Contemporary,A>G,A,A,G,A[A>G]G,TpA/ApA (ADAR)
1749,ON661557_1,2021,Contemporary,A>G,A,A,G,A[A>G]G,TpA/ApA (ADAR)
1749,ON911719_1,2006,Historical,A>G,A,A,G,A[A>G]G,TpA/ApA (ADAR)
1749,ON911720_1,2016,Historical,A>G,A,A,G,A[A>G]G,TpA/ApA (ADAR)
1749,OR606575_1,2023,Contemporary,A>G,A,A,G,A[A>G]G,TpA/ApA (ADAR)
1749,PP860039_1,2022,Contemporary,A>G,A,A,G,A[A>G]G,TpA/ApA (ADAR)
1812,AB425339_1,1979,Historical,A>G,A,A,G,A[A>G]G,TpA/ApA (ADAR)
1812,AB618529_1,2010,Historical,A>G,A,A,G,A[A>G]G,TpA/ApA (ADAR)
1812,AB973401_1,2010,Historical,A>G,A,A,G,A[A>G]G,TpA/ApA (ADAR)
1812,LC515196_1,2016,Historical,A>G,A,A,G,A[A>G]G,TpA/ApA (ADAR)
1812,LC515197_1,2016,Historical,A>G,A,A,G,A[A>G]G,TpA/ApA (ADAR)
1812,LC515198_1,2016,Historical,A>G,A,A,G,A[A>G]G,TpA/ApA (ADAR)
1812,LC515199_1,2016,Historical,A>G,A,A,G,A[A>G]G,TpA/ApA (ADAR)
1812,LC515200_1,2016,Historical,A>G,A,A,G,A[A>G]G,TpA/ApA (ADAR)
1812,LC515202_1,2016,Historical,A>G,A,A,G,A[A>G]G,TpA/ApA (ADAR)
1812,MH933766_1,2014,Historical,A>G,A,A,G,A[A>G]G,TpA/ApA (ADAR)
1812,MH933767_1,2014,Historical,A>G,A,A,G,A[A>G]G,TpA/ApA (ADAR)
1812,MH933768_1,2014,Historical,A>G,A,A,G,A[A>G]G,TpA/ApA (ADAR)
1812,PP860039_1,2022,Contemporary,A>G,A,A,G,A[A>G]G,TpA/ApA (ADAR)
2027,AB425339_1,1979,Historical,T>C,C,T,T,C[T>C]T,Other
2027,AB425339_1,1979,Historical,A>G,T,A,T,T[A>G]T,TpA/ApA (ADAR)
2027,KF724018_1,2013,Historical,T>C,T,T,A,T[T>C]A,Other
2027,KF724019_1,2013,Historical,T>C,T,T,A,T[T>C]A,Other
2027,KF724020_1,2013,Historical,T>C,T,T,A,T[T>C]A,Other
2027,KF724021_1,2013,Historical,T>C,T,T,A,T[T>C]A,Other
2027,KF724022_1,2013,Historical,T>C,T,T,A,T[T>C]A,Other
2027,KF724023_1,2013,Historical,T>C,T,T,A,T[T>C]A,Other
2027,KX088647_1,2016,Historical,T>C,T,T,A,T[T>C]A,Other
2027,LC515196_1,2016,Historical,T>C,C,T,T,C[T>C]T,Other
2027,LC515197_1,2016,Historical,T>C,C,T,T,C[T>C]T,Other
2027,LC515198_1,2016,Historical,T>C,C,T,T,C[T>C]T,Other
2027,LC515199_1,2016,Historical,T>C,C,T,T,C[T>C]T,Other
2027,LC515200_1,2016,Historical,T>C,C,T,T,C[T>C]T,Other
2027,LC515202_1,2016,Historical,T>C,C,T,T,C[T>C]T,Other
2027,MH933766_1,2014,Historical,T>C,C,T,T,C[T>C]T,Other
2027,MH933768_1,2014,Historical,T>C,C,T,T,C[T>C]T,Other
2027,MT181522_1,2019,Contemporary,T>C,T,T,A,T[T>C]A,Other
2027,PP860039_1,2022,Contemporary,A>G,T,A,T,T[A>G]T,TpA/ApA (ADAR)
2128,AB618529_1,2010,Historical,A>G,G,A,G,G[A>G]G,Other
2128,AB618531_1,1999,Historical,A>G,G,A,G,G[A>G]G,Other
2128,AB793725_1,2012,Historical,A>G,G,A,G,G[A>G]G,Other
2128,AB793726_1,2012,Historical,A>G,G,A,G,G[A>G]G,Other
2128,AB973401_1,2010,Historical,A>G,G,A,G,G[A>G]G,Other
2128,MH577313_1,2017,Historical,A>G,G,A,G,G[A>G]G,Other
2128,MH577314_1,2018,Contemporary,A>G,G,A,G,G[A>G]G,Other
2128,OM291918_1,2020,Contemporary,A>G,G,A,G,G[A>G]G,Other
2128,ON524426_1,2019,Contemporary,A>G,G,A,G,G[A>G]G,Other
2128,ON524429_1,2019,Contemporary,A>G,G,A,G,G[A>G]G,Other
2128,ON524430_1,2019,Contemporary,A>G,G,A,G,G[A>G]G,Other
2128,ON524433_1,2019,Contemporary,A>G,G,A,G,G[A>G]G,Other
2128,ON524434_1,2019,Contemporary,A>G,G,A,G,G[A>G]G,Other
2128,ON524437_1,2019,Contemporary,A>G,G,A,G,G[A>G]G,Other
2128,ON524441_1,2019,Contemporary,A>G,G,A,G,G[A>G]G,Other
2128,ON524452_1,2019,Contemporary,A>G,G,A,G,G[A>G]G,Other
2128,ON524453_1,2019,Contemporary,A>G,G,A,G,G[A>G]G,Other
2128,ON524455_1,2019,Contemporary,A>G,G,A,G,G[A>G]G,Other
2128,ON524456_1,2019,Contemporary,A>G,G,A,G,G[A>G]G,Other
2128,ON524460_1,2019,Contemporary,A>G,G,A,G,G[A>G]G,Other
2128,ON524461_1,2019,Contemporary,A>G,G,A,G,G[A>G]G,Other
2128,ON524463_1,2019,Contemporary,A>G,G,A,G,G[A>G]G,Other
2128,ON524466_1,2020,Contemporary,A>G,G,A,G,G[A>G]G,Other
2128,ON524470_1,2020,Contemporary,A>G,G,A,G,G[A>G]G,Other
2128,ON524472_1,2020,Contemporary,A>G,G,A,G,G[A>G]G,Other
2128,ON524475_1,2020,Contemporary,A>G,G,A,G,G[A>G]G,Other
2128,ON524476_1,2020,Contemporary,A>G,G,A,G,G[A>G]G,Other
2128,ON524477_1,2020,Contemporary,A>G,G,A,G,G[A>G]G,Other
2128,ON524479_1,2020,Contemporary,A>G,G,A,G,G[A>G]G,Other
2128,ON524480_1,2020,Contemporary,A>G,G,A,G,G[A>G]G,Other
2128,ON524481_1,2020,Contemporary,A>G,G,A,G,G[A>G]G,Other
2128,ON524483_1,2020,Contemporary,A>G,G,A,G,G[A>G]G,Other
2128,ON524487_1,2020,Contemporary,A>G,G,A,G,G[A>G]G,Other
2128,ON524488_1,2020,Contemporary,A>G,G,A,G,G[A>G]G,Other
2128,ON524489_1,2020,Contemporary,A>G,G,A,G,G[A>G]G,Other
2128,ON524491_1,2020,Contemporary,A>G,G,A,G,G[A>G]G,Other
2128,ON524493_1,2020,Contemporary,A>G,G,A,G,G[A>G]G,Other
2128,ON524499_1,2020,Contemporary,A>G,G,A,G,G[A>G]G,Other
2128,ON524504_1,2020,Contemporary,A>G,G,A,G,G[A>G]G,Other
2128,ON524506_1,2020,Contemporary,A>G,G,A,G,G[A>G]G,Other
2128,ON524508_1,2020,Contemporary,A>G,G,A,G,G[A>G]G,Other
2128,ON524512_1,2020,Contemporary,A>G,G,A,G,G[A>G]G,Other
2128,ON524521_1,2020,Contemporary,A>G,G,A,G,G[A>G]G,Other
2128,ON524532_1,2021,Contemporary,A>G,G,A,G,G[A>G]G,Other
2128,ON661555_1,2021,Contemporary,A>G,G,A,G,G[A>G]G,Other
2128,ON661558_1,2021,Contemporary,A>G,G,A,G,G[A>G]G,Other
2128,ON661559_1,2021,Contemporary,A>G,G,A,G,G[A>G]G,Other
2129,OM291914_1,2020,Contemporary,G>A,A,G,A,A[G>A]A,GpA (Antisense APOBEC)
2129,OM291918_1,2020,Contemporary,G>A,A,G,A,A[G>A]A,GpA (Antisense APOBEC)
2129,OM291918_1,2020,Contemporary,A>G,G,A,T,G[A>G]T,Other
2130,AB819869_1,2011,Historical,T>C,T,T,G,T[T>C]G,Other
2130,MW405348_1,2004,Historical,T>C,G,T,T,G[T>C]T,Other
2130,PP860039_1,2022,Contemporary,T>C,T,T,G,T[T>C]G,Other
2131,OM291914_1,2020,Contemporary,G>A,T,G,G,T[G>A]G,Other
2131,OM291914_1,2020,Contemporary,G>A,G,G,T,G[G>A]T,Other
2131,OM291914_1,2020,Contemporary,T>C,G,T,C,G[T>C]C,Other
2131,OQ161772_2,2022,Contemporary,G>A,G,G,T,G[G>A]T,Other
2132,AB425339_1,1979,Historical,C>T,T,C,T,T[C>T]T,TpC (APOBEC)
2132,OM291914_1,2020,Contemporary,C>T,T,C,T,T[C>T]T,TpC (APOBEC)
2132,OM291918_1,2020,Contemporary,C>T,T,C,T,T[C>T]T,TpC (APOBEC)
2132,OM291918_1,2020,Contemporary,T>C,C,T,T,C[T>C]T,Other
2132,OR606575_1,2023,Contemporary,C>T,T,C,T,T[C>T]T,TpC (APOBEC)
2133,AB618529_1,2010,Historical,T>C,A,T,T,A[T>C]T,Other
2133,AB618531_1,1999,Historical,T>C,A,T,T,A[T>C]T,Other
2133,AB819869_1,2011,Historical,T>C,A,T,T,A[T>C]T,Other
2133,AB839692_1,2003,Historical,T>C,A,T,T,A[T>C]T,Other
2133,AB839694_1,2007,Historical,T>C,A,T,T,A[T>C]T,Other
2133,AB839695_1,2007,Historical,T>C,A,T,T,A[T>C]T,Other
2133,AB839696_1,2007,Historical,T>C,A,T,T,A[T>C]T,Other
2133,AB839697_1,2007,Historical,T>C,A,T,T,A[T>C]T,Other
2133,AB973401_1,2010,Historical,T>C,A,T,T,A[T>C]T,Other
2133,HM769724_1,2006,Historical,T>C,A,T,T,A[T>C]T,Other
2133,LC515201_1,2016,Historical,T>C,A,T,T,A[T>C]T,Other
2133,MH685714_1,2013,Historical,T>C,A,T,T,A[T>C]T,Other
2133,MN832786_1,2018,Contemporary,T>C,A,T,T,A[T>C]T,Other
2133,MW405348_1,2004,Historical,T>C,A,T,T,A[T>C]T,Other
2133,OM291914_1,2020,Contemporary,G>A,T,G,A,T[G>A]A,GpA (Antisense APOBEC)
2133,OM291918_1,2020,Contemporary,A>G,G,A,T,G[A>G]T,Other
2133,ON524425_1,2019,Contemporary,T>C,A,T,T,A[T>C]T,Other
2133,ON524431_1,2019,Contemporary,T>C,A,T,T,A[T>C]T,Other
2133,OQ077984_1,2012,Historical,T>C,A,T,T,A[T>C]T,Other
2133,OQ077985_1,2012,Historical,T>C,A,T,T,A[T>C]T,Other
2133,OR606576_2,2023,Contemporary,T>C,A,T,T,A[T>C]T,Other
2133,PP661695_1,2019,Contemporary,T>C,A,T,T,A[T>C]T,Other
2133,PP661698_1,2021,Contemporary,T>C,A,T,T,A[T>C]T,Other
2149,AB618529_1,2010,Historical,A>G,G,A,G,G[A>G]G,Other
2149,AB618531_1,1999,Historical,A>G,G,A,G,G[A>G]G,Other
2149,AB793725_1,2012,Historical,A>G,G,A,G,G[A>G]G,Other
2149,AB793726_1,2012,Historical,A>G,G,A,G,G[A>G]G,Other
2149,AB819869_1,2011,Historical,A>G,G,A,G,G[A>G]G,Other
2149,AB819870_1,2012,Historical,A>G,G,A,G,G[A>G]G,Other
2149,AB839692_1,2003,Historical,A>G,G,A,G,G[A>G]G,Other
2149,AB839693_1,2007,Historical,A>G,G,A,G,G[A>G]G,Other
2149,AB839694_1,2007,Historical,A>G,G,A,G,G[A>G]G,Other
2149,AB839695_1,2007,Historical,A>G,G,A,G,G[A>G]G,Other
2149,AB839696_1,2007,Historical,A>G,G,A,G,G[A>G]G,Other
2149,AB839697_1,2007,Historical,A>G,G,A,G,G[A>G]G,Other
2149,AB909123_1,2011,Historical,A>G,G,A,G,G[A>G]G,Other
2149,AB969748_1,2014,Historical,A>G,G,A,G,G[A>G]G,Other
2149,AB973400_1,2014,Historical,A>G,G,A,G,G[A>G]G,Other
2149,AB973401_1,2010,Historical,A>G,G,A,G,G[A>G]G,Other
2149,HQ437707_1,2007,Historical,A>G,G,A,G,G[A>G]G,Other
2149,KC182587_1,2009,Historical,A>G,G,A,G,G[A>G]G,Other
2149,KC182588_1,2009,Historical,A>G,G,A,G,G[A>G]G,Other
2149,KC182589_1,2009,Historical,A>G,G,A,G,G[A>G]G,Other
2149,KF773842_1,2013,Historical,A>G,G,A,G,G[A>G]G,Other
2149,KJ427799_1,2013,Historical,A>G,G,A,G,G[A>G]G,Other
2149,KP177964_1,2007,Historical,A>G,G,A,G,G[A>G]G,Other
2149,KP177965_1,2007,Historical,A>G,G,A,G,G[A>G]G,Other
2149,LC035020_1,2014,Historical,A>G,G,A,G,G[A>G]G,Other
2149,LC049337_1,2012,Historical,A>G,G,A,G,G[A>G]G,Other
2149,LC049338_1,2009,Historical,A>G,G,A,G,G[A>G]G,Other
2149,LC049339_1,2006,Historical,A>G,G,A,G,G[A>G]G,Other
2149,LC049340_1,2010,Historical,A>G,G,A,G,G[A>G]G,Other
2149,LC049341_1,2012,Historical,A>G,G,A,G,G[A>G]G,Other
2149,LC049342_1,2012,Historical,A>G,G,A,G,G[A>G]G,Other
2149,LC191189_1,2015,Historical,A>G,G,A,G,G[A>G]G,Other
2149,LC373510_1,2014,Historical,A>G,G,A,G,G[A>G]G,Other
2149,LC416593_1,2018,Contemporary,A>G,G,A,G,G[A>G]G,Other
2149,LC416594_1,2018,Contemporary,A>G,G,A,G,G[A>G]G,Other
2149,LC416595_1,2018,Contemporary,A>G,G,A,G,G[A>G]G,Other
2149,LC435031_1,2018,Contemporary,A>G,G,A,G,G[A>G]G,Other
2149,LC435032_1,2018,Contemporary,A>G,G,A,G,G[A>G]G,Other
2149,MG049743_1,2017,Historical,A>G,G,A,G,G[A>G]G,Other
2149,MH577313_1,2017,Historical,A>G,G,A,G,G[A>G]G,Other
2149,MH577314_1,2018,Contemporary,A>G,G,A,G,G[A>G]G,Other
2149,MH933767_1,2014,Historical,G>A,A,G,A,A[G>A]A,GpA (Antisense APOBEC)
2149,MH933767_1,2014,Historical,A>G,G,A,G,G[A>G]G,Other
2149,MN062164_1,2017,Historical,A>G,G,A,G,G[A>G]G,Other
2149,MN062165_1,2018,Contemporary,A>G,G,A,G,G[A>G]G,Other
2149,MN062166_1,2018,Contemporary,A>G,G,A,G,G[A>G]G,Other
2149,MW405346_1,1998,Historical,A>G,G,A,G,G[A>G]G,Other
2149,MW405347_1,2002,Historical,A>G,G,A,G,G[A>G]G,Other
2149,MW405348_1,2004,Historical,A>G,G,A,G,G[A>G]G,Other
2149,MW405349_1,2014,Historical,A>G,G,A,G,G[A>G]G,Other
2149,OK625565_1,2016,Historical,A>G,G,A,G,G[A>G]G,Other
2149,OM291913_1,2019,Contemporary,A>G,G,A,G,G[A>G]G,Other
2149,OM291914_1,2020,Contemporary,A>G,G,A,G,G[A>G]G,Other
2149,OM291915_1,2020,Contemporary,A>G,G,A,G,G[A>G]G,Other
2149,OM291916_1,2020,Contemporary,A>G,G,A,G,G[A>G]G,Other
2149,OM291917_1,2020,Contemporary,A>G,G,A,G,G[A>G]G,Other
2149,OM291918_1,2020,Contemporary,A>G,G,A,G,G[A>G]G,Other
2149,ON496631_1,2019,Contemporary,A>G,G,A,G,G[A>G]G,Other
2149,ON496632_1,2019,Contemporary,A>G,G,A,G,G[A>G]G,Other
2149,ON524415_1,2019,Contemporary,A>G,G,A,G,G[A>G]G,Other
2149,ON524416_1,2019,Contemporary,A>G,G,A,G,G[A>G]G,Other
2149,ON524417_1,2019,Contemporary,A>G,G,A,G,G[A>G]G,Other
2149,ON524419_1,2019,Contemporary,A>G,G,A,G,G[A>G]G,Other
2149,ON524420_1,2019,Contemporary,A>G,G,A,G,G[A>G]G,Other
2149,ON524421_1,2019,Contemporary,A>G,G,A,G,G[A>G]G,Other
2149,ON524422_1,2019,Contemporary,A>G,G,A,G,G[A>G]G,Other
2149,ON524424_1,2019,Contemporary,A>G,G,A,G,G[A>G]G,Other
2149,ON524426_1,2019,Contemporary,A>G,G,A,G,G[A>G]G,Other
2149,ON524427_1,2019,Contemporary,A>G,G,A,G,G[A>G]G,Other
2149,ON524428_1,2019,Contemporary,A>G,G,A,G,G[A>G]G,Other
2149,ON524429_1,2019,Contemporary,A>G,G,A,G,G[A>G]G,Other
2149,ON524430_1,2019,Contemporary,A>G,G,A,G,G[A>G]G,Other
2149,ON524431_1,2019,Contemporary,A>G,G,A,G,G[A>G]G,Other
2149,ON524433_1,2019,Contemporary,A>G,G,A,G,G[A>G]G,Other
2149,ON524434_1,2019,Contemporary,A>G,G,A,G,G[A>G]G,Other
2149,ON524435_1,2019,Contemporary,A>G,G,A,G,G[A>G]G,Other
2149,ON524437_1,2019,Contemporary,A>G,G,A,G,G[A>G]G,Other
2149,ON524439_1,2019,Contemporary,A>G,G,A,G,G[A>G]G,Other
2149,ON524441_1,2019,Contemporary,A>G,G,A,G,G[A>G]G,Other
2149,ON524443_1,2019,Contemporary,A>G,G,A,G,G[A>G]G,Other
2149,ON524452_1,2019,Contemporary,A>G,G,A,G,G[A>G]G,Other
2149,ON524453_1,2019,Contemporary,A>G,G,A,G,G[A>G]G,Other
2149,ON524455_1,2019,Contemporary,A>G,G,A,G,G[A>G]G,Other
2149,ON524456_1,2019,Contemporary,A>G,G,A,G,G[A>G]G,Other
2149,ON524458_1,2019,Contemporary,A>G,G,A,G,G[A>G]G,Other
2149,ON524459_1,2019,Contemporary,A>G,G,A,G,G[A>G]G,Other
2149,ON524460_1,2019,Contemporary,A>G,G,A,G,G[A>G]G,Other
2149,ON524461_1,2019,Contemporary,A>G,G,A,G,G[A>G]G,Other
2149,ON524463_1,2019,Contemporary,A>G,G,A,G,G[A>G]G,Other
2149,ON524466_1,2020,Contemporary,A>G,G,A,G,G[A>G]G,Other
2149,ON524470_1,2020,Contemporary,A>G,G,A,G,G[A>G]G,Other
2149,ON524472_1,2020,Contemporary,A>G,G,A,G,G[A>G]G,Other
2149,ON524473_1,2020,Contemporary,A>G,G,A,G,G[A>G]G,Other
2149,ON524475_1,2020,Contemporary,A>G,G,A,G,G[A>G]G,Other
2149,ON524476_1,2020,Contemporary,A>G,G,A,G,G[A>G]G,Other
2149,ON524477_1,2020,Contemporary,A>G,G,A,G,G[A>G]G,Other
2149,ON524479_1,2020,Contemporary,A>G,G,A,G,G[A>G]G,Other
2149,ON524480_1,2020,Contemporary,A>G,G,A,G,G[A>G]G,Other
2149,ON524481_1,2020,Contemporary,A>G,G,A,G,G[A>G]G,Other
2149,ON524483_1,2020,Contemporary,A>G,G,A,G,G[A>G]G,Other
2149,ON524487_1,2020,Contemporary,A>G,G,A,G,G[A>G]G,Other
2149,ON524488_1,2020,Contemporary,A>G,G,A,G,G[A>G]G,Other
2149,ON524489_1,2020,Contemporary,A>G,G,A,G,G[A>G]G,Other
2149,ON524491_1,2020,Contemporary,A>G,G,A,G,G[A>G]G,Other
2149,ON524493_1,2020,Contemporary,A>G,G,A,G,G[A>G]G,Other
2149,ON524499_1,2020,Contemporary,A>G,G,A,G,G[A>G]G,Other
2149,ON524504_1,2020,Contemporary,A>G,G,A,G,G[A>G]G,Other
2149,ON524506_1,2020,Contemporary,A>G,G,A,G,G[A>G]G,Other
2149,ON524508_1,2020,Contemporary,A>G,G,A,G,G[A>G]G,Other
2149,ON524512_1,2020,Contemporary,A>G,G,A,G,G[A>G]G,Other
2149,ON524519_1,2020,Contemporary,A>G,G,A,G,G[A>G]G,Other
2149,ON524521_1,2020,Contemporary,A>G,G,A,G,G[A>G]G,Other
2149,ON524522_1,2020,Contemporary,A>G,G,A,G,G[A>G]G,Other
2149,ON524532_1,2021,Contemporary,A>G,G,A,G,G[A>G]G,Other
2149,ON524534_1,2021,Contemporary,A>G,G,A,G,G[A>G]G,Other
2149,ON524535_1,2021,Contemporary,A>G,G,A,G,G[A>G]G,Other
2149,ON661550_1,2019,Contemporary,A>G,G,A,G,G[A>G]G,Other
2149,ON661551_1,2021,Contemporary,A>G,G,A,G,G[A>G]G,Other
2149,ON661552_1,2021,Contemporary,A>G,G,A,G,G[A>G]G,Other
2149,ON661553_1,2021,Contemporary,A>G,G,A,G,G[A>G]G,Other
2149,ON661555_1,2021,Contemporary,A>G,G,A,G,G[A>G]G,Other
2149,ON661558_1,2021,Contemporary,A>G,G,A,G,G[A>G]G,Other
2149,ON661559_1,2021,Contemporary,A>G,G,A,G,G[A>G]G,Other
2149,ON911719_1,2006,Historical,A>G,G,A,G,G[A>G]G,Other
2149,ON911720_1,2016,Historical,A>G,G,A,G,G[A>G]G,Other
2149,ON911721_1,2014,Historical,A>G,G,A,G,G[A>G]G,Other
2149,ON911722_1,2006,Historical,A>G,G,A,G,G[A>G]G,Other
2149,OR031237_1,2018,Contemporary,A>G,G,A,G,G[A>G]G,Other
2149,OR606575_1,2023,Contemporary,A>G,G,A,G,G[A>G]G,Other
2149,OR606576_2,2023,Contemporary,A>G,G,A,G,G[A>G]G,Other
2149,PP389036_1,2019,Contemporary,A>G,G,A,G,G[A>G]G,Other
2149,PP389037_1,2019,Contemporary,A>G,G,A,G,G[A>G]G,Other
2149,PP389039_1,2019,Contemporary,A>G,G,A,G,G[A>G]G,Other
2149,PP389040_1,2019,Contemporary,A>G,G,A,G,G[A>G]G,Other
2149,PP389041_1,2019,Contemporary,A>G,G,A,G,G[A>G]G,Other
2149,PP389042_1,2019,Contemporary,A>G,G,A,G,G[A>G]G,Other
2149,PP389044_1,2019,Contemporary,A>G,G,A,G,G[A>G]G,Other
2149,PP661694_1,2018,Contemporary,A>G,G,A,G,G[A>G]G,Other
2149,PP661696_1,2023,Contemporary,A>G,G,A,G,G[A>G]G,Other
2149,PP661699_1,2017,Historical,A>G,G,A,G,G[A>G]G,Other
2149,PP860039_1,2022,Contemporary,A>G,G,A,G,G[A>G]G,Other
2149,PQ008999_1,2019,Contemporary,A>G,G,A,G,G[A>G]G,Other
2149,PQ009000_1,2019,Contemporary,A>G,G,A,G,G[A>G]G,Other
2149,PQ496830_1,2024,Contemporary,A>G,G,A,G,G[A>G]G,Other
2178,LC049340_1,2010,Historical,T>C,A,T,T,A[T>C]T,Other
2178,MH577308_1,2017,Historical,T>C,A,T,T,A[T>C]T,Other
2178,MH577309_1,2017,Historical,T>C,A,T,T,A[T>C]T,Other
2178,MH577310_1,2017,Historical,T>C,A,T,T,A[T>C]T,Other
2178,MH577311_1,2018,Contemporary,T>C,A,T,T,A[T>C]T,Other
2178,MH577312_1,2017,Historical,T>C,A,T,T,A[T>C]T,Other
2178,MN832785_1,2018,Contemporary,T>C,A,T,T,A[T>C]T,Other
2178,OM291918_1,2020,Contemporary,C>T,G,C,A,G[C>T]A,Other
2178,OM291918_1,2020,Contemporary,A>G,C,A,T,C[A>G]T,Other
2178,ON496633_1,2019,Contemporary,T>C,A,T,T,A[T>C]T,Other
2178,ON524423_1,2019,Contemporary,T>C,A,T,T,A[T>C]T,Other
2178,ON524432_1,2019,Contemporary,T>C,A,T,T,A[T>C]T,Other
2178,ON524436_1,2019,Contemporary,T>C,A,T,T,A[T>C]T,Other
2178,ON524438_1,2019,Contemporary,T>C,A,T,T,A[T>C]T,Other
2178,ON524440_1,2019,Contemporary,T>C,A,T,T,A[T>C]T,Other
2178,ON524442_1,2019,Contemporary,T>C,A,T,T,A[T>C]T,Other
2178,ON524444_1,2019,Contemporary,T>C,A,T,T,A[T>C]T,Other
2178,ON524445_1,2019,Contemporary,T>C,A,T,T,A[T>C]T,Other
2178,ON524446_1,2019,Contemporary,T>C,A,T,T,A[T>C]T,Other
2178,ON524448_1,2019,Contemporary,T>C,A,T,T,A[T>C]T,Other
2178,ON524449_1,2019,Contemporary,T>C,A,T,T,A[T>C]T,Other
2178,ON524450_1,2019,Contemporary,T>C,A,T,T,A[T>C]T,Other
2178,ON524451_1,2019,Contemporary,T>C,A,T,T,A[T>C]T,Other
2178,ON524457_1,2019,Contemporary,T>C,A,T,T,A[T>C]T,Other
2178,ON524462_1,2019,Contemporary,T>C,A,T,T,A[T>C]T,Other
2178,ON524464_1,2019,Contemporary,T>C,A,T,T,A[T>C]T,Other
2178,ON524465_1,2020,Contemporary,T>C,A,T,T,A[T>C]T,Other
2178,ON524467_1,2020,Contemporary,T>C,A,T,T,A[T>C]T,Other
2178,ON524468_1,2020,Contemporary,T>C,A,T,T,A[T>C]T,Other
2178,ON524469_1,2020,Contemporary,T>C,A,T,T,A[T>C]T,Other
2178,ON524471_1,2020,Contemporary,T>C,A,T,T,A[T>C]T,Other
2178,ON524474_1,2020,Contemporary,T>C,A,T,T,A[T>C]T,Other
2178,ON524478_1,2020,Contemporary,T>C,A,T,T,A[T>C]T,Other
2178,ON524482_1,2020,Contemporary,T>C,A,T,T,A[T>C]T,Other
2178,ON524484_1,2020,Contemporary,T>C,A,T,T,A[T>C]T,Other
2178,ON524492_1,2020,Contemporary,T>C,A,T,T,A[T>C]T,Other
2178,ON524494_1,2020,Contemporary,T>C,A,T,T,A[T>C]T,Other
2178,ON524496_1,2020,Contemporary,T>C,A,T,T,A[T>C]T,Other
2178,ON524497_1,2020,Contemporary,T>C,A,T,T,A[T>C]T,Other
2178,ON524498_1,2020,Contemporary,T>C,A,T,T,A[T>C]T,Other
2178,ON524500_1,2020,Contemporary,T>C,A,T,T,A[T>C]T,Other
2178,ON524501_1,2020,Contemporary,T>C,A,T,T,A[T>C]T,Other
2178,ON524502_1,2020,Contemporary,T>C,A,T,T,A[T>C]T,Other
2178,ON524503_1,2020,Contemporary,T>C,A,T,T,A[T>C]T,Other
2178,ON524507_1,2020,Contemporary,T>C,A,T,T,A[T>C]T,Other
2178,ON524509_1,2020,Contemporary,T>C,A,T,T,A[T>C]T,Other
2178,ON524510_1,2020,Contemporary,T>C,A,T,T,A[T>C]T,Other
2178,ON524514_1,2020,Contemporary,T>C,A,T,T,A[T>C]T,Other
2178,ON524515_1,2020,Contemporary,T>C,A,T,T,A[T>C]T,Other
2178,ON524516_1,2020,Contemporary,T>C,A,T,T,A[T>C]T,Other
2178,ON524517_1,2020,Contemporary,T>C,A,T,T,A[T>C]T,Other
2178,ON524518_1,2020,Contemporary,T>C,A,T,T,A[T>C]T,Other
2178,ON524520_1,2020,Contemporary,T>C,A,T,T,A[T>C]T,Other
2178,ON524524_1,2020,Contemporary,T>C,A,T,T,A[T>C]T,Other
2178,ON524526_1,2021,Contemporary,T>C,A,T,T,A[T>C]T,Other
2178,ON524528_1,2021,Contemporary,T>C,A,T,T,A[T>C]T,Other
2178,ON524529_1,2021,Contemporary,T>C,A,T,T,A[T>C]T,Other
2178,ON524530_1,2021,Contemporary,T>C,A,T,T,A[T>C]T,Other
2178,ON524531_1,2021,Contemporary,T>C,A,T,T,A[T>C]T,Other
2178,ON524533_1,2021,Contemporary,T>C,A,T,T,A[T>C]T,Other
2178,ON661554_1,2021,Contemporary,T>C,A,T,T,A[T>C]T,Other
2178,ON661556_1,2021,Contemporary,T>C,A,T,T,A[T>C]T,Other
2178,ON661557_1,2021,Contemporary,T>C,A,T,T,A[T>C]T,Other
2179,HM769724_1,2006,Historical,T>C,T,T,T,T[T>C]T,Other
2179,HQ437707_1,2007,Historical,T>C,T,T,T,T[T>C]T,Other
2179,KC182587_1,2009,Historical,G>A,T,G,C,T[G>A]C,Other
2179,KC182588_1,2009,Historical,T>C,T,T,T,T[T>C]T,Other
2179,KC182588_1,2009,Historical,G>A,T,G,C,T[G>A]C,Other
2179,KC182589_1,2009,Historical,G>A,T,G,C,T[G>A]C,Other
2179,LC515196_1,2016,Historical,G>A,T,G,C,T[G>A]C,Other
2179,LC515197_1,2016,Historical,G>A,T,G,C,T[G>A]C,Other
2179,LC515198_1,2016,Historical,G>A,T,G,C,T[G>A]C,Other
2179,LC515199_1,2016,Historical,G>A,T,G,C,T[G>A]C,Other
2179,LC515200_1,2016,Historical,G>A,T,G,C,T[G>A]C,Other
2179,LC515202_1,2016,Historical,G>A,T,G,C,T[G>A]C,Other
2179,MG049743_1,2017,Historical,G>A,T,G,C,T[G>A]C,Other
2179,MH933766_1,2014,Historical,G>A,T,G,C,T[G>A]C,Other
2179,MH933768_1,2014,Historical,G>A,T,G,C,T[G>A]C,Other
2179,MK829707_1,2013,Historical,G>A,T,G,C,T[G>A]C,Other
2179,MN062164_1,2017,Historical,T>C,T,T,T,T[T>C]T,Other
2179,MN062164_1,2017,Historical,G>A,T,G,C,T[G>A]C,Other
2179,MN062165_1,2018,Contemporary,T>C,T,T,T,T[T>C]T,Other
2179,MN062165_1,2018,Contemporary,G>A,T,G,C,T[G>A]C,Other
2179,MN062166_1,2018,Contemporary,G>A,T,G,C,T[G>A]C,Other
2179,MW405349_1,2014,Historical,T>C,T,T,T,T[T>C]T,Other
2179,OK625565_1,2016,Historical,G>A,T,G,C,T[G>A]C,Other
2179,OM291914_1,2020,Contemporary,G>A,T,G,C,T[G>A]C,Other
2179,OM291918_1,2020,Contemporary,T>C,T,T,G,T[T>C]G,Other
2179,OM291918_1,2020,Contemporary,G>A,T,G,C,T[G>A]C,Other
2179,ON496631_1,2019,Contemporary,T>C,T,T,T,T[T>C]T,Other
2179,ON496631_1,2019,Contemporary,G>A,T,G,C,T[G>A]C,Other
2179,ON496632_1,2019,Contemporary,G>A,T,G,C,T[G>A]C,Other
2179,ON524415_1,2019,Contemporary,T>C,T,T,T,T[T>C]T,Other
2179,ON524415_1,2019,Contemporary,G>A,T,G,C,T[G>A]C,Other
2179,ON524416_1,2019,Contemporary,G>A,T,G,C,T[G>A]C,Other
2179,ON524417_1,2019,Contemporary,G>A,T,G,C,T[G>A]C,Other
2179,ON524419_1,2019,Contemporary,G>A,T,G,C,T[G>A]C,Other
2179,ON524420_1,2019,Contemporary,G>A,T,G,C,T[G>A]C,Other
2179,ON524421_1,2019,Contemporary,G>A,T,G,C,T[G>A]C,Other
2179,ON524422_1,2019,Contemporary,G>A,T,G,C,T[G>A]C,Other
2179,ON524424_1,2019,Contemporary,G>A,T,G,C,T[G>A]C,Other
2179,ON524427_1,2019,Contemporary,G>A,T,G,C,T[G>A]C,Other
2179,ON524428_1,2019,Contemporary,G>A,T,G,C,T[G>A]C,Other
2179,ON524435_1,2019,Contemporary,T>C,T,T,T,T[T>C]T,Other
2179,ON524435_1,2019,Contemporary,G>A,T,G,C,T[G>A]C,Other
2179,ON524439_1,2019,Contemporary,G>A,T,G,C,T[G>A]C,Other
2179,ON524443_1,2019,Contemporary,G>A,T,G,C,T[G>A]C,Other
2179,ON524458_1,2019,Contemporary,G>A,T,G,C,T[G>A]C,Other
2179,ON524459_1,2019,Contemporary,G>A,T,G,C,T[G>A]C,Other
2179,ON524473_1,2020,Contemporary,G>A,T,G,C,T[G>A]C,Other
2179,ON524519_1,2020,Contemporary,G>A,T,G,C,T[G>A]C,Other
2179,ON524522_1,2020,Contemporary,G>A,T,G,C,T[G>A]C,Other
2179,ON524534_1,2021,Contemporary,G>A,T,G,C,T[G>A]C,Other
2179,ON524535_1,2021,Contemporary,G>A,T,G,C,T[G>A]C,Other
2179,ON661550_1,2019,Contemporary,T>C,T,T,T,T[T>C]T,Other
2179,ON661550_1,2019,Contemporary,G>A,T,G,C,T[G>A]C,Other
2179,ON661551_1,2021,Contemporary,G>A,T,G,C,T[G>A]C,Other
2179,ON661552_1,2021,Contemporary,G>A,T,G,C,T[G>A]C,Other
2179,ON661553_1,2021,Contemporary,G>A,T,G,C,T[G>A]C,Other
2179,PP661694_1,2018,Contemporary,G>A,T,G,C,T[G>A]C,Other
2179,PP661696_1,2023,Contemporary,T>C,T,T,T,T[T>C]T,Other
2179,PP661696_1,2023,Contemporary,G>A,T,G,C,T[G>A]C,Other
2179,PP661699_1,2017,Historical,G>A,T,G,C,T[G>A]C,Other
2179,PP860039_1,2022,Contemporary,T>C,T,T,T,T[T>C]T,Other
2180,KX228694_1,2014,Historical,C>T,G,C,T,G[C>T]T,Other
2180,KY003229_1,2011,Historical,C>T,G,C,T,G[C>T]T,Other
2180,LC515196_1,2016,Historical,C>T,G,C,T,G[C>T]T,Other
2180,LC515197_1,2016,Historical,C>T,G,C,T,G[C>T]T,Other
2180,LC515198_1,2016,Historical,C>T,G,C,T,G[C>T]T,Other
2180,LC515199_1,2016,Historical,C>T,G,C,T,G[C>T]T,Other
2180,LC515200_1,2016,Historical,C>T,G,C,T,G[C>T]T,Other
2180,LC515201_1,2016,Historical,C>T,G,C,T,G[C>T]T,Other
2180,LC515202_1,2016,Historical,C>T,G,C,T,G[C>T]T,Other
2180,MF621614_1,2016,Historical,C>T,G,C,T,G[C>T]T,Other
2180,MH577313_1,2017,Historical,C>T,G,C,T,G[C>T]T,Other
2180,MH577314_1,2018,Contemporary,C>T,G,C,T,G[C>T]T,Other
2180,MH685714_1,2013,Historical,C>T,G,C,T,G[C>T]T,Other
2180,MH933766_1,2014,Historical,C>T,G,C,T,G[C>T]T,Other
2180,MH933768_1,2014,Historical,C>T,G,C,T,G[C>T]T,Other
2180,MN746031_1,2018,Contemporary,C>T,G,C,T,G[C>T]T,Other
2180,MN746032_1,2018,Contemporary,C>T,G,C,T,G[C>T]T,Other
2180,OM291914_1,2020,Contemporary,C>T,G,C,T,G[C>T]T,Other
2180,OM291918_1,2020,Contemporary,C>T,G,C,T,G[C>T]T,Other
2180,OM291918_1,2020,Contemporary,T>C,C,T,G,C[T>C]G,Other
2180,OM291918_1,2020,Contemporary,G>A,T,G,T,T[G>A]T,Other
2180,ON524426_1,2019,Contemporary,C>T,G,C,T,G[C>T]T,Other
2180,ON524429_1,2019,Contemporary,C>T,G,C,T,G[C>T]T,Other
2180,ON524430_1,2019,Contemporary,C>T,G,C,T,G[C>T]T,Other
2180,ON524433_1,2019,Contemporary,C>T,G,C,T,G[C>T]T,Other
2180,ON524434_1,2019,Contemporary,C>T,G,C,T,G[C>T]T,Other
2180,ON524437_1,2019,Contemporary,C>T,G,C,T,G[C>T]T,Other
2180,ON524441_1,2019,Contemporary,C>T,G,C,T,G[C>T]T,Other
2180,ON524452_1,2019,Contemporary,C>T,G,C,T,G[C>T]T,Other
2180,ON524453_1,2019,Contemporary,C>T,G,C,T,G[C>T]T,Other
2180,ON524455_1,2019,Contemporary,C>T,G,C,T,G[C>T]T,Other
2180,ON524456_1,2019,Contemporary,C>T,G,C,T,G[C>T]T,Other
2180,ON524460_1,2019,Contemporary,C>T,G,C,T,G[C>T]T,Other
2180,ON524461_1,2019,Contemporary,C>T,G,C,T,G[C>T]T,Other
2180,ON524463_1,2019,Contemporary,C>T,G,C,T,G[C>T]T,Other
2180,ON524466_1,2020,Contemporary,C>T,G,C,T,G[C>T]T,Other
2180,ON524470_1,2020,Contemporary,C>T,G,C,T,G[C>T]T,Other
2180,ON524472_1,2020,Contemporary,C>T,G,C,T,G[C>T]T,Other
2180,ON524475_1,2020,Contemporary,C>T,G,C,T,G[C>T]T,Other
2180,ON524476_1,2020,Contemporary,C>T,G,C,T,G[C>T]T,Other
2180,ON524477_1,2020,Contemporary,C>T,G,C,T,G[C>T]T,Other
2180,ON524479_1,2020,Contemporary,C>T,G,C,T,G[C>T]T,Other
2180,ON524480_1,2020,Contemporary,C>T,G,C,T,G[C>T]T,Other
2180,ON524481_1,2020,Contemporary,C>T,G,C,T,G[C>T]T,Other
2180,ON524483_1,2020,Contemporary,C>T,G,C,T,G[C>T]T,Other
2180,ON524487_1,2020,Contemporary,C>T,G,C,T,G[C>T]T,Other
2180,ON524488_1,2020,Contemporary,C>T,G,C,T,G[C>T]T,Other
2180,ON524489_1,2020,Contemporary,C>T,G,C,T,G[C>T]T,Other
2180,ON524491_1,2020,Contemporary,C>T,G,C,T,G[C>T]T,Other
2180,ON524493_1,2020,Contemporary,C>T,G,C,T,G[C>T]T,Other
2180,ON524499_1,2020,Contemporary,C>T,G,C,T,G[C>T]T,Other
2180,ON524504_1,2020,Contemporary,C>T,G,C,T,G[C>T]T,Other
2180,ON524506_1,2020,Contemporary,C>T,G,C,T,G[C>T]T,Other
2180,ON524508_1,2020,Contemporary,C>T,G,C,T,G[C>T]T,Other
2180,ON524512_1,2020,Contemporary,C>T,G,C,T,G[C>T]T,Other
2180,ON524521_1,2020,Contemporary,C>T,G,C,T,G[C>T]T,Other
2180,ON524532_1,2021,Contemporary,C>T,G,C,T,G[C>T]T,Other
2180,ON661555_1,2021,Contemporary,C>T,G,C,T,G[C>T]T,Other
2180,ON661558_1,2021,Contemporary,C>T,G,C,T,G[C>T]T,Other
2180,ON661559_1,2021,Contemporary,C>T,G,C,T,G[C>T]T,Other
2180,OQ077984_1,2012,Historical,C>T,G,C,T,G[C>T]T,Other
2180,OQ077985_1,2012,Historical,C>T,G,C,T,G[C>T]T,Other
2180,OQ077995_1,2012,Historical,C>T,G,C,T,G[C>T]T,Other
2180,OQ077996_1,2012,Historical,C>T,G,C,T,G[C>T]T,Other
2180,OQ161772_2,2022,Contemporary,C>T,G,C,T,G[C>T]T,Other
2180,OQ791466_1,2019,Contemporary,C>T,G,C,T,G[C>T]T,Other
2180,OR031237_1,2018,Contemporary,C>T,G,C,T,G[C>T]T,Other
2180,OR477188_1,2022,Contemporary,C>T,G,C,T,G[C>T]T,Other
2180,OR477190_1,2022,Contemporary,C>T,G,C,T,G[C>T]T,Other
2180,OR477193_1,2022,Contemporary,C>T,G,C,T,G[C>T]T,Other
2180,OR477194_1,2022,Contemporary,C>T,G,C,T,G[C>T]T,Other
2180,OR477195_1,2022,Contemporary,C>T,G,C,T,G[C>T]T,Other
2180,OR477196_1,2022,Contemporary,C>T,G,C,T,G[C>T]T,Other
2180,OR477197_1,2022,Contemporary,C>T,G,C,T,G[C>T]T,Other
2180,OR477198_1,2022,Contemporary,C>T,G,C,T,G[C>T]T,Other
2180,OR477199_1,2022,Contemporary,C>T,G,C,T,G[C>T]T,Other
2180,OR477200_1,2022,Contemporary,C>T,G,C,T,G[C>T]T,Other
2180,OR477202_1,2022,Contemporary,C>T,G,C,T,G[C>T]T,Other
2181,AB425339_1,1979,Historical,T>C,A,T,A,A[T>C]A,Other
2181,AB618529_1,2010,Historical,T>C,A,T,A,A[T>C]A,Other
2181,AB618531_1,1999,Historical,T>C,A,T,A,A[T>C]A,Other
2181,AB793725_1,2012,Historical,T>C,A,T,A,A[T>C]A,Other
2181,AB793726_1,2012,Historical,T>C,A,T,A,A[T>C]A,Other
2181,AB819869_1,2011,Historical,T>C,A,T,A,A[T>C]A,Other
2181,AB819870_1,2012,Historical,T>C,A,T,A,A[T>C]A,Other
2181,AB839692_1,2003,Historical,T>C,A,T,A,A[T>C]A,Other
2181,AB839693_1,2007,Historical,T>C,A,T,A,A[T>C]A,Other
2181,AB839694_1,2007,Historical,T>C,A,T,A,A[T>C]A,Other
2181,AB839695_1,2007,Historical,T>C,A,T,A,A[T>C]A,Other
2181,AB839696_1,2007,Historical,T>C,A,T,A,A[T>C]A,Other
2181,AB839697_1,2007,Historical,T>C,A,T,A,A[T>C]A,Other
2181,AB909123_1,2011,Historical,T>C,A,T,A,A[T>C]A,Other
2181,AB969748_1,2014,Historical,T>C,A,T,A,A[T>C]A,Other
2181,AB973400_1,2014,Historical,T>C,A,T,A,A[T>C]A,Other
2181,AB973401_1,2010,Historical,T>C,A,T,A,A[T>C]A,Other
2181,HM769724_1,2006,Historical,T>C,A,T,A,A[T>C]A,Other
2181,HQ437707_1,2007,Historical,T>C,A,T,A,A[T>C]A,Other
2181,KC182587_1,2009,Historical,T>C,A,T,A,A[T>C]A,Other
2181,KC182588_1,2009,Historical,T>C,A,T,A,A[T>C]A,Other
2181,KC182589_1,2009,Historical,T>C,A,T,A,A[T>C]A,Other
2181,KF773842_1,2013,Historical,T>C,A,T,A,A[T>C]A,Other
2181,KJ427799_1,2013,Historical,T>C,A,T,A,A[T>C]A,Other
2181,KP177964_1,2007,Historical,T>C,A,T,A,A[T>C]A,Other
2181,KP177965_1,2007,Historical,T>C,A,T,A,A[T>C]A,Other
2181,KX228694_1,2014,Historical,T>C,A,T,A,A[T>C]A,Other
2181,KY003229_1,2011,Historical,T>C,A,T,A,A[T>C]A,Other
2181,LC035020_1,2014,Historical,T>C,A,T,A,A[T>C]A,Other
2181,LC049337_1,2012,Historical,T>C,A,T,A,A[T>C]A,Other
2181,LC049338_1,2009,Historical,T>C,A,T,A,A[T>C]A,Other
2181,LC049339_1,2006,Historical,T>C,A,T,A,A[T>C]A,Other
2181,LC049340_1,2010,Historical,T>C,A,T,A,A[T>C]A,Other
2181,LC049341_1,2012,Historical,T>C,A,T,A,A[T>C]A,Other
2181,LC049342_1,2012,Historical,T>C,A,T,A,A[T>C]A,Other
2181,LC128713_1,2000,Historical,T>C,A,T,A,A[T>C]A,Other
2181,LC191189_1,2015,Historical,T>C,A,T,A,A[T>C]A,Other
2181,LC373510_1,2014,Historical,T>C,A,T,A,A[T>C]A,Other
2181,LC416593_1,2018,Contemporary,T>C,A,T,A,A[T>C]A,Other
2181,LC416594_1,2018,Contemporary,T>C,A,T,A,A[T>C]A,Other
2181,LC416595_1,2018,Contemporary,T>C,A,T,A,A[T>C]A,Other
2181,LC435031_1,2018,Contemporary,T>C,A,T,A,A[T>C]A,Other
2181,LC435032_1,2018,Contemporary,T>C,A,T,A,A[T>C]A,Other
2181,LC515196_1,2016,Historical,T>C,A,T,A,A[T>C]A,Other
2181,LC515197_1,2016,Historical,T>C,A,T,A,A[T>C]A,Other
2181,LC515198_1,2016,Historical,T>C,A,T,A,A[T>C]A,Other
2181,LC515199_1,2016,Historical,T>C,A,T,A,A[T>C]A,Other
2181,LC515200_1,2016,Historical,T>C,A,T,A,A[T>C]A,Other
2181,LC515201_1,2016,Historical,T>C,A,T,A,A[T>C]A,Other
2181,LC515202_1,2016,Historical,T>C,A,T,A,A[T>C]A,Other
2181,MF621614_1,2016,Historical,T>C,A,T,A,A[T>C]A,Other
2181,MG049743_1,2017,Historical,T>C,A,T,A,A[T>C]A,Other
2181,MH577308_1,2017,Historical,T>C,A,T,A,A[T>C]A,Other
2181,MH577309_1,2017,Historical,T>C,A,T,A,A[T>C]A,Other
2181,MH577310_1,2017,Historical,T>C,A,T,A,A[T>C]A,Other
2181,MH577311_1,2018,Contemporary,T>C,A,T,A,A[T>C]A,Other
2181,MH577312_1,2017,Historical,T>C,A,T,A,A[T>C]A,Other
2181,MH577313_1,2017,Historical,T>C,A,T,A,A[T>C]A,Other
2181,MH577314_1,2018,Contemporary,T>C,A,T,A,A[T>C]A,Other
2181,MH685714_1,2013,Historical,T>C,A,T,A,A[T>C]A,Other
2181,MH933766_1,2014,Historical,T>C,A,T,A,A[T>C]A,Other
2181,MH933768_1,2014,Historical,T>C,A,T,A,A[T>C]A,Other
2181,MN062164_1,2017,Historical,T>C,A,T,A,A[T>C]A,Other
2181,MN062165_1,2018,Contemporary,T>C,A,T,A,A[T>C]A,Other
2181,MN062166_1,2018,Contemporary,T>C,A,T,A,A[T>C]A,Other
2181,MN746031_1,2018,Contemporary,T>C,A,T,A,A[T>C]A,Other
2181,MN832785_1,2018,Contemporary,T>C,A,T,A,A[T>C]A,Other
2181,MW405346_1,1998,Historical,T>C,A,T,A,A[T>C]A,Other
2181,MW405347_1,2002,Historical,T>C,A,T,A,A[T>C]A,Other
2181,MW405348_1,2004,Historical,T>C,A,T,A,A[T>C]A,Other
2181,OK625565_1,2016,Historical,T>C,A,T,A,A[T>C]A,Other
2181,OM291913_1,2019,Contemporary,T>C,A,T,A,A[T>C]A,Other
2181,OM291915_1,2020,Contemporary,T>C,A,T,A,A[T>C]A,Other
2181,OM291916_1,2020,Contemporary,T>C,A,T,A,A[T>C]A,Other
2181,OM291917_1,2020,Contemporary,T>C,A,T,A,A[T>C]A,Other
2181,OM291918_1,2020,Contemporary,A>G,T,A,T,T[A>G]T,TpA/ApA (ADAR)
2181,OM291918_1,2020,Contemporary,T>C,A,T,A,A[T>C]A,Other
2181,ON496631_1,2019,Contemporary,T>C,A,T,A,A[T>C]A,Other
2181,ON496632_1,2019,Contemporary,T>C,A,T,A,A[T>C]A,Other
2181,ON496633_1,2019,Contemporary,T>C,A,T,A,A[T>C]A,Other
2181,ON524415_1,2019,Contemporary,T>C,A,T,A,A[T>C]A,Other
2181,ON524416_1,2019,Contemporary,T>C,A,T,A,A[T>C]A,Other
2181,ON524417_1,2019,Contemporary,T>C,A,T,A,A[T>C]A,Other
2181,ON524419_1,2019,Contemporary,T>C,A,T,A,A[T>C]A,Other
2181,ON524420_1,2019,Contemporary,T>C,A,T,A,A[T>C]A,Other
2181,ON524421_1,2019,Contemporary,T>C,A,T,A,A[T>C]A,Other
2181,ON524422_1,2019,Contemporary,T>C,A,T,A,A[T>C]A,Other
2181,ON524423_1,2019,Contemporary,T>C,A,T,A,A[T>C]A,Other
2181,ON524424_1,2019,Contemporary,T>C,A,T,A,A[T>C]A,Other
2181,ON524425_1,2019,Contemporary,T>C,A,T,A,A[T>C]A,Other
2181,ON524426_1,2019,Contemporary,T>C,A,T,A,A[T>C]A,Other
2181,ON524427_1,2019,Contemporary,T>C,A,T,A,A[T>C]A,Other
2181,ON524428_1,2019,Contemporary,T>C,A,T,A,A[T>C]A,Other
2181,ON524429_1,2019,Contemporary,T>C,A,T,A,A[T>C]A,Other
2181,ON524430_1,2019,Contemporary,T>C,A,T,A,A[T>C]A,Other
2181,ON524431_1,2019,Contemporary,T>C,A,T,A,A[T>C]A,Other
2181,ON524432_1,2019,Contemporary,T>C,A,T,A,A[T>C]A,Other
2181,ON524433_1,2019,Contemporary,T>C,A,T,A,A[T>C]A,Other
2181,ON524434_1,2019,Contemporary,T>C,A,T,A,A[T>C]A,Other
2181,ON524435_1,2019,Contemporary,T>C,A,T,A,A[T>C]A,Other
2181,ON524436_1,2019,Contemporary,T>C,A,T,A,A[T>C]A,Other
2181,ON524437_1,2019,Contemporary,T>C,A,T,A,A[T>C]A,Other
2181,ON524438_1,2019,Contemporary,T>C,A,T,A,A[T>C]A,Other
2181,ON524439_1,2019,Contemporary,T>C,A,T,A,A[T>C]A,Other
2181,ON524440_1,2019,Contemporary,T>C,A,T,A,A[T>C]A,Other
2181,ON524441_1,2019,Contemporary,T>C,A,T,A,A[T>C]A,Other
2181,ON524442_1,2019,Contemporary,T>C,A,T,A,A[T>C]A,Other
2181,ON524443_1,2019,Contemporary,T>C,A,T,A,A[T>C]A,Other
2181,ON524444_1,2019,Contemporary,T>C,A,T,A,A[T>C]A,Other
2181,ON524445_1,2019,Contemporary,T>C,A,T,A,A[T>C]A,Other
2181,ON524446_1,2019,Contemporary,T>C,A,T,A,A[T>C]A,Other
2181,ON524448_1,2019,Contemporary,T>C,A,T,A,A[T>C]A,Other
2181,ON524449_1,2019,Contemporary,T>C,A,T,A,A[T>C]A,Other
2181,ON524450_1,2019,Contemporary,T>C,A,T,A,A[T>C]A,Other
2181,ON524451_1,2019,Contemporary,T>C,A,T,A,A[T>C]A,Other
2181,ON524452_1,2019,Contemporary,T>C,A,T,A,A[T>C]A,Other
2181,ON524453_1,2019,Contemporary,T>C,A,T,A,A[T>C]A,Other
2181,ON524455_1,2019,Contemporary,T>C,A,T,A,A[T>C]A,Other
2181,ON524456_1,2019,Contemporary,T>C,A,T,A,A[T>C]A,Other
2181,ON524457_1,2019,Contemporary,T>C,A,T,A,A[T>C]A,Other
2181,ON524458_1,2019,Contemporary,T>C,A,T,A,A[T>C]A,Other
2181,ON524459_1,2019,Contemporary,T>C,A,T,A,A[T>C]A,Other
2181,ON524460_1,2019,Contemporary,T>C,A,T,A,A[T>C]A,Other
2181,ON524461_1,2019,Contemporary,T>C,A,T,A,A[T>C]A,Other
2181,ON524462_1,2019,Contemporary,T>C,A,T,A,A[T>C]A,Other
2181,ON524463_1,2019,Contemporary,T>C,A,T,A,A[T>C]A,Other
2181,ON524464_1,2019,Contemporary,T>C,A,T,A,A[T>C]A,Other
2181,ON524465_1,2020,Contemporary,T>C,A,T,A,A[T>C]A,Other
2181,ON524466_1,2020,Contemporary,T>C,A,T,A,A[T>C]A,Other
2181,ON524467_1,2020,Contemporary,T>C,A,T,A,A[T>C]A,Other
2181,ON524468_1,2020,Contemporary,T>C,A,T,A,A[T>C]A,Other
2181,ON524469_1,2020,Contemporary,T>C,A,T,A,A[T>C]A,Other
2181,ON524470_1,2020,Contemporary,T>C,A,T,A,A[T>C]A,Other
2181,ON524471_1,2020,Contemporary,T>C,A,T,A,A[T>C]A,Other
2181,ON524472_1,2020,Contemporary,T>C,A,T,A,A[T>C]A,Other
2181,ON524473_1,2020,Contemporary,T>C,A,T,A,A[T>C]A,Other
2181,ON524474_1,2020,Contemporary,T>C,A,T,A,A[T>C]A,Other
2181,ON524475_1,2020,Contemporary,T>C,A,T,A,A[T>C]A,Other
2181,ON524476_1,2020,Contemporary,T>C,A,T,A,A[T>C]A,Other
2181,ON524477_1,2020,Contemporary,T>C,A,T,A,A[T>C]A,Other
2181,ON524478_1,2020,Contemporary,T>C,A,T,A,A[T>C]A,Other
2181,ON524479_1,2020,Contemporary,T>C,A,T,A,A[T>C]A,Other
2181,ON524480_1,2020,Contemporary,T>C,A,T,A,A[T>C]A,Other
2181,ON524481_1,2020,Contemporary,T>C,A,T,A,A[T>C]A,Other
2181,ON524482_1,2020,Contemporary,T>C,A,T,A,A[T>C]A,Other
2181,ON524483_1,2020,Contemporary,T>C,A,T,A,A[T>C]A,Other
2181,ON524484_1,2020,Contemporary,T>C,A,T,A,A[T>C]A,Other
2181,ON524487_1,2020,Contemporary,T>C,A,T,A,A[T>C]A,Other
2181,ON524488_1,2020,Contemporary,T>C,A,T,A,A[T>C]A,Other
2181,ON524489_1,2020,Contemporary,T>C,A,T,A,A[T>C]A,Other
2181,ON524491_1,2020,Contemporary,T>C,A,T,A,A[T>C]A,Other
2181,ON524492_1,2020,Contemporary,T>C,A,T,A,A[T>C]A,Other
2181,ON524493_1,2020,Contemporary,T>C,A,T,A,A[T>C]A,Other
2181,ON524494_1,2020,Contemporary,T>C,A,T,A,A[T>C]A,Other
2181,ON524496_1,2020,Contemporary,T>C,A,T,A,A[T>C]A,Other
2181,ON524497_1,2020,Contemporary,T>C,A,T,A,A[T>C]A,Other
2181,ON524498_1,2020,Contemporary,T>C,A,T,A,A[T>C]A,Other
2181,ON524499_1,2020,Contemporary,T>C,A,T,A,A[T>C]A,Other
2181,ON524500_1,2020,Contemporary,T>C,A,T,A,A[T>C]A,Other
2181,ON524501_1,2020,Contemporary,T>C,A,T,A,A[T>C]A,Other
2181,ON524502_1,2020,Contemporary,T>C,A,T,A,A[T>C]A,Other
2181,ON524503_1,2020,Contemporary,T>C,A,T,A,A[T>C]A,Other
2181,ON524504_1,2020,Contemporary,T>C,A,T,A,A[T>C]A,Other
2181,ON524506_1,2020,Contemporary,T>C,A,T,A,A[T>C]A,Other
2181,ON524507_1,2020,Contemporary,T>C,A,T,A,A[T>C]A,Other
2181,ON524508_1,2020,Contemporary,T>C,A,T,A,A[T>C]A,Other
2181,ON524509_1,2020,Contemporary,T>C,A,T,A,A[T>C]A,Other
2181,ON524510_1,2020,Contemporary,T>C,A,T,A,A[T>C]A,Other
2181,ON524512_1,2020,Contemporary,T>C,A,T,A,A[T>C]A,Other
2181,ON524514_1,2020,Contemporary,T>C,A,T,A,A[T>C]A,Other
2181,ON524515_1,2020,Contemporary,T>C,A,T,A,A[T>C]A,Other
2181,ON524516_1,2020,Contemporary,T>C,A,T,A,A[T>C]A,Other
2181,ON524517_1,2020,Contemporary,T>C,A,T,A,A[T>C]A,Other
2181,ON524518_1,2020,Contemporary,T>C,A,T,A,A[T>C]A,Other
2181,ON524519_1,2020,Contemporary,T>C,A,T,A,A[T>C]A,Other
2181,ON524520_1,2020,Contemporary,T>C,A,T,A,A[T>C]A,Other
2181,ON524521_1,2020,Contemporary,T>C,A,T,A,A[T>C]A,Other
2181,ON524522_1,2020,Contemporary,T>C,A,T,A,A[T>C]A,Other
2181,ON524524_1,2020,Contemporary,T>C,A,T,A,A[T>C]A,Other
2181,ON524526_1,2021,Contemporary,T>C,A,T,A,A[T>C]A,Other
2181,ON524528_1,2021,Contemporary,T>C,A,T,A,A[T>C]A,Other
2181,ON524529_1,2021,Contemporary,T>C,A,T,A,A[T>C]A,Other
2181,ON524530_1,2021,Contemporary,T>C,A,T,A,A[T>C]A,Other
2181,ON524531_1,2021,Contemporary,T>C,A,T,A,A[T>C]A,Other
2181,ON524532_1,2021,Contemporary,T>C,A,T,A,A[T>C]A,Other
2181,ON524533_1,2021,Contemporary,T>C,A,T,A,A[T>C]A,Other
2181,ON524534_1,2021,Contemporary,T>C,A,T,A,A[T>C]A,Other
2181,ON524535_1,2021,Contemporary,T>C,A,T,A,A[T>C]A,Other
2181,ON661550_1,2019,Contemporary,T>C,A,T,A,A[T>C]A,Other
2181,ON661551_1,2021,Contemporary,T>C,A,T,A,A[T>C]A,Other
2181,ON661552_1,2021,Contemporary,T>C,A,T,A,A[T>C]A,Other
2181,ON661553_1,2021,Contemporary,T>C,A,T,A,A[T>C]A,Other
2181,ON661554_1,2021,Contemporary,T>C,A,T,A,A[T>C]A,Other
2181,ON661555_1,2021,Contemporary,T>C,A,T,A,A[T>C]A,Other
2181,ON661556_1,2021,Contemporary,T>C,A,T,A,A[T>C]A,Other
2181,ON661557_1,2021,Contemporary,T>C,A,T,A,A[T>C]A,Other
2181,ON661558_1,2021,Contemporary,T>C,A,T,A,A[T>C]A,Other
2181,ON661559_1,2021,Contemporary,T>C,A,T,A,A[T>C]A,Other
2181,ON911719_1,2006,Historical,T>C,A,T,A,A[T>C]A,Other
2181,ON911720_1,2016,Historical,T>C,A,T,A,A[T>C]A,Other
2181,ON911721_1,2014,Historical,T>C,A,T,A,A[T>C]A,Other
2181,ON911722_1,2006,Historical,T>C,A,T,A,A[T>C]A,Other
2181,OQ077984_1,2012,Historical,T>C,A,T,A,A[T>C]A,Other
2181,OQ077985_1,2012,Historical,T>C,A,T,A,A[T>C]A,Other
2181,OQ077995_1,2012,Historical,T>C,A,T,A,A[T>C]A,Other
2181,OQ077996_1,2012,Historical,T>C,A,T,A,A[T>C]A,Other
2181,OQ161772_2,2022,Contemporary,T>C,A,T,A,A[T>C]A,Other
2181,OQ791466_1,2019,Contemporary,T>C,A,T,A,A[T>C]A,Other
2181,OR031237_1,2018,Contemporary,T>C,A,T,A,A[T>C]A,Other
2181,OR477188_1,2022,Contemporary,T>C,A,T,A,A[T>C]A,Other
2181,OR477190_1,2022,Contemporary,T>C,A,T,A,A[T>C]A,Other
2181,OR477193_1,2022,Contemporary,T>C,A,T,A,A[T>C]A,Other
2181,OR477194_1,2022,Contemporary,T>C,A,T,A,A[T>C]A,Other
2181,OR477195_1,2022,Contemporary,T>C,A,T,A,A[T>C]A,Other
2181,OR477196_1,2022,Contemporary,T>C,A,T,A,A[T>C]A,Other
2181,OR477197_1,2022,Contemporary,T>C,A,T,A,A[T>C]A,Other
2181,OR477198_1,2022,Contemporary,T>C,A,T,A,A[T>C]A,Other
2181,OR477199_1,2022,Contemporary,T>C,A,T,A,A[T>C]A,Other
2181,OR477200_1,2022,Contemporary,T>C,A,T,A,A[T>C]A,Other
2181,OR477202_1,2022,Contemporary,T>C,A,T,A,A[T>C]A,Other
2181,OR606576_2,2023,Contemporary,T>C,A,T,A,A[T>C]A,Other
2181,PP389036_1,2019,Contemporary,T>C,A,T,A,A[T>C]A,Other
2181,PP389037_1,2019,Contemporary,T>C,A,T,A,A[T>C]A,Other
2181,PP389039_1,2019,Contemporary,T>C,A,T,A,A[T>C]A,Other
2181,PP389040_1,2019,Contemporary,T>C,A,T,A,A[T>C]A,Other
2181,PP389041_1,2019,Contemporary,T>C,A,T,A,A[T>C]A,Other
2181,PP389042_1,2019,Contemporary,T>C,A,T,A,A[T>C]A,Other
2181,PP389044_1,2019,Contemporary,T>C,A,T,A,A[T>C]A,Other
2181,PP661694_1,2018,Contemporary,T>C,A,T,A,A[T>C]A,Other
2181,PP661695_1,2019,Contemporary,T>C,A,T,A,A[T>C]A,Other
2181,PP661696_1,2023,Contemporary,T>C,A,T,A,A[T>C]A,Other
2181,PP661697_1,2018,Contemporary,T>C,A,T,A,A[T>C]A,Other
2181,PP661698_1,2021,Contemporary,T>C,A,T,A,A[T>C]A,Other
2181,PP661699_1,2017,Historical,T>C,A,T,A,A[T>C]A,Other
2181,PP860039_1,2022,Contemporary,T>C,A,T,A,A[T>C]A,Other
2181,PQ008999_1,2019,Contemporary,T>C,A,T,A,A[T>C]A,Other
2181,PQ009000_1,2019,Contemporary,T>C,A,T,A,A[T>C]A,Other
2181,PQ496830_1,2024,Contemporary,T>C,A,T,A,A[T>C]A,Other
2182,AB425339_1,1979,Historical,C>T,A,C,T,A[C>T]T,Other
2182,AB618529_1,2010,Historical,C>T,A,C,T,A[C>T]T,Other
2182,AB618531_1,1999,Historical,C>T,A,C,T,A[C>T]T,Other
2182,AB793725_1,2012,Historical,C>T,A,C,T,A[C>T]T,Other
2182,AB793726_1,2012,Historical,C>T,A,C,T,A[C>T]T,Other
2182,AB819869_1,2011,Historical,C>T,A,C,T,A[C>T]T,Other
2182,AB819870_1,2012,Historical,C>T,A,C,T,A[C>T]T,Other
2182,AB839692_1,2003,Historical,C>T,A,C,T,A[C>T]T,Other
2182,AB839693_1,2007,Historical,C>T,A,C,T,A[C>T]T,Other
2182,AB839694_1,2007,Historical,C>T,A,C,T,A[C>T]T,Other
2182,AB839695_1,2007,Historical,C>T,A,C,T,A[C>T]T,Other
2182,AB839696_1,2007,Historical,C>T,A,C,T,A[C>T]T,Other
2182,AB839697_1,2007,Historical,C>T,A,C,T,A[C>T]T,Other
2182,AB909123_1,2011,Historical,C>T,A,C,T,A[C>T]T,Other
2182,AB969748_1,2014,Historical,C>T,A,C,T,A[C>T]T,Other
2182,AB973400_1,2014,Historical,C>T,A,C,T,A[C>T]T,Other
2182,AB973401_1,2010,Historical,C>T,A,C,T,A[C>T]T,Other
2182,HM769724_1,2006,Historical,C>T,A,C,T,A[C>T]T,Other
2182,HQ437707_1,2007,Historical,C>T,A,C,T,A[C>T]T,Other
2182,KC182588_1,2009,Historical,C>T,A,C,T,A[C>T]T,Other
2182,KP177964_1,2007,Historical,C>T,A,C,T,A[C>T]T,Other
2182,KP177965_1,2007,Historical,C>T,A,C,T,A[C>T]T,Other
2182,LC035020_1,2014,Historical,C>T,A,C,T,A[C>T]T,Other
2182,LC049337_1,2012,Historical,C>T,A,C,T,A[C>T]T,Other
2182,LC049338_1,2009,Historical,C>T,A,C,T,A[C>T]T,Other
2182,LC049339_1,2006,Historical,C>T,A,C,T,A[C>T]T,Other
2182,LC049340_1,2010,Historical,C>T,A,C,T,A[C>T]T,Other
2182,LC049341_1,2012,Historical,C>T,A,C,T,A[C>T]T,Other
2182,LC049342_1,2012,Historical,C>T,A,C,T,A[C>T]T,Other
2182,LC128713_1,2000,Historical,C>T,A,C,T,A[C>T]T,Other
2182,LC191189_1,2015,Historical,C>T,A,C,T,A[C>T]T,Other
2182,LC373510_1,2014,Historical,C>T,A,C,T,A[C>T]T,Other
2182,LC416593_1,2018,Contemporary,C>T,A,C,T,A[C>T]T,Other
2182,LC416594_1,2018,Contemporary,C>T,A,C,T,A[C>T]T,Other
2182,LC416595_1,2018,Contemporary,C>T,A,C,T,A[C>T]T,Other
2182,LC435031_1,2018,Contemporary,C>T,A,C,T,A[C>T]T,Other
2182,LC435032_1,2018,Contemporary,C>T,A,C,T,A[C>T]T,Other
2182,LC515196_1,2016,Historical,C>T,A,C,T,A[C>T]T,Other
2182,LC515197_1,2016,Historical,C>T,A,C,T,A[C>T]T,Other
2182,LC515198_1,2016,Historical,C>T,A,C,T,A[C>T]T,Other
2182,LC515199_1,2016,Historical,C>T,A,C,T,A[C>T]T,Other
2182,LC515200_1,2016,Historical,C>T,A,C,T,A[C>T]T,Other
2182,LC515201_1,2016,Historical,C>T,A,C,T,A[C>T]T,Other
2182,LC515202_1,2016,Historical,C>T,A,C,T,A[C>T]T,Other
2182,MG049743_1,2017,Historical,C>T,A,C,T,A[C>T]T,Other
2182,MH577313_1,2017,Historical,C>T,A,C,T,A[C>T]T,Other
2182,MH577314_1,2018,Contemporary,C>T,A,C,T,A[C>T]T,Other
2182,MH685714_1,2013,Historical,C>T,A,C,T,A[C>T]T,Other
2182,MH933766_1,2014,Historical,C>T,A,C,T,A[C>T]T,Other
2182,MH933768_1,2014,Historical,C>T,A,C,T,A[C>T]T,Other
2182,MN062164_1,2017,Historical,C>T,A,C,T,A[C>T]T,Other
2182,MN062165_1,2018,Contemporary,C>T,A,C,T,A[C>T]T,Other
2182,MN062166_1,2018,Contemporary,C>T,A,C,T,A[C>T]T,Other
2182,MN832786_1,2018,Contemporary,C>T,A,C,T,A[C>T]T,Other
2182,MW405346_1,1998,Historical,C>T,A,C,T,A[C>T]T,Other
2182,MW405347_1,2002,Historical,C>T,A,C,T,A[C>T]T,Other
2182,MW405348_1,2004,Historical,C>T,A,C,T,A[C>T]T,Other
2182,MW405349_1,2014,Historical,C>T,A,C,T,A[C>T]T,Other
2182,OK625565_1,2016,Historical,C>T,A,C,T,A[C>T]T,Other
2182,OM291913_1,2019,Contemporary,C>T,A,C,T,A[C>T]T,Other
2182,OM291914_1,2020,Contemporary,C>T,A,C,T,A[C>T]T,Other
2182,OM291915_1,2020,Contemporary,C>T,A,C,T,A[C>T]T,Other
2182,OM291916_1,2020,Contemporary,C>T,A,C,T,A[C>T]T,Other
2182,OM291917_1,2020,Contemporary,C>T,A,C,T,A[C>T]T,Other
2182,OM291918_1,2020,Contemporary,A>G,A,A,C,A[A>G]C,TpA/ApA (ADAR)
2182,ON496631_1,2019,Contemporary,C>T,A,C,T,A[C>T]T,Other
2182,ON496632_1,2019,Contemporary,C>T,A,C,T,A[C>T]T,Other
2182,ON524415_1,2019,Contemporary,C>T,A,C,T,A[C>T]T,Other
2182,ON524416_1,2019,Contemporary,C>T,A,C,T,A[C>T]T,Other
2182,ON524417_1,2019,Contemporary,C>T,A,C,T,A[C>T]T,Other
2182,ON524419_1,2019,Contemporary,C>T,A,C,T,A[C>T]T,Other
2182,ON524420_1,2019,Contemporary,C>T,A,C,T,A[C>T]T,Other
2182,ON524421_1,2019,Contemporary,C>T,A,C,T,A[C>T]T,Other
2182,ON524422_1,2019,Contemporary,C>T,A,C,T,A[C>T]T,Other
2182,ON524424_1,2019,Contemporary,C>T,A,C,T,A[C>T]T,Other
2182,ON524425_1,2019,Contemporary,C>T,A,C,T,A[C>T]T,Other
2182,ON524426_1,2019,Contemporary,C>T,A,C,T,A[C>T]T,Other
2182,ON524427_1,2019,Contemporary,C>T,A,C,T,A[C>T]T,Other
2182,ON524428_1,2019,Contemporary,C>T,A,C,T,A[C>T]T,Other
2182,ON524429_1,2019,Contemporary,C>T,A,C,T,A[C>T]T,Other
2182,ON524430_1,2019,Contemporary,C>T,A,C,T,A[C>T]T,Other
2182,ON524431_1,2019,Contemporary,C>T,A,C,T,A[C>T]T,Other
2182,ON524433_1,2019,Contemporary,C>T,A,C,T,A[C>T]T,Other
2182,ON524434_1,2019,Contemporary,C>T,A,C,T,A[C>T]T,Other
2182,ON524435_1,2019,Contemporary,C>T,A,C,T,A[C>T]T,Other
2182,ON524437_1,2019,Contemporary,C>T,A,C,T,A[C>T]T,Other
2182,ON524439_1,2019,Contemporary,C>T,A,C,T,A[C>T]T,Other
2182,ON524441_1,2019,Contemporary,C>T,A,C,T,A[C>T]T,Other
2182,ON524443_1,2019,Contemporary,C>T,A,C,T,A[C>T]T,Other
2182,ON524452_1,2019,Contemporary,C>T,A,C,T,A[C>T]T,Other
2182,ON524453_1,2019,Contemporary,C>T,A,C,T,A[C>T]T,Other
2182,ON524455_1,2019,Contemporary,C>T,A,C,T,A[C>T]T,Other
2182,ON524456_1,2019,Contemporary,C>T,A,C,T,A[C>T]T,Other
2182,ON524458_1,2019,Contemporary,C>T,A,C,T,A[C>T]T,Other
2182,ON524459_1,2019,Contemporary,C>T,A,C,T,A[C>T]T,Other
2182,ON524460_1,2019,Contemporary,C>T,A,C,T,A[C>T]T,Other
2182,ON524461_1,2019,Contemporary,C>T,A,C,T,A[C>T]T,Other
2182,ON524463_1,2019,Contemporary,C>T,A,C,T,A[C>T]T,Other
2182,ON524466_1,2020,Contemporary,C>T,A,C,T,A[C>T]T,Other
2182,ON524470_1,2020,Contemporary,C>T,A,C,T,A[C>T]T,Other
2182,ON524472_1,2020,Contemporary,C>T,A,C,T,A[C>T]T,Other
2182,ON524473_1,2020,Contemporary,C>T,A,C,T,A[C>T]T,Other
2182,ON524475_1,2020,Contemporary,C>T,A,C,T,A[C>T]T,Other
2182,ON524476_1,2020,Contemporary,C>T,A,C,T,A[C>T]T,Other
2182,ON524477_1,2020,Contemporary,C>T,A,C,T,A[C>T]T,Other
2182,ON524479_1,2020,Contemporary,C>T,A,C,T,A[C>T]T,Other
2182,ON524480_1,2020,Contemporary,C>T,A,C,T,A[C>T]T,Other
2182,ON524481_1,2020,Contemporary,C>T,A,C,T,A[C>T]T,Other
2182,ON524483_1,2020,Contemporary,C>T,A,C,T,A[C>T]T,Other
2182,ON524487_1,2020,Contemporary,C>T,A,C,T,A[C>T]T,Other
2182,ON524488_1,2020,Contemporary,C>T,A,C,T,A[C>T]T,Other
2182,ON524489_1,2020,Contemporary,C>T,A,C,T,A[C>T]T,Other
2182,ON524491_1,2020,Contemporary,C>T,A,C,T,A[C>T]T,Other
2182,ON524493_1,2020,Contemporary,C>T,A,C,T,A[C>T]T,Other
2182,ON524499_1,2020,Contemporary,C>T,A,C,T,A[C>T]T,Other
2182,ON524504_1,2020,Contemporary,C>T,A,C,T,A[C>T]T,Other
2182,ON524506_1,2020,Contemporary,C>T,A,C,T,A[C>T]T,Other
2182,ON524508_1,2020,Contemporary,C>T,A,C,T,A[C>T]T,Other
2182,ON524512_1,2020,Contemporary,C>T,A,C,T,A[C>T]T,Other
2182,ON524519_1,2020,Contemporary,C>T,A,C,T,A[C>T]T,Other
2182,ON524521_1,2020,Contemporary,C>T,A,C,T,A[C>T]T,Other
2182,ON524522_1,2020,Contemporary,C>T,A,C,T,A[C>T]T,Other
2182,ON524532_1,2021,Contemporary,C>T,A,C,T,A[C>T]T,Other
2182,ON524534_1,2021,Contemporary,C>T,A,C,T,A[C>T]T,Other
2182,ON524535_1,2021,Contemporary,C>T,A,C,T,A[C>T]T,Other
2182,ON661550_1,2019,Contemporary,C>T,A,C,T,A[C>T]T,Other
2182,ON661551_1,2021,Contemporary,C>T,A,C,T,A[C>T]T,Other
2182,ON661552_1,2021,Contemporary,C>T,A,C,T,A[C>T]T,Other
2182,ON661553_1,2021,Contemporary,C>T,A,C,T,A[C>T]T,Other
2182,ON661555_1,2021,Contemporary,C>T,A,C,T,A[C>T]T,Other
2182,ON661558_1,2021,Contemporary,C>T,A,C,T,A[C>T]T,Other
2182,ON661559_1,2021,Contemporary,C>T,A,C,T,A[C>T]T,Other
2182,ON911719_1,2006,Historical,C>T,A,C,T,A[C>T]T,Other
2182,ON911720_1,2016,Historical,C>T,A,C,T,A[C>T]T,Other
2182,ON911721_1,2014,Historical,C>T,A,C,T,A[C>T]T,Other
2182,ON911722_1,2006,Historical,C>T,A,C,T,A[C>T]T,Other
2182,OQ077984_1,2012,Historical,C>T,A,C,T,A[C>T]T,Other
2182,OQ077985_1,2012,Historical,C>T,A,C,T,A[C>T]T,Other
2182,OR606575_1,2023,Contemporary,C>T,A,C,T,A[C>T]T,Other
2182,OR606576_2,2023,Contemporary,C>T,A,C,T,A[C>T]T,Other
2182,PP389036_1,2019,Contemporary,C>T,A,C,T,A[C>T]T,Other
2182,PP389037_1,2019,Contemporary,C>T,A,C,T,A[C>T]T,Other
2182,PP389039_1,2019,Contemporary,C>T,A,C,T,A[C>T]T,Other
2182,PP389040_1,2019,Contemporary,C>T,A,C,T,A[C>T]T,Other
2182,PP389041_1,2019,Contemporary,C>T,A,C,T,A[C>T]T,Other
2182,PP389042_1,2019,Contemporary,C>T,A,C,T,A[C>T]T,Other
2182,PP389044_1,2019,Contemporary,C>T,A,C,T,A[C>T]T,Other
2182,PP661694_1,2018,Contemporary,C>T,A,C,T,A[C>T]T,Other
2182,PP661695_1,2019,Contemporary,C>T,A,C,T,A[C>T]T,Other
2182,PP661696_1,2023,Contemporary,C>T,A,C,T,A[C>T]T,Other
2182,PP661697_1,2018,Contemporary,C>T,A,C,T,A[C>T]T,Other
2182,PP661698_1,2021,Contemporary,C>T,A,C,T,A[C>T]T,Other
2182,PP661699_1,2017,Historical,C>T,A,C,T,A[C>T]T,Other
2182,PQ008999_1,2019,Contemporary,C>T,A,C,T,A[C>T]T,Other
2182,PQ009000_1,2019,Contemporary,C>T,A,C,T,A[C>T]T,Other
2182,PQ496830_1,2024,Contemporary,C>T,A,C,T,A[C>T]T,Other
2183,AB973400_1,2014,Historical,T>C,G,T,T,G[T>C]T,Other
2183,MF621614_1,2016,Historical,T>C,G,T,T,G[T>C]T,Other
2183,OM291918_1,2020,Contemporary,T>C,C,T,G,C[T>C]G,Other
2183,OM291918_1,2020,Contemporary,G>A,T,G,T,T[G>A]T,Other
2183,OR606575_1,2023,Contemporary,T>C,G,T,T,G[T>C]T,Other
2184,KF724017_1,2013,Historical,T>C,G,T,T,G[T>C]T,Other
2184,KF724018_1,2013,Historical,T>C,G,T,T,G[T>C]T,Other
2184,KF724019_1,2013,Historical,T>C,G,T,T,G[T>C]T,Other
2184,KF724020_1,2013,Historical,T>C,G,T,T,G[T>C]T,Other
2184,KF724021_1,2013,Historical,T>C,G,T,T,G[T>C]T,Other
2184,KF724022_1,2013,Historical,T>C,G,T,T,G[T>C]T,Other
2184,KF724023_1,2013,Historical,T>C,G,T,T,G[T>C]T,Other
2184,KX088647_1,2016,Historical,T>C,G,T,T,G[T>C]T,Other
2184,MK829707_1,2013,Historical,T>C,G,T,T,G[T>C]T,Other
2184,MN832786_1,2018,Contemporary,T>C,G,T,T,G[T>C]T,Other
2184,MT181522_1,2019,Contemporary,T>C,G,T,T,G[T>C]T,Other
2184,OQ791466_1,2019,Contemporary,T>C,G,T,T,G[T>C]T,Other
2185,AB618529_1,2010,Historical,C>T,A,C,C,A[C>T]C,Other
2185,AB618531_1,1999,Historical,C>T,A,C,C,A[C>T]C,Other
2185,AB793725_1,2012,Historical,C>T,A,C,C,A[C>T]C,Other
2185,AB793726_1,2012,Historical,C>T,A,C,C,A[C>T]C,Other
2185,AB819869_1,2011,Historical,C>T,A,C,C,A[C>T]C,Other
2185,AB819870_1,2012,Historical,C>T,A,C,C,A[C>T]C,Other
2185,AB839692_1,2003,Historical,C>T,A,C,C,A[C>T]C,Other
2185,AB839693_1,2007,Historical,C>T,A,C,C,A[C>T]C,Other
2185,AB839694_1,2007,Historical,C>T,A,C,C,A[C>T]C,Other
2185,AB839695_1,2007,Historical,C>T,A,C,C,A[C>T]C,Other
2185,AB839696_1,2007,Historical,C>T,A,C,C,A[C>T]C,Other
2185,AB839697_1,2007,Historical,C>T,A,C,C,A[C>T]C,Other
2185,AB909123_1,2011,Historical,C>T,A,C,C,A[C>T]C,Other
2185,AB969748_1,2014,Historical,C>T,A,C,C,A[C>T]C,Other
2185,AB973400_1,2014,Historical,C>T,A,C,C,A[C>T]C,Other
2185,AB973401_1,2010,Historical,C>T,A,C,C,A[C>T]C,Other
2185,HM769724_1,2006,Historical,C>T,A,C,C,A[C>T]C,Other
2185,HQ437707_1,2007,Historical,C>T,A,C,C,A[C>T]C,Other
2185,KC182587_1,2009,Historical,C>T,A,C,C,A[C>T]C,Other
2185,KC182588_1,2009,Historical,C>T,A,C,C,A[C>T]C,Other
2185,KC182589_1,2009,Historical,C>T,A,C,C,A[C>T]C,Other
2185,KF724017_1,2013,Historical,C>T,A,C,C,A[C>T]C,Other
2185,KF724018_1,2013,Historical,C>T,A,C,C,A[C>T]C,Other
2185,KF724019_1,2013,Historical,C>T,A,C,C,A[C>T]C,Other
2185,KF724020_1,2013,Historical,C>T,A,C,C,A[C>T]C,Other
2185,KF724021_1,2013,Historical,C>T,A,C,C,A[C>T]C,Other
2185,KF724022_1,2013,Historical,C>T,A,C,C,A[C>T]C,Other
2185,KF724023_1,2013,Historical,C>T,A,C,C,A[C>T]C,Other
2185,KF773842_1,2013,Historical,C>T,A,C,C,A[C>T]C,Other
2185,KJ427799_1,2013,Historical,C>T,A,C,C,A[C>T]C,Other
2185,KP177964_1,2007,Historical,C>T,A,C,C,A[C>T]C,Other
2185,KP177965_1,2007,Historical,C>T,A,C,C,A[C>T]C,Other
2185,KX088647_1,2016,Historical,C>T,A,C,C,A[C>T]C,Other
2185,KX228694_1,2014,Historical,C>T,A,C,C,A[C>T]C,Other
2185,KY003229_1,2011,Historical,C>T,A,C,C,A[C>T]C,Other
2185,LC035020_1,2014,Historical,C>T,A,C,C,A[C>T]C,Other
2185,LC049337_1,2012,Historical,C>T,A,C,C,A[C>T]C,Other
2185,LC049338_1,2009,Historical,C>T,A,C,C,A[C>T]C,Other
2185,LC049339_1,2006,Historical,C>T,A,C,C,A[C>T]C,Other
2185,LC049340_1,2010,Historical,C>T,A,C,C,A[C>T]C,Other
2185,LC049341_1,2012,Historical,C>T,A,C,C,A[C>T]C,Other
2185,LC049342_1,2012,Historical,C>T,A,C,C,A[C>T]C,Other
2185,LC128713_1,2000,Historical,C>T,A,C,C,A[C>T]C,Other
2185,LC191189_1,2015,Historical,C>T,A,C,C,A[C>T]C,Other
2185,LC373510_1,2014,Historical,C>T,A,C,C,A[C>T]C,Other
2185,LC416593_1,2018,Contemporary,C>T,A,C,C,A[C>T]C,Other
2185,LC416594_1,2018,Contemporary,C>T,A,C,C,A[C>T]C,Other
2185,LC416595_1,2018,Contemporary,C>T,A,C,C,A[C>T]C,Other
2185,LC435031_1,2018,Contemporary,C>T,A,C,C,A[C>T]C,Other
2185,LC435032_1,2018,Contemporary,C>T,A,C,C,A[C>T]C,Other
2185,LC515196_1,2016,Historical,C>T,A,C,C,A[C>T]C,Other
2185,LC515197_1,2016,Historical,C>T,A,C,C,A[C>T]C,Other
2185,LC515198_1,2016,Historical,C>T,A,C,C,A[C>T]C,Other
2185,LC515199_1,2016,Historical,C>T,A,C,C,A[C>T]C,Other
2185,LC515200_1,2016,Historical,C>T,A,C,C,A[C>T]C,Other
2185,LC515201_1,2016,Historical,C>T,A,C,C,A[C>T]C,Other
2185,LC515202_1,2016,Historical,C>T,A,C,C,A[C>T]C,Other
2185,MF621614_1,2016,Historical,C>T,A,C,C,A[C>T]C,Other
2185,MG049743_1,2017,Historical,C>T,A,C,C,A[C>T]C,Other
2185,MH577308_1,2017,Historical,C>T,A,C,C,A[C>T]C,Other
2185,MH577309_1,2017,Historical,C>T,A,C,C,A[C>T]C,Other
2185,MH577310_1,2017,Historical,C>T,A,C,C,A[C>T]C,Other
2185,MH577311_1,2018,Contemporary,C>T,A,C,C,A[C>T]C,Other
2185,MH577312_1,2017,Historical,C>T,A,C,C,A[C>T]C,Other
2185,MH577313_1,2017,Historical,C>T,A,C,C,A[C>T]C,Other
2185,MH577314_1,2018,Contemporary,C>T,A,C,C,A[C>T]C,Other
2185,MH685714_1,2013,Historical,C>T,A,C,C,A[C>T]C,Other
2185,MH933766_1,2014,Historical,C>T,A,C,C,A[C>T]C,Other
2185,MH933768_1,2014,Historical,C>T,A,C,C,A[C>T]C,Other
2185,MN062166_1,2018,Contemporary,C>T,A,C,C,A[C>T]C,Other
2185,MN746031_1,2018,Contemporary,C>T,A,C,C,A[C>T]C,Other
2185,MN746032_1,2018,Contemporary,C>T,A,C,C,A[C>T]C,Other
2185,MN832785_1,2018,Contemporary,C>T,A,C,C,A[C>T]C,Other
2185,MN832786_1,2018,Contemporary,C>T,A,C,C,A[C>T]C,Other
2185,MW405346_1,1998,Historical,C>T,A,C,C,A[C>T]C,Other
2185,MW405347_1,2002,Historical,C>T,A,C,C,A[C>T]C,Other
2185,MW405348_1,2004,Historical,C>T,A,C,C,A[C>T]C,Other
2185,MW405349_1,2014,Historical,C>T,A,C,C,A[C>T]C,Other
2185,OK625565_1,2016,Historical,C>T,A,C,C,A[C>T]C,Other
2185,OM291913_1,2019,Contemporary,C>T,A,C,C,A[C>T]C,Other
2185,OM291915_1,2020,Contemporary,C>T,A,C,C,A[C>T]C,Other
2185,OM291917_1,2020,Contemporary,C>T,A,C,C,A[C>T]C,Other
2185,OM291918_1,2020,Contemporary,C>T,A,C,C,A[C>T]C,Other
2185,ON496632_1,2019,Contemporary,C>T,A,C,C,A[C>T]C,Other
2185,ON496633_1,2019,Contemporary,C>T,A,C,C,A[C>T]C,Other
2185,ON524416_1,2019,Contemporary,C>T,A,C,C,A[C>T]C,Other
2185,ON524417_1,2019,Contemporary,C>T,A,C,C,A[C>T]C,Other
2185,ON524419_1,2019,Contemporary,C>T,A,C,C,A[C>T]C,Other
2185,ON524420_1,2019,Contemporary,C>T,A,C,C,A[C>T]C,Other
2185,ON524421_1,2019,Contemporary,C>T,A,C,C,A[C>T]C,Other
2185,ON524422_1,2019,Contemporary,C>T,A,C,C,A[C>T]C,Other
2185,ON524423_1,2019,Contemporary,C>T,A,C,C,A[C>T]C,Other
2185,ON524424_1,2019,Contemporary,C>T,A,C,C,A[C>T]C,Other
2185,ON524425_1,2019,Contemporary,C>T,A,C,C,A[C>T]C,Other
2185,ON524426_1,2019,Contemporary,C>T,A,C,C,A[C>T]C,Other
2185,ON524427_1,2019,Contemporary,C>T,A,C,C,A[C>T]C,Other
2185,ON524428_1,2019,Contemporary,C>T,A,C,C,A[C>T]C,Other
2185,ON524429_1,2019,Contemporary,C>T,A,C,C,A[C>T]C,Other
2185,ON524430_1,2019,Contemporary,C>T,A,C,C,A[C>T]C,Other
2185,ON524431_1,2019,Contemporary,C>T,A,C,C,A[C>T]C,Other
2185,ON524432_1,2019,Contemporary,C>T,A,C,C,A[C>T]C,Other
2185,ON524433_1,2019,Contemporary,C>T,A,C,C,A[C>T]C,Other
2185,ON524434_1,2019,Contemporary,C>T,A,C,C,A[C>T]C,Other
2185,ON524435_1,2019,Contemporary,C>T,A,C,C,A[C>T]C,Other
2185,ON524436_1,2019,Contemporary,C>T,A,C,C,A[C>T]C,Other
2185,ON524437_1,2019,Contemporary,C>T,A,C,C,A[C>T]C,Other
2185,ON524438_1,2019,Contemporary,C>T,A,C,C,A[C>T]C,Other
2185,ON524439_1,2019,Contemporary,C>T,A,C,C,A[C>T]C,Other
2185,ON524440_1,2019,Contemporary,C>T,A,C,C,A[C>T]C,Other
2185,ON524441_1,2019,Contemporary,C>T,A,C,C,A[C>T]C,Other
2185,ON524442_1,2019,Contemporary,C>T,A,C,C,A[C>T]C,Other
2185,ON524443_1,2019,Contemporary,C>T,A,C,C,A[C>T]C,Other
2185,ON524444_1,2019,Contemporary,C>T,A,C,C,A[C>T]C,Other
2185,ON524445_1,2019,Contemporary,C>T,A,C,C,A[C>T]C,Other
2185,ON524446_1,2019,Contemporary,C>T,A,C,C,A[C>T]C,Other
2185,ON524448_1,2019,Contemporary,C>T,A,C,C,A[C>T]C,Other
2185,ON524449_1,2019,Contemporary,C>T,A,C,C,A[C>T]C,Other
2185,ON524450_1,2019,Contemporary,C>T,A,C,C,A[C>T]C,Other
2185,ON524451_1,2019,Contemporary,C>T,A,C,C,A[C>T]C,Other
2185,ON524452_1,2019,Contemporary,C>T,A,C,C,A[C>T]C,Other
2185,ON524453_1,2019,Contemporary,C>T,A,C,C,A[C>T]C,Other
2185,ON524455_1,2019,Contemporary,C>T,A,C,C,A[C>T]C,Other
2185,ON524456_1,2019,Contemporary,C>T,A,C,C,A[C>T]C,Other
2185,ON524457_1,2019,Contemporary,C>T,A,C,C,A[C>T]C,Other
2185,ON524458_1,2019,Contemporary,C>T,A,C,C,A[C>T]C,Other
2185,ON524459_1,2019,Contemporary,C>T,A,C,C,A[C>T]C,Other
2185,ON524460_1,2019,Contemporary,C>T,A,C,C,A[C>T]C,Other
2185,ON524461_1,2019,Contemporary,C>T,A,C,C,A[C>T]C,Other
2185,ON524462_1,2019,Contemporary,C>T,A,C,C,A[C>T]C,Other
2185,ON524463_1,2019,Contemporary,C>T,A,C,C,A[C>T]C,Other
2185,ON524464_1,2019,Contemporary,C>T,A,C,C,A[C>T]C,Other
2185,ON524465_1,2020,Contemporary,C>T,A,C,C,A[C>T]C,Other
2185,ON524466_1,2020,Contemporary,C>T,A,C,C,A[C>T]C,Other
2185,ON524467_1,2020,Contemporary,C>T,A,C,C,A[C>T]C,Other
2185,ON524468_1,2020,Contemporary,C>T,A,C,C,A[C>T]C,Other
2185,ON524469_1,2020,Contemporary,C>T,A,C,C,A[C>T]C,Other
2185,ON524470_1,2020,Contemporary,C>T,A,C,C,A[C>T]C,Other
2185,ON524471_1,2020,Contemporary,C>T,A,C,C,A[C>T]C,Other
2185,ON524472_1,2020,Contemporary,C>T,A,C,C,A[C>T]C,Other
2185,ON524473_1,2020,Contemporary,C>T,A,C,C,A[C>T]C,Other
2185,ON524474_1,2020,Contemporary,C>T,A,C,C,A[C>T]C,Other
2185,ON524475_1,2020,Contemporary,C>T,A,C,C,A[C>T]C,Other
2185,ON524476_1,2020,Contemporary,C>T,A,C,C,A[C>T]C,Other
2185,ON524477_1,2020,Contemporary,C>T,A,C,C,A[C>T]C,Other
2185,ON524478_1,2020,Contemporary,C>T,A,C,C,A[C>T]C,Other
2185,ON524479_1,2020,Contemporary,C>T,A,C,C,A[C>T]C,Other
2185,ON524480_1,2020,Contemporary,C>T,A,C,C,A[C>T]C,Other
2185,ON524481_1,2020,Contemporary,C>T,A,C,C,A[C>T]C,Other
2185,ON524482_1,2020,Contemporary,C>T,A,C,C,A[C>T]C,Other
2185,ON524483_1,2020,Contemporary,C>T,A,C,C,A[C>T]C,Other
2185,ON524484_1,2020,Contemporary,C>T,A,C,C,A[C>T]C,Other
2185,ON524487_1,2020,Contemporary,C>T,A,C,C,A[C>T]C,Other
2185,ON524488_1,2020,Contemporary,C>T,A,C,C,A[C>T]C,Other
2185,ON524489_1,2020,Contemporary,C>T,A,C,C,A[C>T]C,Other
2185,ON524491_1,2020,Contemporary,C>T,A,C,C,A[C>T]C,Other
2185,ON524492_1,2020,Contemporary,C>T,A,C,C,A[C>T]C,Other
2185,ON524493_1,2020,Contemporary,C>T,A,C,C,A[C>T]C,Other
2185,ON524494_1,2020,Contemporary,C>T,A,C,C,A[C>T]C,Other
2185,ON524496_1,2020,Contemporary,C>T,A,C,C,A[C>T]C,Other
2185,ON524497_1,2020,Contemporary,C>T,A,C,C,A[C>T]C,Other
2185,ON524498_1,2020,Contemporary,C>T,A,C,C,A[C>T]C,Other
2185,ON524499_1,2020,Contemporary,C>T,A,C,C,A[C>T]C,Other
2185,ON524500_1,2020,Contemporary,C>T,A,C,C,A[C>T]C,Other
2185,ON524501_1,2020,Contemporary,C>T,A,C,C,A[C>T]C,Other
2185,ON524502_1,2020,Contemporary,C>T,A,C,C,A[C>T]C,Other
2185,ON524503_1,2020,Contemporary,C>T,A,C,C,A[C>T]C,Other
2185,ON524504_1,2020,Contemporary,C>T,A,C,C,A[C>T]C,Other
2185,ON524506_1,2020,Contemporary,C>T,A,C,C,A[C>T]C,Other
2185,ON524507_1,2020,Contemporary,C>T,A,C,C,A[C>T]C,Other
2185,ON524508_1,2020,Contemporary,C>T,A,C,C,A[C>T]C,Other
2185,ON524509_1,2020,Contemporary,C>T,A,C,C,A[C>T]C,Other
2185,ON524510_1,2020,Contemporary,C>T,A,C,C,A[C>T]C,Other
2185,ON524512_1,2020,Contemporary,C>T,A,C,C,A[C>T]C,Other
2185,ON524514_1,2020,Contemporary,C>T,A,C,C,A[C>T]C,Other
2185,ON524515_1,2020,Contemporary,C>T,A,C,C,A[C>T]C,Other
2185,ON524516_1,2020,Contemporary,C>T,A,C,C,A[C>T]C,Other
2185,ON524517_1,2020,Contemporary,C>T,A,C,C,A[C>T]C,Other
2185,ON524518_1,2020,Contemporary,C>T,A,C,C,A[C>T]C,Other
2185,ON524519_1,2020,Contemporary,C>T,A,C,C,A[C>T]C,Other
2185,ON524520_1,2020,Contemporary,C>T,A,C,C,A[C>T]C,Other
2185,ON524521_1,2020,Contemporary,C>T,A,C,C,A[C>T]C,Other
2185,ON524522_1,2020,Contemporary,C>T,A,C,C,A[C>T]C,Other
2185,ON524524_1,2020,Contemporary,C>T,A,C,C,A[C>T]C,Other
2185,ON524526_1,2021,Contemporary,C>T,A,C,C,A[C>T]C,Other
2185,ON524528_1,2021,Contemporary,C>T,A,C,C,A[C>T]C,Other
2185,ON524529_1,2021,Contemporary,C>T,A,C,C,A[C>T]C,Other
2185,ON524530_1,2021,Contemporary,C>T,A,C,C,A[C>T]C,Other
2185,ON524531_1,2021,Contemporary,C>T,A,C,C,A[C>T]C,Other
2185,ON524532_1,2021,Contemporary,C>T,A,C,C,A[C>T]C,Other
2185,ON524533_1,2021,Contemporary,C>T,A,C,C,A[C>T]C,Other
2185,ON524534_1,2021,Contemporary,C>T,A,C,C,A[C>T]C,Other
2185,ON524535_1,2021,Contemporary,C>T,A,C,C,A[C>T]C,Other
2185,ON661550_1,2019,Contemporary,C>T,A,C,C,A[C>T]C,Other
2185,ON661551_1,2021,Contemporary,C>T,A,C,C,A[C>T]C,Other
2185,ON661552_1,2021,Contemporary,C>T,A,C,C,A[C>T]C,Other
2185,ON661553_1,2021,Contemporary,C>T,A,C,C,A[C>T]C,Other
2185,ON661554_1,2021,Contemporary,C>T,A,C,C,A[C>T]C,Other
2185,ON661555_1,2021,Contemporary,C>T,A,C,C,A[C>T]C,Other
2185,ON661556_1,2021,Contemporary,C>T,A,C,C,A[C>T]C,Other
2185,ON661557_1,2021,Contemporary,C>T,A,C,C,A[C>T]C,Other
2185,ON661558_1,2021,Contemporary,C>T,A,C,C,A[C>T]C,Other
2185,ON661559_1,2021,Contemporary,C>T,A,C,C,A[C>T]C,Other
2185,ON911719_1,2006,Historical,C>T,A,C,C,A[C>T]C,Other
2185,ON911720_1,2016,Historical,C>T,A,C,C,A[C>T]C,Other
2185,ON911721_1,2014,Historical,C>T,A,C,C,A[C>T]C,Other
2185,OQ077984_1,2012,Historical,C>T,A,C,C,A[C>T]C,Other
2185,OQ077985_1,2012,Historical,C>T,A,C,C,A[C>T]C,Other
2185,OQ077995_1,2012,Historical,C>T,A,C,C,A[C>T]C,Other
2185,OQ077996_1,2012,Historical,C>T,A,C,C,A[C>T]C,Other
2185,OQ161772_2,2022,Contemporary,C>T,A,C,C,A[C>T]C,Other
2185,OQ791466_1,2019,Contemporary,C>T,A,C,C,A[C>T]C,Other
2185,OR031237_1,2018,Contemporary,C>T,A,C,C,A[C>T]C,Other
2185,OR477188_1,2022,Contemporary,C>T,A,C,C,A[C>T]C,Other
2185,OR477190_1,2022,Contemporary,C>T,A,C,C,A[C>T]C,Other
2185,OR477193_1,2022,Contemporary,C>T,A,C,C,A[C>T]C,Other
2185,OR477194_1,2022,Contemporary,C>T,A,C,C,A[C>T]C,Other
2185,OR477195_1,2022,Contemporary,C>T,A,C,C,A[C>T]C,Other
2185,OR477196_1,2022,Contemporary,C>T,A,C,C,A[C>T]C,Other
2185,OR477197_1,2022,Contemporary,C>T,A,C,C,A[C>T]C,Other
2185,OR477198_1,2022,Contemporary,C>T,A,C,C,A[C>T]C,Other
2185,OR477199_1,2022,Contemporary,C>T,A,C,C,A[C>T]C,Other
2185,OR477200_1,2022,Contemporary,C>T,A,C,C,A[C>T]C,Other
2185,OR477202_1,2022,Contemporary,C>T,A,C,C,A[C>T]C,Other
2185,OR606575_1,2023,Contemporary,C>T,A,C,C,A[C>T]C,Other
2185,OR606576_2,2023,Contemporary,C>T,A,C,C,A[C>T]C,Other
2185,PP389036_1,2019,Contemporary,C>T,A,C,C,A[C>T]C,Other
2185,PP389037_1,2019,Contemporary,C>T,A,C,C,A[C>T]C,Other
2185,PP389039_1,2019,Contemporary,C>T,A,C,C,A[C>T]C,Other
2185,PP389040_1,2019,Contemporary,C>T,A,C,C,A[C>T]C,Other
2185,PP389041_1,2019,Contemporary,C>T,A,C,C,A[C>T]C,Other
2185,PP389042_1,2019,Contemporary,C>T,A,C,C,A[C>T]C,Other
2185,PP389044_1,2019,Contemporary,C>T,A,C,C,A[C>T]C,Other
2185,PP661694_1,2018,Contemporary,C>T,A,C,C,A[C>T]C,Other
2185,PP661695_1,2019,Contemporary,C>T,A,C,C,A[C>T]C,Other
2185,PP661696_1,2023,Contemporary,C>T,A,C,C,A[C>T]C,Other
2185,PP661697_1,2018,Contemporary,C>T,A,C,C,A[C>T]C,Other
2185,PP661699_1,2017,Historical,C>T,A,C,C,A[C>T]C,Other
2185,PP860039_1,2022,Contemporary,C>T,A,C,C,A[C>T]C,Other
2185,PQ008999_1,2019,Contemporary,C>T,A,C,C,A[C>T]C,Other
2185,PQ009000_1,2019,Contemporary,C>T,A,C,C,A[C>T]C,Other
2185,PQ496830_1,2024,Contemporary,C>T,A,C,C,A[C>T]C,Other
2186,AB839693_1,2007,Historical,T>C,A,T,G,A[T>C]G,Other
2186,HM769724_1,2006,Historical,T>C,A,T,G,A[T>C]G,Other
2186,HQ437707_1,2007,Historical,T>C,A,T,G,A[T>C]G,Other
2186,KC182587_1,2009,Historical,T>C,A,T,G,A[T>C]G,Other
2186,KC182588_1,2009,Historical,T>C,A,T,G,A[T>C]G,Other
2186,KC182589_1,2009,Historical,T>C,A,T,G,A[T>C]G,Other
2186,MN062164_1,2017,Historical,T>C,A,T,G,A[T>C]G,Other
2186,MN062165_1,2018,Contemporary,T>C,A,T,G,A[T>C]G,Other
2186,MN832785_1,2018,Contemporary,C>T,C,C,A,C[C>T]A,Other
2186,ON496631_1,2019,Contemporary,T>C,A,T,G,A[T>C]G,Other
2186,ON524415_1,2019,Contemporary,T>C,A,T,G,A[T>C]G,Other
2186,ON524425_1,2019,Contemporary,T>C,A,T,G,A[T>C]G,Other
2186,ON524427_1,2019,Contemporary,T>C,A,T,G,A[T>C]G,Other
2186,ON524435_1,2019,Contemporary,T>C,A,T,G,A[T>C]G,Other
2186,ON524439_1,2019,Contemporary,T>C,A,T,G,A[T>C]G,Other
2186,ON524519_1,2020,Contemporary,T>C,A,T,G,A[T>C]G,Other
2186,ON524522_1,2020,Contemporary,T>C,A,T,G,A[T>C]G,Other
2186,PP661695_1,2019,Contemporary,T>C,A,T,G,A[T>C]G,Other
2186,PP661696_1,2023,Contemporary,T>C,A,T,G,A[T>C]G,Other
2186,PP661697_1,2018,Contemporary,T>C,A,T,G,A[T>C]G,Other
2186,PP661698_1,2021,Contemporary,T>C,A,T,G,A[T>C]G,Other
2188,HQ437707_1,2007,Historical,G>A,T,G,T,T[G>A]T,Other
2188,LC515196_1,2016,Historical,G>A,T,G,T,T[G>A]T,Other
2188,LC515196_1,2016,Historical,T>C,G,T,G,G[T>C]G,Other
2188,LC515197_1,2016,Historical,G>A,T,G,T,T[G>A]T,Other
2188,LC515197_1,2016,Historical,T>C,G,T,G,G[T>C]G,Other
2188,LC515198_1,2016,Historical,G>A,T,G,T,T[G>A]T,Other
2188,LC515198_1,2016,Historical,T>C,G,T,G,G[T>C]G,Other
2188,LC515199_1,2016,Historical,G>A,T,G,T,T[G>A]T,Other
2188,LC515199_1,2016,Historical,T>C,G,T,G,G[T>C]G,Other
2188,LC515200_1,2016,Historical,G>A,T,G,T,T[G>A]T,Other
2188,LC515200_1,2016,Historical,T>C,G,T,G,G[T>C]G,Other
2188,LC515202_1,2016,Historical,G>A,T,G,T,T[G>A]T,Other
2188,LC515202_1,2016,Historical,T>C,G,T,G,G[T>C]G,Other
2188,MH933766_1,2014,Historical,G>A,T,G,T,T[G>A]T,Other
2188,MH933768_1,2014,Historical,G>A,T,G,T,T[G>A]T,Other
2188,MN062166_1,2018,Contemporary,G>A,T,G,T,T[G>A]T,Other
2188,PP860039_1,2022,Contemporary,G>A,T,G,T,T[G>A]T,Other
2191,OM291916_1,2020,Contemporary,T>C,-,T,C,-[T>C]C,Other
2366,MH685714_1,2013,Historical,C>T,A,C,T,A[C>T]T,Other
2369,PQ008999_1,2019,Contemporary,T>C,T,T,A,T[T>C]A,Other
2369,PQ009000_1,2019,Contemporary,T>C,T,T,A,T[T>C]A,Other
2384,MW405348_1,2004,Historical,G>A,T,G,A,T[G>A]A,GpA (Antisense APOBEC)
2384,MW405348_1,2004,Historical,C>T,A,C,C,A[C>T]C,Other
