Site,Sequence_ID,Condition,Ref_Codon,Query_Codon,Ref_AA,Query_AA,Effect,AA_Mutation
174,AB618529,Historical,TTC,TTT,F,F,Synonymous,F174F
174,AB618531,Historical,TTC,TTT,F,F,Synonymous,F174F
174,AB793725,Historical,TTC,TTT,F,F,Synonymous,F174F
174,AB793726,Historical,TTC,TTT,F,F,Synonymous,F174F
174,AB819869,Historical,TTC,TTT,F,F,Synonymous,F174F
174,AB819870,Historical,TTC,TTT,F,F,Synonymous,F174F
174,AB839692,Historical,TTC,TTT,F,F,Synonymous,F174F
174,AB839693,Historical,TTC,TTT,F,F,Synonymous,F174F
174,AB839694,Historical,TTC,TTT,F,F,Synonymous,F174F
174,AB839695,Historical,TTC,TTT,F,F,Synonymous,F174F
174,AB839696,Historical,TTC,TTT,F,F,Synonymous,F174F
174,AB839697,Historical,TTC,TTT,F,F,Synonymous,F174F
174,AB909123,Historical,TTC,TTT,F,F,Synonymous,F174F
174,AB969748,Historical,TTC,TTT,F,F,Synonymous,F174F
174,AB973401,Historical,TTC,TTT,F,F,Synonymous,F174F
174,HM769724,Historical,TTC,TTT,F,F,Synonymous,F174F
174,HQ437707,Historical,TTC,TTT,F,F,Synonymous,F174F
174,KC182587,Historical,TTC,TTT,F,F,Synonymous,F174F
174,KC182588,Historical,TTC,TTT,F,F,Synonymous,F174F
174,KC182589,Historical,TTC,TTT,F,F,Synonymous,F174F
174,KF773842,Historical,TTC,TTT,F,F,Synonymous,F174F
174,KJ427799,Historical,TTC,TTT,F,F,Synonymous,F174F
174,KP177964,Historical,TTC,TTT,F,F,Synonymous,F174F
174,KP177965,Historical,TTC,TTT,F,F,Synonymous,F174F
174,KX228694,Historical,TTC,TTT,F,F,Synonymous,F174F
174,LC035020,Historical,TTC,TTT,F,F,Synonymous,F174F
174,LC049337,Historical,TTC,TTT,F,F,Synonymous,F174F
174,LC049338,Historical,TTC,TTT,F,F,Synonymous,F174F
174,LC049339,Historical,TTC,TTT,F,F,Synonymous,F174F
174,LC049340,Historical,TTC,TTT,F,F,Synonymous,F174F
174,LC049341,Historical,TTC,TTT,F,F,Synonymous,F174F
174,LC049342,Historical,TTC,TTT,F,F,Synonymous,F174F
174,LC191189,Historical,TTC,TTT,F,F,Synonymous,F174F
174,LC373510,Historical,TTC,TTT,F,F,Synonymous,F174F
174,LC416593,Contemporary,TTC,TTT,F,F,Synonymous,F174F
174,LC416594,Contemporary,TTC,TTT,F,F,Synonymous,F174F
174,LC416595,Contemporary,TTC,TTT,F,F,Synonymous,F174F
174,LC435031,Contemporary,TTC,TTT,F,F,Synonymous,F174F
174,LC435032,Contemporary,TTC,TTT,F,F,Synonymous,F174F
174,MF621614,Historical,TTC,TTT,F,F,Synonymous,F174F
174,MG049743,Historical,TTC,TTT,F,F,Synonymous,F174F
174,MH577308,Historical,TTC,TTT,F,F,Synonymous,F174F
174,MH577309,Historical,TTC,TTT,F,F,Synonymous,F174F
174,MH577310,Historical,TTC,TTT,F,F,Synonymous,F174F
174,MH577311,Contemporary,TTC,TTT,F,F,Synonymous,F174F
174,MH577312,Historical,TTC,TTT,F,F,Synonymous,F174F
174,MH577313,Historical,TTC,TTT,F,F,Synonymous,F174F
174,MH577314,Contemporary,TTC,TTT,F,F,Synonymous,F174F
174,MN062164,Historical,TTC,TTT,F,F,Synonymous,F174F
174,MN062165,Contemporary,TTC,TTT,F,F,Synonymous,F174F
174,MN062166,Contemporary,TTC,TTT,F,F,Synonymous,F174F
174,MN746031,Contemporary,TTC,TTT,F,F,Synonymous,F174F
174,MN746032,Contemporary,TTC,TTT,F,F,Synonymous,F174F
174,MN832785,Contemporary,TTC,TTT,F,F,Synonymous,F174F
174,MN832786,Contemporary,TTC,TTT,F,F,Synonymous,F174F
174,MW405346,Historical,TTC,TTT,F,F,Synonymous,F174F
174,MW405347,Historical,TTC,TTT,F,F,Synonymous,F174F
174,MW405348,Historical,TTC,TTT,F,F,Synonymous,F174F
174,MW405349,Historical,TTC,TTT,F,F,Synonymous,F174F
174,OK625565,Historical,TTC,TTT,F,F,Synonymous,F174F
174,OM291913,Contemporary,TTC,TTT,F,F,Synonymous,F174F
174,OM291914,Contemporary,TTC,TTT,F,F,Synonymous,F174F
174,OM291915,Contemporary,TTC,TTT,F,F,Synonymous,F174F
174,OM291916,Contemporary,TTC,TTT,F,F,Synonymous,F174F
174,OM291917,Contemporary,TTC,TTT,F,F,Synonymous,F174F
174,OM291918,Contemporary,TTC,TTT,F,F,Synonymous,F174F
174,ON496631,Contemporary,TTC,TTT,F,F,Synonymous,F174F
174,ON496632,Contemporary,TTC,TTT,F,F,Synonymous,F174F
174,ON496633,Contemporary,TTC,TTT,F,F,Synonymous,F174F
174,ON524415,Contemporary,TTC,TTT,F,F,Synonymous,F174F
174,ON524416,Contemporary,TTC,TTT,F,F,Synonymous,F174F
174,ON524417,Contemporary,TTC,TTT,F,F,Synonymous,F174F
174,ON524419,Contemporary,TTC,TTT,F,F,Synonymous,F174F
174,ON524420,Contemporary,TTC,TTT,F,F,Synonymous,F174F
174,ON524421,Contemporary,TTC,TTT,F,F,Synonymous,F174F
174,ON524422,Contemporary,TTC,TTT,F,F,Synonymous,F174F
174,ON524423,Contemporary,TTC,TTT,F,F,Synonymous,F174F
174,ON524424,Contemporary,TTC,TTT,F,F,Synonymous,F174F
174,ON524425,Contemporary,TTC,TTT,F,F,Synonymous,F174F
174,ON524426,Contemporary,TTC,TTT,F,F,Synonymous,F174F
174,ON524427,Contemporary,TTC,TTT,F,F,Synonymous,F174F
174,ON524428,Contemporary,TTC,TTT,F,F,Synonymous,F174F
174,ON524429,Contemporary,TTC,TTT,F,F,Synonymous,F174F
174,ON524430,Contemporary,TTC,TTT,F,F,Synonymous,F174F
174,ON524431,Contemporary,TTC,TTT,F,F,Synonymous,F174F
174,ON524432,Contemporary,TTC,TTT,F,F,Synonymous,F174F
174,ON524433,Contemporary,TTC,TTT,F,F,Synonymous,F174F
174,ON524434,Contemporary,TTC,TTT,F,F,Synonymous,F174F
174,ON524435,Contemporary,TTC,TTT,F,F,Synonymous,F174F
174,ON524436,Contemporary,TTC,TTT,F,F,Synonymous,F174F
174,ON524437,Contemporary,TTC,TTT,F,F,Synonymous,F174F
174,ON524438,Contemporary,TTC,TTT,F,F,Synonymous,F174F
174,ON524439,Contemporary,TTC,TTT,F,F,Synonymous,F174F
174,ON524440,Contemporary,TTC,TTT,F,F,Synonymous,F174F
174,ON524441,Contemporary,TTC,TTT,F,F,Synonymous,F174F
174,ON524442,Contemporary,TTC,TTT,F,F,Synonymous,F174F
174,ON524443,Contemporary,TTC,TTT,F,F,Synonymous,F174F
174,ON524444,Contemporary,TTC,TTT,F,F,Synonymous,F174F
174,ON524445,Contemporary,TTC,TTT,F,F,Synonymous,F174F
174,ON524446,Contemporary,TTC,TTT,F,F,Synonymous,F174F
174,ON524448,Contemporary,TTC,TTT,F,F,Synonymous,F174F
174,ON524449,Contemporary,TTC,TTT,F,F,Synonymous,F174F
174,ON524450,Contemporary,TTC,TTT,F,F,Synonymous,F174F
174,ON524451,Contemporary,TTC,TTT,F,F,Synonymous,F174F
174,ON524452,Contemporary,TTC,TTT,F,F,Synonymous,F174F
174,ON524453,Contemporary,TTC,TTT,F,F,Synonymous,F174F
174,ON524455,Contemporary,TTC,TTT,F,F,Synonymous,F174F
174,ON524456,Contemporary,TTC,TTT,F,F,Synonymous,F174F
174,ON524457,Contemporary,TTC,TTT,F,F,Synonymous,F174F
174,ON524458,Contemporary,TTC,TTT,F,F,Synonymous,F174F
174,ON524459,Contemporary,TTC,TTT,F,F,Synonymous,F174F
174,ON524460,Contemporary,TTC,TTT,F,F,Synonymous,F174F
174,ON524461,Contemporary,TTC,TTT,F,F,Synonymous,F174F
174,ON524462,Contemporary,TTC,TTT,F,F,Synonymous,F174F
174,ON524463,Contemporary,TTC,TTT,F,F,Synonymous,F174F
174,ON524464,Contemporary,TTC,TTT,F,F,Synonymous,F174F
174,ON524465,Contemporary,TTC,TTT,F,F,Synonymous,F174F
174,ON524466,Contemporary,TTC,ATC,F,I,Non-Synonymous,F174I
174,ON524467,Contemporary,TTC,TTT,F,F,Synonymous,F174F
174,ON524468,Contemporary,TTC,TTT,F,F,Synonymous,F174F
174,ON524469,Contemporary,TTC,TTT,F,F,Synonymous,F174F
174,ON524470,Contemporary,TTC,TTT,F,F,Synonymous,F174F
174,ON524471,Contemporary,TTC,TTT,F,F,Synonymous,F174F
174,ON524472,Contemporary,TTC,TTT,F,F,Synonymous,F174F
174,ON524473,Contemporary,TTC,TTT,F,F,Synonymous,F174F
174,ON524474,Contemporary,TTC,TTT,F,F,Synonymous,F174F
174,ON524475,Contemporary,TTC,TTT,F,F,Synonymous,F174F
174,ON524476,Contemporary,TTC,TTT,F,F,Synonymous,F174F
174,ON524477,Contemporary,TTC,TTT,F,F,Synonymous,F174F
174,ON524478,Contemporary,TTC,TTT,F,F,Synonymous,F174F
174,ON524479,Contemporary,TTC,TTT,F,F,Synonymous,F174F
174,ON524480,Contemporary,TTC,TTT,F,F,Synonymous,F174F
174,ON524481,Contemporary,TTC,TTT,F,F,Synonymous,F174F
174,ON524482,Contemporary,TTC,TTT,F,F,Synonymous,F174F
174,ON524483,Contemporary,TTC,TTT,F,F,Synonymous,F174F
174,ON524484,Contemporary,TTC,TTT,F,F,Synonymous,F174F
174,ON524487,Contemporary,TTC,TTT,F,F,Synonymous,F174F
174,ON524488,Contemporary,TTC,TTT,F,F,Synonymous,F174F
174,ON524489,Contemporary,TTC,TTT,F,F,Synonymous,F174F
174,ON524491,Contemporary,TTC,TTT,F,F,Synonymous,F174F
174,ON524492,Contemporary,TTC,TTT,F,F,Synonymous,F174F
174,ON524493,Contemporary,TTC,TTT,F,F,Synonymous,F174F
174,ON524494,Contemporary,TTC,TTT,F,F,Synonymous,F174F
174,ON524496,Contemporary,TTC,TTT,F,F,Synonymous,F174F
174,ON524497,Contemporary,TTC,TTT,F,F,Synonymous,F174F
174,ON524498,Contemporary,TTC,TTT,F,F,Synonymous,F174F
174,ON524499,Contemporary,TTC,TTT,F,F,Synonymous,F174F
174,ON524500,Contemporary,TTC,TTT,F,F,Synonymous,F174F
174,ON524501,Contemporary,TTC,TTT,F,F,Synonymous,F174F
174,ON524502,Contemporary,TTC,TTT,F,F,Synonymous,F174F
174,ON524503,Contemporary,TTC,TTT,F,F,Synonymous,F174F
174,ON524504,Contemporary,TTC,TTT,F,F,Synonymous,F174F
174,ON524506,Contemporary,TTC,TTT,F,F,Synonymous,F174F
174,ON524507,Contemporary,TTC,TTT,F,F,Synonymous,F174F
174,ON524508,Contemporary,TTC,TTT,F,F,Synonymous,F174F
174,ON524509,Contemporary,TTC,TTT,F,F,Synonymous,F174F
174,ON524510,Contemporary,TTC,TTT,F,F,Synonymous,F174F
174,ON524512,Contemporary,TTC,TTT,F,F,Synonymous,F174F
174,ON524514,Contemporary,TTC,TTT,F,F,Synonymous,F174F
174,ON524515,Contemporary,TTC,TTT,F,F,Synonymous,F174F
174,ON524516,Contemporary,TTC,TTT,F,F,Synonymous,F174F
174,ON524517,Contemporary,TTC,TTT,F,F,Synonymous,F174F
174,ON524518,Contemporary,TTC,TTT,F,F,Synonymous,F174F
174,ON524519,Contemporary,TTC,TTT,F,F,Synonymous,F174F
174,ON524520,Contemporary,TTC,TTT,F,F,Synonymous,F174F
174,ON524521,Contemporary,TTC,TTT,F,F,Synonymous,F174F
174,ON524522,Contemporary,TTC,TTT,F,F,Synonymous,F174F
174,ON524524,Contemporary,TTC,TTT,F,F,Synonymous,F174F
174,ON524526,Contemporary,TTC,TTT,F,F,Synonymous,F174F
174,ON524528,Contemporary,TTC,TTT,F,F,Synonymous,F174F
174,ON524529,Contemporary,TTC,TTT,F,F,Synonymous,F174F
174,ON524530,Contemporary,TTC,TTT,F,F,Synonymous,F174F
174,ON524531,Contemporary,TTC,TTT,F,F,Synonymous,F174F
174,ON524532,Contemporary,TTC,TTT,F,F,Synonymous,F174F
174,ON524533,Contemporary,TTC,TTT,F,F,Synonymous,F174F
174,ON524534,Contemporary,TTC,TTT,F,F,Synonymous,F174F
174,ON524535,Contemporary,TTC,TTT,F,F,Synonymous,F174F
174,ON661550,Contemporary,TTC,TTT,F,F,Synonymous,F174F
174,ON661551,Contemporary,TTC,TTT,F,F,Synonymous,F174F
174,ON661552,Contemporary,TTC,TTT,F,F,Synonymous,F174F
174,ON661553,Contemporary,TTC,TTT,F,F,Synonymous,F174F
174,ON661554,Contemporary,TTC,TTT,F,F,Synonymous,F174F
174,ON661555,Contemporary,TTC,TTT,F,F,Synonymous,F174F
174,ON661556,Contemporary,TTC,TTT,F,F,Synonymous,F174F
174,ON661557,Contemporary,TTC,TTT,F,F,Synonymous,F174F
174,ON661558,Contemporary,TTC,TTT,F,F,Synonymous,F174F
174,ON661559,Contemporary,TTC,TTT,F,F,Synonymous,F174F
174,ON911719,Historical,TTC,TTT,F,F,Synonymous,F174F
174,ON911720,Historical,TTC,TTT,F,F,Synonymous,F174F
174,ON911721,Historical,TTC,TTT,F,F,Synonymous,F174F
174,ON911722,Historical,TTC,TTT,F,F,Synonymous,F174F
174,OQ161772,Contemporary,TTC,TTT,F,F,Synonymous,F174F
174,OQ791466,Contemporary,TTC,TTT,F,F,Synonymous,F174F
174,OR031237,Contemporary,TTC,TTT,F,F,Synonymous,F174F
174,OR477188,Contemporary,TTC,TTT,F,F,Synonymous,F174F
174,OR477190,Contemporary,TTC,TTT,F,F,Synonymous,F174F
174,OR477193,Contemporary,TTC,TTT,F,F,Synonymous,F174F
174,OR477194,Contemporary,TTC,TTT,F,F,Synonymous,F174F
174,OR477195,Contemporary,TTC,TTT,F,F,Synonymous,F174F
174,OR477196,Contemporary,TTC,TTT,F,F,Synonymous,F174F
174,OR477197,Contemporary,TTC,TTT,F,F,Synonymous,F174F
174,OR477198,Contemporary,TTC,TTT,F,F,Synonymous,F174F
174,OR477199,Contemporary,TTC,TTT,F,F,Synonymous,F174F
174,OR477200,Contemporary,TTC,TTT,F,F,Synonymous,F174F
174,OR477202,Contemporary,TTC,TTT,F,F,Synonymous,F174F
174,OR606576,Contemporary,TTC,TTT,F,F,Synonymous,F174F
174,PP389036,Contemporary,TTC,TTT,F,F,Synonymous,F174F
174,PP389037,Contemporary,TTC,TTT,F,F,Synonymous,F174F
174,PP389039,Contemporary,TTC,TTT,F,F,Synonymous,F174F
174,PP389040,Contemporary,TTC,TTT,F,F,Synonymous,F174F
174,PP389041,Contemporary,TTC,TTT,F,F,Synonymous,F174F
174,PP389042,Contemporary,TTC,TTT,F,F,Synonymous,F174F
174,PP389044,Contemporary,TTC,TTT,F,F,Synonymous,F174F
174,PP661694,Contemporary,TTC,TTT,F,F,Synonymous,F174F
174,PP661695,Contemporary,TTC,TTT,F,F,Synonymous,F174F
174,PP661696,Contemporary,TTC,TTT,F,F,Synonymous,F174F
174,PP661697,Contemporary,TTC,TTT,F,F,Synonymous,F174F
174,PP661698,Contemporary,TTC,TTT,F,F,Synonymous,F174F
174,PP661699,Historical,TTC,TTT,F,F,Synonymous,F174F
174,PP860039,Contemporary,TTC,TTT,F,F,Synonymous,F174F
174,PQ008999,Contemporary,TTC,TTT,F,F,Synonymous,F174F
174,PQ496830,Contemporary,TTC,TTT,F,F,Synonymous,F174F
204,AB425339,Historical,AGC,AGT,S,S,Synonymous,S204S
204,AB819869,Historical,AGC,AGT,S,S,Synonymous,S204S
204,AB819870,Historical,AGC,AGT,S,S,Synonymous,S204S
204,AB839692,Historical,AGC,AGT,S,S,Synonymous,S204S
204,AB839693,Historical,AGC,AGT,S,S,Synonymous,S204S
204,AB839694,Historical,AGC,AGT,S,S,Synonymous,S204S
204,AB839695,Historical,AGC,AGT,S,S,Synonymous,S204S
204,AB839696,Historical,AGC,AGT,S,S,Synonymous,S204S
204,AB839697,Historical,AGC,AGT,S,S,Synonymous,S204S
204,AB969748,Historical,AGC,AGT,S,S,Synonymous,S204S
204,HM769724,Historical,AGC,AGT,S,S,Synonymous,S204S
204,HQ437707,Historical,AGC,AGT,S,S,Synonymous,S204S
204,KC182587,Historical,AGC,AGT,S,S,Synonymous,S204S
204,KC182588,Historical,AGC,AGT,S,S,Synonymous,S204S
204,KC182589,Historical,AGC,AGT,S,S,Synonymous,S204S
204,KF724023,Historical,AGC,GGC,S,G,Non-Synonymous,S204G
204,KF773842,Historical,AGC,AGT,S,S,Synonymous,S204S
204,KJ427799,Historical,AGC,AGT,S,S,Synonymous,S204S
204,KP177964,Historical,AGC,AGT,S,S,Synonymous,S204S
204,KP177965,Historical,AGC,AGT,S,S,Synonymous,S204S
204,KX088647,Historical,AGC,GGC,S,G,Non-Synonymous,S204G
204,LC035020,Historical,AGC,AGT,S,S,Synonymous,S204S
204,LC049337,Historical,AGC,AGT,S,S,Synonymous,S204S
204,LC049338,Historical,AGC,AGT,S,S,Synonymous,S204S
204,LC049339,Historical,AGC,AGT,S,S,Synonymous,S204S
204,LC049340,Historical,AGC,AGT,S,S,Synonymous,S204S
204,LC049341,Historical,AGC,AGT,S,S,Synonymous,S204S
204,LC049342,Historical,AGC,AGT,S,S,Synonymous,S204S
204,LC128713,Historical,AGC,AGT,S,S,Synonymous,S204S
204,LC191189,Historical,AGC,AGT,S,S,Synonymous,S204S
204,LC373510,Historical,AGC,AGT,S,S,Synonymous,S204S
204,LC416593,Contemporary,AGC,AGT,S,S,Synonymous,S204S
204,LC416594,Contemporary,AGC,AGT,S,S,Synonymous,S204S
204,LC416595,Contemporary,AGC,AGT,S,S,Synonymous,S204S
204,LC435031,Contemporary,AGC,AGT,S,S,Synonymous,S204S
204,LC435032,Contemporary,AGC,AGT,S,S,Synonymous,S204S
204,LC515196,Historical,AGC,AGT,S,S,Synonymous,S204S
204,LC515197,Historical,AGC,AGT,S,S,Synonymous,S204S
204,LC515198,Historical,AGC,AGT,S,S,Synonymous,S204S
204,LC515199,Historical,AGC,AGT,S,S,Synonymous,S204S
204,LC515200,Historical,AGC,AGT,S,S,Synonymous,S204S
204,LC515202,Historical,AGC,AGT,S,S,Synonymous,S204S
204,MG049743,Historical,AGC,AGT,S,S,Synonymous,S204S
204,MH933766,Historical,AGC,AGT,S,S,Synonymous,S204S
204,MH933767,Historical,AGC,AGT,S,S,Synonymous,S204S
204,MH933768,Historical,AGC,AGT,S,S,Synonymous,S204S
204,MN062164,Historical,AGC,AGT,S,S,Synonymous,S204S
204,MN062165,Contemporary,AGC,AGT,S,S,Synonymous,S204S
204,MN062166,Contemporary,AGC,AGT,S,S,Synonymous,S204S
204,MW405346,Historical,AGC,AGT,S,S,Synonymous,S204S
204,MW405347,Historical,AGC,AGT,S,S,Synonymous,S204S
204,MW405348,Historical,AGC,AGT,S,S,Synonymous,S204S
204,MW405349,Historical,AGC,AGT,S,S,Synonymous,S204S
204,OK625565,Historical,AGC,AGT,S,S,Synonymous,S204S
204,OM291913,Contemporary,AGC,AGT,S,S,Synonymous,S204S
204,OM291914,Contemporary,AGC,AGT,S,S,Synonymous,S204S
204,OM291915,Contemporary,AGC,AGT,S,S,Synonymous,S204S
204,OM291916,Contemporary,AGC,AGT,S,S,Synonymous,S204S
204,OM291917,Contemporary,AGC,AGT,S,S,Synonymous,S204S
204,OM291918,Contemporary,AGC,AGT,S,S,Synonymous,S204S
204,ON496631,Contemporary,AGC,AGT,S,S,Synonymous,S204S
204,ON496632,Contemporary,AGC,AGT,S,S,Synonymous,S204S
204,ON524415,Contemporary,AGC,AGT,S,S,Synonymous,S204S
204,ON524416,Contemporary,AGC,AGT,S,S,Synonymous,S204S
204,ON524417,Contemporary,AGC,AGT,S,S,Synonymous,S204S
204,ON524419,Contemporary,AGC,AGT,S,S,Synonymous,S204S
204,ON524420,Contemporary,AGC,AGT,S,S,Synonymous,S204S
204,ON524421,Contemporary,AGC,AGT,S,S,Synonymous,S204S
204,ON524422,Contemporary,AGC,AGT,S,S,Synonymous,S204S
204,ON524424,Contemporary,AGC,AGT,S,S,Synonymous,S204S
204,ON524425,Contemporary,AGC,AGT,S,S,Synonymous,S204S
204,ON524427,Contemporary,AGC,AGT,S,S,Synonymous,S204S
204,ON524428,Contemporary,AGC,AGT,S,S,Synonymous,S204S
204,ON524431,Contemporary,AGC,AGT,S,S,Synonymous,S204S
204,ON524435,Contemporary,AGC,AGT,S,S,Synonymous,S204S
204,ON524439,Contemporary,AGC,AGT,S,S,Synonymous,S204S
204,ON524443,Contemporary,AGC,AGT,S,S,Synonymous,S204S
204,ON524458,Contemporary,AGC,AGT,S,S,Synonymous,S204S
204,ON524459,Contemporary,AGC,AGT,S,S,Synonymous,S204S
204,ON524473,Contemporary,AGC,AGT,S,S,Synonymous,S204S
204,ON524519,Contemporary,AGC,AGT,S,S,Synonymous,S204S
204,ON524522,Contemporary,AGC,ATT,S,I,Non-Synonymous,S204I
204,ON524534,Contemporary,AGC,AGT,S,S,Synonymous,S204S
204,ON524535,Contemporary,AGC,AGT,S,S,Synonymous,S204S
204,ON661550,Contemporary,AGC,AGT,S,S,Synonymous,S204S
204,ON661551,Contemporary,AGC,AGT,S,S,Synonymous,S204S
204,ON661552,Contemporary,AGC,AGT,S,S,Synonymous,S204S
204,ON661553,Contemporary,AGC,AGT,S,S,Synonymous,S204S
204,ON911719,Historical,AGC,AGT,S,S,Synonymous,S204S
204,ON911720,Historical,AGC,AGT,S,S,Synonymous,S204S
204,ON911721,Historical,AGC,AGT,S,S,Synonymous,S204S
204,ON911722,Historical,AGC,AGT,S,S,Synonymous,S204S
204,OR031237,Contemporary,AGC,AGT,S,S,Synonymous,S204S
204,OR606576,Contemporary,AGC,AGT,S,S,Synonymous,S204S
204,PP389036,Contemporary,AGC,AGT,S,S,Synonymous,S204S
204,PP389037,Contemporary,AGC,AGT,S,S,Synonymous,S204S
204,PP389039,Contemporary,AGC,AGT,S,S,Synonymous,S204S
204,PP389040,Contemporary,AGC,AGT,S,S,Synonymous,S204S
204,PP389041,Contemporary,AGC,AGT,S,S,Synonymous,S204S
204,PP389042,Contemporary,AGC,AGT,S,S,Synonymous,S204S
204,PP389044,Contemporary,AGC,AGT,S,S,Synonymous,S204S
204,PP661694,Contemporary,AGC,AGT,S,S,Synonymous,S204S
204,PP661695,Contemporary,AGC,AGT,S,S,Synonymous,S204S
204,PP661696,Contemporary,AGC,AGT,S,S,Synonymous,S204S
204,PP661697,Contemporary,AGC,AGT,S,S,Synonymous,S204S
204,PP661698,Contemporary,AGC,AGT,S,S,Synonymous,S204S
204,PP661699,Historical,AGC,AGT,S,S,Synonymous,S204S
204,PQ008999,Contemporary,AGC,AGT,S,S,Synonymous,S204S
204,PQ496830,Contemporary,AGC,AGT,S,S,Synonymous,S204S
291,OR477197,Contemporary,ACA,TCA,T,S,Non-Synonymous,T291S
291,PP661698,Contemporary,ACA,ACT,T,T,Synonymous,T291T
388,AB425339,Historical,ACG,ACA,T,T,Synonymous,T388T
388,AB618529,Historical,ACG,ACT,T,T,Synonymous,T388T
388,AB618531,Historical,ACG,ACT,T,T,Synonymous,T388T
388,AB793725,Historical,ACG,ACT,T,T,Synonymous,T388T
388,AB793726,Historical,ACG,ACT,T,T,Synonymous,T388T
388,AB819869,Historical,ACG,ACT,T,T,Synonymous,T388T
388,AB819870,Historical,ACG,ACT,T,T,Synonymous,T388T
388,AB839692,Historical,ACG,ACT,T,T,Synonymous,T388T
388,AB839693,Historical,ACG,ACT,T,T,Synonymous,T388T
388,AB839694,Historical,ACG,ACT,T,T,Synonymous,T388T
388,AB839695,Historical,ACG,ACT,T,T,Synonymous,T388T
388,AB839696,Historical,ACG,ACT,T,T,Synonymous,T388T
388,AB839697,Historical,ACG,ACT,T,T,Synonymous,T388T
388,AB909123,Historical,ACG,ACT,T,T,Synonymous,T388T
388,AB969748,Historical,ACG,ACT,T,T,Synonymous,T388T
388,AB973400,Historical,ACG,ACA,T,T,Synonymous,T388T
388,AB973401,Historical,ACG,ACT,T,T,Synonymous,T388T
388,HM769724,Historical,ACG,ACT,T,T,Synonymous,T388T
388,HQ437707,Historical,ACG,ACT,T,T,Synonymous,T388T
388,KC182587,Historical,ACG,ACT,T,T,Synonymous,T388T
388,KC182588,Historical,ACG,ACT,T,T,Synonymous,T388T
388,KC182589,Historical,ACG,ACT,T,T,Synonymous,T388T
388,KF569906,Historical,ACG,ACA,T,T,Synonymous,T388T
388,KF773842,Historical,ACG,ACC,T,T,Synonymous,T388T
388,KJ427799,Historical,ACG,ACC,T,T,Synonymous,T388T
388,KP177964,Historical,ACG,ACT,T,T,Synonymous,T388T
388,KP177965,Historical,ACG,ACT,T,T,Synonymous,T388T
388,KX035096,Historical,ACG,AAA,T,K,Non-Synonymous,T388K
388,KX088647,Historical,ACG,AAA,T,K,Non-Synonymous,T388K
388,KX228694,Historical,ACG,ACA,T,T,Synonymous,T388T
388,KX523680,Historical,ACG,ACA,T,T,Synonymous,T388T
388,KY003229,Historical,ACG,ACA,T,T,Synonymous,T388T
388,LC035020,Historical,ACG,ACT,T,T,Synonymous,T388T
388,LC049337,Historical,ACG,ACT,T,T,Synonymous,T388T
388,LC049338,Historical,ACG,ACT,T,T,Synonymous,T388T
388,LC049339,Historical,ACG,ACT,T,T,Synonymous,T388T
388,LC049340,Historical,ACG,ACC,T,T,Synonymous,T388T
388,LC049341,Historical,ACG,ACT,T,T,Synonymous,T388T
388,LC049342,Historical,ACG,ACT,T,T,Synonymous,T388T
388,LC128713,Historical,ACG,ACA,T,T,Synonymous,T388T
388,LC191189,Historical,ACG,ACT,T,T,Synonymous,T388T
388,LC373510,Historical,ACG,ACT,T,T,Synonymous,T388T
388,LC416593,Contemporary,ACG,ACT,T,T,Synonymous,T388T
388,LC416594,Contemporary,ACG,ACT,T,T,Synonymous,T388T
388,LC416595,Contemporary,ACG,ACT,T,T,Synonymous,T388T
388,LC435031,Contemporary,ACG,ACT,T,T,Synonymous,T388T
388,LC435032,Contemporary,ACG,ACT,T,T,Synonymous,T388T
388,LC515196,Historical,ACG,TCA,T,S,Non-Synonymous,T388S
388,LC515197,Historical,ACG,TCA,T,S,Non-Synonymous,T388S
388,LC515198,Historical,ACG,TCA,T,S,Non-Synonymous,T388S
388,LC515199,Historical,ACG,TCA,T,S,Non-Synonymous,T388S
388,LC515200,Historical,ACG,TCA,T,S,Non-Synonymous,T388S
388,LC515201,Historical,ACG,ACA,T,T,Synonymous,T388T
388,LC515202,Historical,ACG,TCA,T,S,Non-Synonymous,T388S
388,MF621614,Historical,ACG,ACA,T,T,Synonymous,T388T
388,MG049743,Historical,ACG,ACT,T,T,Synonymous,T388T
388,MH577308,Historical,ACG,ACA,T,T,Synonymous,T388T
388,MH577309,Historical,ACG,ACA,T,T,Synonymous,T388T
388,MH577310,Historical,ACG,ACA,T,T,Synonymous,T388T
388,MH577311,Contemporary,ACG,ACA,T,T,Synonymous,T388T
388,MH577312,Historical,ACG,ACA,T,T,Synonymous,T388T
388,MH577313,Historical,ACG,ACA,T,T,Synonymous,T388T
388,MH577314,Contemporary,ACG,ACA,T,T,Synonymous,T388T
388,MH685714,Historical,ACG,ACA,T,T,Synonymous,T388T
388,MH933766,Historical,ACG,TCA,T,S,Non-Synonymous,T388S
388,MH933768,Historical,ACG,TCA,T,S,Non-Synonymous,T388S
388,MK829707,Historical,ACG,ACA,T,T,Synonymous,T388T
388,MN062164,Historical,ACG,ACT,T,T,Synonymous,T388T
388,MN062165,Contemporary,ACG,ACT,T,T,Synonymous,T388T
388,MN062166,Contemporary,ACG,ACT,T,T,Synonymous,T388T
388,MN746031,Contemporary,ACG,ACA,T,T,Synonymous,T388T
388,MN746032,Contemporary,ACG,ACA,T,T,Synonymous,T388T
388,MN832785,Contemporary,ACG,ACA,T,T,Synonymous,T388T
388,MN832786,Contemporary,ACG,ACT,T,T,Synonymous,T388T
388,MT181522,Contemporary,ACG,AAA,T,K,Non-Synonymous,T388K
388,MW405346,Historical,ACG,ACT,T,T,Synonymous,T388T
388,MW405347,Historical,ACG,ACT,T,T,Synonymous,T388T
388,MW405348,Historical,ACG,ACT,T,T,Synonymous,T388T
388,MW405349,Historical,ACG,ACT,T,T,Synonymous,T388T
388,OK625565,Historical,ACG,ACT,T,T,Synonymous,T388T
388,OM291913,Contemporary,ACG,ACT,T,T,Synonymous,T388T
388,OM291914,Contemporary,ACG,ACT,T,T,Synonymous,T388T
388,OM291915,Contemporary,ACG,ACT,T,T,Synonymous,T388T
388,OM291916,Contemporary,ACG,ACT,T,T,Synonymous,T388T
388,OM291917,Contemporary,ACG,ACT,T,T,Synonymous,T388T
388,OM291918,Contemporary,ACG,ACT,T,T,Synonymous,T388T
388,ON496631,Contemporary,ACG,ACT,T,T,Synonymous,T388T
388,ON496632,Contemporary,ACG,ACT,T,T,Synonymous,T388T
388,ON496633,Contemporary,ACG,ACA,T,T,Synonymous,T388T
388,ON524415,Contemporary,ACG,ACT,T,T,Synonymous,T388T
388,ON524416,Contemporary,ACG,ACT,T,T,Synonymous,T388T
388,ON524417,Contemporary,ACG,ACT,T,T,Synonymous,T388T
388,ON524419,Contemporary,ACG,ACT,T,T,Synonymous,T388T
388,ON524420,Contemporary,ACG,ACT,T,T,Synonymous,T388T
388,ON524421,Contemporary,ACG,ACT,T,T,Synonymous,T388T
388,ON524422,Contemporary,ACG,ACT,T,T,Synonymous,T388T
388,ON524423,Contemporary,ACG,ACA,T,T,Synonymous,T388T
388,ON524424,Contemporary,ACG,ACT,T,T,Synonymous,T388T
388,ON524425,Contemporary,ACG,ACT,T,T,Synonymous,T388T
388,ON524426,Contemporary,ACG,ACA,T,T,Synonymous,T388T
388,ON524427,Contemporary,ACG,ACT,T,T,Synonymous,T388T
388,ON524428,Contemporary,ACG,ACT,T,T,Synonymous,T388T
388,ON524429,Contemporary,ACG,ACA,T,T,Synonymous,T388T
388,ON524430,Contemporary,ACG,ACA,T,T,Synonymous,T388T
388,ON524431,Contemporary,ACG,ACT,T,T,Synonymous,T388T
388,ON524432,Contemporary,ACG,ACA,T,T,Synonymous,T388T
388,ON524433,Contemporary,ACG,ACA,T,T,Synonymous,T388T
388,ON524434,Contemporary,ACG,ACA,T,T,Synonymous,T388T
388,ON524435,Contemporary,ACG,ACT,T,T,Synonymous,T388T
388,ON524436,Contemporary,ACG,ACA,T,T,Synonymous,T388T
388,ON524437,Contemporary,ACG,ACA,T,T,Synonymous,T388T
388,ON524438,Contemporary,ACG,ACA,T,T,Synonymous,T388T
388,ON524439,Contemporary,ACG,ACC,T,T,Synonymous,T388T
388,ON524440,Contemporary,ACG,ACA,T,T,Synonymous,T388T
388,ON524441,Contemporary,ACG,ACA,T,T,Synonymous,T388T
388,ON524442,Contemporary,ACG,ACA,T,T,Synonymous,T388T
388,ON524443,Contemporary,ACG,ACT,T,T,Synonymous,T388T
388,ON524444,Contemporary,ACG,ACA,T,T,Synonymous,T388T
388,ON524445,Contemporary,ACG,ACA,T,T,Synonymous,T388T
388,ON524446,Contemporary,ACG,ACA,T,T,Synonymous,T388T
388,ON524448,Contemporary,ACG,ACA,T,T,Synonymous,T388T
388,ON524449,Contemporary,ACG,ACA,T,T,Synonymous,T388T
388,ON524450,Contemporary,ACG,ACA,T,T,Synonymous,T388T
388,ON524451,Contemporary,ACG,ACA,T,T,Synonymous,T388T
388,ON524452,Contemporary,ACG,ACA,T,T,Synonymous,T388T
388,ON524453,Contemporary,ACG,ACA,T,T,Synonymous,T388T
388,ON524455,Contemporary,ACG,ACA,T,T,Synonymous,T388T
388,ON524456,Contemporary,ACG,ACA,T,T,Synonymous,T388T
388,ON524457,Contemporary,ACG,ACA,T,T,Synonymous,T388T
388,ON524458,Contemporary,ACG,ACT,T,T,Synonymous,T388T
388,ON524459,Contemporary,ACG,ACT,T,T,Synonymous,T388T
388,ON524460,Contemporary,ACG,ACA,T,T,Synonymous,T388T
388,ON524461,Contemporary,ACG,ACA,T,T,Synonymous,T388T
388,ON524462,Contemporary,ACG,ACA,T,T,Synonymous,T388T
388,ON524463,Contemporary,ACG,ACA,T,T,Synonymous,T388T
388,ON524464,Contemporary,ACG,ACA,T,T,Synonymous,T388T
388,ON524465,Contemporary,ACG,ACA,T,T,Synonymous,T388T
388,ON524466,Contemporary,ACG,ACA,T,T,Synonymous,T388T
388,ON524467,Contemporary,ACG,ACA,T,T,Synonymous,T388T
388,ON524468,Contemporary,ACG,ACA,T,T,Synonymous,T388T
388,ON524469,Contemporary,ACG,ACA,T,T,Synonymous,T388T
388,ON524470,Contemporary,ACG,ACA,T,T,Synonymous,T388T
388,ON524471,Contemporary,ACG,ACA,T,T,Synonymous,T388T
388,ON524472,Contemporary,ACG,ACA,T,T,Synonymous,T388T
388,ON524473,Contemporary,ACG,ACT,T,T,Synonymous,T388T
388,ON524474,Contemporary,ACG,ACA,T,T,Synonymous,T388T
388,ON524475,Contemporary,ACG,ACA,T,T,Synonymous,T388T
388,ON524476,Contemporary,ACG,ACA,T,T,Synonymous,T388T
388,ON524477,Contemporary,ACG,ACA,T,T,Synonymous,T388T
388,ON524478,Contemporary,ACG,ACA,T,T,Synonymous,T388T
388,ON524479,Contemporary,ACG,ACA,T,T,Synonymous,T388T
388,ON524480,Contemporary,ACG,ACA,T,T,Synonymous,T388T
388,ON524481,Contemporary,ACG,ACA,T,T,Synonymous,T388T
388,ON524482,Contemporary,ACG,ACA,T,T,Synonymous,T388T
388,ON524483,Contemporary,ACG,ACA,T,T,Synonymous,T388T
388,ON524484,Contemporary,ACG,ACA,T,T,Synonymous,T388T
388,ON524487,Contemporary,ACG,ACA,T,T,Synonymous,T388T
388,ON524488,Contemporary,ACG,ACA,T,T,Synonymous,T388T
388,ON524489,Contemporary,ACG,ACA,T,T,Synonymous,T388T
388,ON524491,Contemporary,ACG,ACA,T,T,Synonymous,T388T
388,ON524492,Contemporary,ACG,ACA,T,T,Synonymous,T388T
388,ON524493,Contemporary,ACG,ACA,T,T,Synonymous,T388T
388,ON524494,Contemporary,ACG,ACA,T,T,Synonymous,T388T
388,ON524496,Contemporary,ACG,ACA,T,T,Synonymous,T388T
388,ON524497,Contemporary,ACG,ACA,T,T,Synonymous,T388T
388,ON524498,Contemporary,ACG,ACA,T,T,Synonymous,T388T
388,ON524499,Contemporary,ACG,ACA,T,T,Synonymous,T388T
388,ON524500,Contemporary,ACG,ACA,T,T,Synonymous,T388T
388,ON524501,Contemporary,ACG,ACA,T,T,Synonymous,T388T
388,ON524502,Contemporary,ACG,ACA,T,T,Synonymous,T388T
388,ON524503,Contemporary,ACG,ACA,T,T,Synonymous,T388T
388,ON524504,Contemporary,ACG,ACA,T,T,Synonymous,T388T
388,ON524506,Contemporary,ACG,ACA,T,T,Synonymous,T388T
388,ON524507,Contemporary,ACG,ACA,T,T,Synonymous,T388T
388,ON524508,Contemporary,ACG,ACA,T,T,Synonymous,T388T
388,ON524509,Contemporary,ACG,ACA,T,T,Synonymous,T388T
388,ON524510,Contemporary,ACG,ACA,T,T,Synonymous,T388T
388,ON524512,Contemporary,ACG,ACA,T,T,Synonymous,T388T
388,ON524514,Contemporary,ACG,ACA,T,T,Synonymous,T388T
388,ON524515,Contemporary,ACG,ACA,T,T,Synonymous,T388T
388,ON524516,Contemporary,ACG,ACA,T,T,Synonymous,T388T
388,ON524517,Contemporary,ACG,ACA,T,T,Synonymous,T388T
388,ON524518,Contemporary,ACG,ACA,T,T,Synonymous,T388T
388,ON524519,Contemporary,ACG,ACT,T,T,Synonymous,T388T
388,ON524520,Contemporary,ACG,ACA,T,T,Synonymous,T388T
388,ON524521,Contemporary,ACG,ACA,T,T,Synonymous,T388T
388,ON524522,Contemporary,ACG,ACT,T,T,Synonymous,T388T
388,ON524524,Contemporary,ACG,ACA,T,T,Synonymous,T388T
388,ON524526,Contemporary,ACG,ACA,T,T,Synonymous,T388T
388,ON524528,Contemporary,ACG,ACA,T,T,Synonymous,T388T
388,ON524529,Contemporary,ACG,ACA,T,T,Synonymous,T388T
388,ON524530,Contemporary,ACG,ACA,T,T,Synonymous,T388T
388,ON524531,Contemporary,ACG,ACA,T,T,Synonymous,T388T
388,ON524532,Contemporary,ACG,ACA,T,T,Synonymous,T388T
388,ON524533,Contemporary,ACG,ACA,T,T,Synonymous,T388T
388,ON524534,Contemporary,ACG,ACT,T,T,Synonymous,T388T
388,ON524535,Contemporary,ACG,ACT,T,T,Synonymous,T388T
388,ON661550,Contemporary,ACG,ACT,T,T,Synonymous,T388T
388,ON661551,Contemporary,ACG,ACT,T,T,Synonymous,T388T
388,ON661552,Contemporary,ACG,ACT,T,T,Synonymous,T388T
388,ON661553,Contemporary,ACG,ACT,T,T,Synonymous,T388T
388,ON661554,Contemporary,ACG,ACA,T,T,Synonymous,T388T
388,ON661555,Contemporary,ACG,ACA,T,T,Synonymous,T388T
388,ON661556,Contemporary,ACG,ACA,T,T,Synonymous,T388T
388,ON661557,Contemporary,ACG,ACA,T,T,Synonymous,T388T
388,ON661558,Contemporary,ACG,ACA,T,T,Synonymous,T388T
388,ON661559,Contemporary,ACG,ACA,T,T,Synonymous,T388T
388,ON911719,Historical,ACG,ACT,T,T,Synonymous,T388T
388,ON911720,Historical,ACG,ACT,T,T,Synonymous,T388T
388,ON911721,Historical,ACG,ACT,T,T,Synonymous,T388T
388,ON911722,Historical,ACG,ACT,T,T,Synonymous,T388T
388,OQ077984,Historical,ACG,ACA,T,T,Synonymous,T388T
388,OQ077985,Historical,ACG,ACA,T,T,Synonymous,T388T
388,OQ077995,Historical,ACG,ACA,T,T,Synonymous,T388T
388,OQ077996,Historical,ACG,ACA,T,T,Synonymous,T388T
388,OQ161772,Contemporary,ACG,ACA,T,T,Synonymous,T388T
388,OR477188,Contemporary,ACG,ACA,T,T,Synonymous,T388T
388,OR477190,Contemporary,ACG,ACA,T,T,Synonymous,T388T
388,OR477193,Contemporary,ACG,ACA,T,T,Synonymous,T388T
388,OR477194,Contemporary,ACG,ACA,T,T,Synonymous,T388T
388,OR477195,Contemporary,ACG,ACA,T,T,Synonymous,T388T
388,OR477196,Contemporary,ACG,ACA,T,T,Synonymous,T388T
388,OR477197,Contemporary,ACG,ACA,T,T,Synonymous,T388T
388,OR477198,Contemporary,ACG,ACA,T,T,Synonymous,T388T
388,OR477199,Contemporary,ACG,ACA,T,T,Synonymous,T388T
388,OR477200,Contemporary,ACG,ACA,T,T,Synonymous,T388T
388,OR477202,Contemporary,ACG,ACA,T,T,Synonymous,T388T
388,OR606575,Contemporary,ACG,ACA,T,T,Synonymous,T388T
388,OR606576,Contemporary,ACG,ACT,T,T,Synonymous,T388T
388,PP389036,Contemporary,ACG,ACT,T,T,Synonymous,T388T
388,PP389037,Contemporary,ACG,ACT,T,T,Synonymous,T388T
388,PP389039,Contemporary,ACG,ACT,T,T,Synonymous,T388T
388,PP389040,Contemporary,ACG,ACT,T,T,Synonymous,T388T
388,PP389041,Contemporary,ACG,ACT,T,T,Synonymous,T388T
388,PP389042,Contemporary,ACG,ACT,T,T,Synonymous,T388T
388,PP389044,Contemporary,ACG,ACT,T,T,Synonymous,T388T
388,PP661694,Contemporary,ACG,ACT,T,T,Synonymous,T388T
388,PP661695,Contemporary,ACG,ACT,T,T,Synonymous,T388T
388,PP661696,Contemporary,ACG,AGT,T,S,Non-Synonymous,T388S
388,PP661697,Contemporary,ACG,ACT,T,T,Synonymous,T388T
388,PP661698,Contemporary,ACG,ACT,T,T,Synonymous,T388T
388,PP661699,Historical,ACG,ACT,T,T,Synonymous,T388T
388,PP860039,Contemporary,ACG,ACA,T,T,Synonymous,T388T
388,PQ008999,Contemporary,ACG,AAA,T,K,Non-Synonymous,T388K
388,PQ009000,Contemporary,ACG,ACT,T,T,Synonymous,T388T
388,PQ009001,Contemporary,ACG,ACT,T,T,Synonymous,T388T
388,PQ496830,Contemporary,ACG,ACT,T,T,Synonymous,T388T
439,AB425339,Historical,ATA,ATT,I,I,Synonymous,I439I
439,AB973400,Historical,ATA,ATT,I,I,Synonymous,I439I
439,KF724020,Historical,ATA,ATG,I,M,Non-Synonymous,I439M
439,KF724021,Historical,ATA,ATG,I,M,Non-Synonymous,I439M
439,KF724022,Historical,ATA,ATG,I,M,Non-Synonymous,I439M
439,LC515196,Historical,ATA,ATT,I,I,Synonymous,I439I
439,LC515197,Historical,ATA,ATT,I,I,Synonymous,I439I
439,LC515198,Historical,ATA,ATT,I,I,Synonymous,I439I
439,LC515199,Historical,ATA,ATT,I,I,Synonymous,I439I
439,LC515200,Historical,ATA,ATT,I,I,Synonymous,I439I
439,LC515202,Historical,ATA,ATT,I,I,Synonymous,I439I
439,MH933766,Historical,ATA,ATT,I,I,Synonymous,I439I
439,MH933767,Historical,ATA,ATT,I,I,Synonymous,I439I
439,MH933768,Historical,ATA,ATT,I,I,Synonymous,I439I
439,ON524460,Contemporary,ATA,ATG,I,M,Non-Synonymous,I439M
439,OR606575,Contemporary,ATA,ATT,I,I,Synonymous,I439I
439,PP661696,Contemporary,ATA,ATT,I,I,Synonymous,I439I
569,AB909123,Historical,GTT,GTC,V,V,Synonymous,V569V
569,KF569906,Historical,GTT,GCT,V,A,Non-Synonymous,V569A
569,KX523680,Historical,GTT,GAT,V,D,Non-Synonymous,V569D
569,OR606576,Contemporary,GTT,GTC,V,V,Synonymous,V569V
569,PQ496830,Contemporary,GTT,GTC,V,V,Synonymous,V569V
576,AB425339,Historical,ATA,ATC,I,I,Synonymous,I576I
576,AB973400,Historical,ATA,ATT,I,I,Synonymous,I576I
576,KF724019,Historical,ATA,GTA,I,V,Non-Synonymous,I576V
576,KF724023,Historical,ATA,GTA,I,V,Non-Synonymous,I576V
576,MG049743,Historical,ATA,ATT,I,I,Synonymous,I576I
576,MT181522,Contemporary,ATA,GTA,I,V,Non-Synonymous,I576V
576,OK625565,Historical,ATA,ATT,I,I,Synonymous,I576I
576,ON524439,Contemporary,ATA,ATT,I,I,Synonymous,I576I
576,OR606575,Contemporary,ATA,ATT,I,I,Synonymous,I576I
576,PP661694,Contemporary,ATA,ATT,I,I,Synonymous,I576I
576,PP661699,Historical,ATA,ATT,I,I,Synonymous,I576I
594,AB973400,Historical,TCA,TCG,S,S,Synonymous,S594S
594,KF724021,Historical,TCA,CCA,S,P,Non-Synonymous,S594P
594,KF724022,Historical,TCA,CCA,S,P,Non-Synonymous,S594P
594,MN062164,Historical,TCA,TCG,S,S,Synonymous,S594S
594,ON496631,Contemporary,TCA,TCG,S,S,Synonymous,S594S
594,ON524415,Contemporary,TCA,TCG,S,S,Synonymous,S594S
594,OR606575,Contemporary,TCA,TCG,S,S,Synonymous,S594S
636,AB425339,Historical,ATC,ATT,I,I,Synonymous,I636I
636,AB618529,Historical,ATC,ATT,I,I,Synonymous,I636I
636,AB618531,Historical,ATC,ATT,I,I,Synonymous,I636I
636,AB793725,Historical,ATC,ATT,I,I,Synonymous,I636I
636,AB793726,Historical,ATC,ATT,I,I,Synonymous,I636I
636,AB819869,Historical,ATC,ATT,I,I,Synonymous,I636I
636,AB819870,Historical,ATC,ATT,I,I,Synonymous,I636I
636,AB839692,Historical,ATC,ATT,I,I,Synonymous,I636I
636,AB839693,Historical,ATC,ATT,I,I,Synonymous,I636I
636,AB839694,Historical,ATC,ATT,I,I,Synonymous,I636I
636,AB839695,Historical,ATC,ATT,I,I,Synonymous,I636I
636,AB839696,Historical,ATC,ATT,I,I,Synonymous,I636I
636,AB839697,Historical,ATC,ATT,I,I,Synonymous,I636I
636,AB909123,Historical,ATC,ATT,I,I,Synonymous,I636I
636,AB969748,Historical,ATC,ATT,I,I,Synonymous,I636I
636,AB973400,Historical,ATC,ATT,I,I,Synonymous,I636I
636,AB973401,Historical,ATC,ATT,I,I,Synonymous,I636I
636,HM769724,Historical,ATC,ATT,I,I,Synonymous,I636I
636,HQ437707,Historical,ATC,ATT,I,I,Synonymous,I636I
636,KC182587,Historical,ATC,ATT,I,I,Synonymous,I636I
636,KC182588,Historical,ATC,ATT,I,I,Synonymous,I636I
636,KC182589,Historical,ATC,ATT,I,I,Synonymous,I636I
636,KF724019,Historical,ATC,GTC,I,V,Non-Synonymous,I636V
636,KF724020,Historical,ATC,GTC,I,V,Non-Synonymous,I636V
636,KF724021,Historical,ATC,GTC,I,V,Non-Synonymous,I636V
636,KF724022,Historical,ATC,GTC,I,V,Non-Synonymous,I636V
636,KF724023,Historical,ATC,GTC,I,V,Non-Synonymous,I636V
636,KF773842,Historical,ATC,ATT,I,I,Synonymous,I636I
636,KJ427799,Historical,ATC,ATT,I,I,Synonymous,I636I
636,KP177964,Historical,ATC,ATT,I,I,Synonymous,I636I
636,KP177965,Historical,ATC,ATT,I,I,Synonymous,I636I
636,KX228694,Historical,ATC,ATT,I,I,Synonymous,I636I
636,KY003229,Historical,ATC,ATT,I,I,Synonymous,I636I
636,LC035020,Historical,ATC,ATT,I,I,Synonymous,I636I
636,LC049337,Historical,ATC,ATT,I,I,Synonymous,I636I
636,LC049338,Historical,ATC,ATT,I,I,Synonymous,I636I
636,LC049339,Historical,ATC,ATT,I,I,Synonymous,I636I
636,LC049340,Historical,ATC,ATT,I,I,Synonymous,I636I
636,LC049341,Historical,ATC,ATT,I,I,Synonymous,I636I
636,LC049342,Historical,ATC,ATT,I,I,Synonymous,I636I
636,LC128713,Historical,ATC,ATT,I,I,Synonymous,I636I
636,LC191189,Historical,ATC,ATT,I,I,Synonymous,I636I
636,LC373510,Historical,ATC,ATT,I,I,Synonymous,I636I
636,LC416593,Contemporary,ATC,ATT,I,I,Synonymous,I636I
636,LC416594,Contemporary,ATC,ATT,I,I,Synonymous,I636I
636,LC416595,Contemporary,ATC,ATT,I,I,Synonymous,I636I
636,LC435031,Contemporary,ATC,ATT,I,I,Synonymous,I636I
636,LC435032,Contemporary,ATC,ATT,I,I,Synonymous,I636I
636,LC515196,Historical,ATC,ATT,I,I,Synonymous,I636I
636,LC515197,Historical,ATC,ATT,I,I,Synonymous,I636I
636,LC515198,Historical,ATC,ATT,I,I,Synonymous,I636I
636,LC515199,Historical,ATC,ATT,I,I,Synonymous,I636I
636,LC515200,Historical,ATC,ATT,I,I,Synonymous,I636I
636,LC515201,Historical,ATC,ATT,I,I,Synonymous,I636I
636,LC515202,Historical,ATC,ATT,I,I,Synonymous,I636I
636,MF621614,Historical,ATC,ATT,I,I,Synonymous,I636I
636,MG049743,Historical,ATC,ATT,I,I,Synonymous,I636I
636,MH577308,Historical,ATC,ATT,I,I,Synonymous,I636I
636,MH577309,Historical,ATC,ATT,I,I,Synonymous,I636I
636,MH577310,Historical,ATC,ATT,I,I,Synonymous,I636I
636,MH577311,Contemporary,ATC,ATT,I,I,Synonymous,I636I
636,MH577312,Historical,ATC,ATT,I,I,Synonymous,I636I
636,MH577313,Historical,ATC,ATT,I,I,Synonymous,I636I
636,MH577314,Contemporary,ATC,ATT,I,I,Synonymous,I636I
636,MH685714,Historical,ATC,ATT,I,I,Synonymous,I636I
636,MH933766,Historical,ATC,ATT,I,I,Synonymous,I636I
636,MH933767,Historical,ATC,ATT,I,I,Synonymous,I636I
636,MH933768,Historical,ATC,ATT,I,I,Synonymous,I636I
636,MN062164,Historical,ATC,ATT,I,I,Synonymous,I636I
636,MN062165,Contemporary,ATC,ATT,I,I,Synonymous,I636I
636,MN062166,Contemporary,ATC,ATT,I,I,Synonymous,I636I
636,MN746031,Contemporary,ATC,ATT,I,I,Synonymous,I636I
636,MN746032,Contemporary,ATC,ATT,I,I,Synonymous,I636I
636,MN832785,Contemporary,ATC,ATT,I,I,Synonymous,I636I
636,MN832786,Contemporary,ATC,ATT,I,I,Synonymous,I636I
636,MW405346,Historical,ATC,ATT,I,I,Synonymous,I636I
636,MW405347,Historical,ATC,ATT,I,I,Synonymous,I636I
636,MW405348,Historical,ATC,ATT,I,I,Synonymous,I636I
636,MW405349,Historical,ATC,ATT,I,I,Synonymous,I636I
636,OK625565,Historical,ATC,ATT,I,I,Synonymous,I636I
636,OM291913,Contemporary,ATC,ATT,I,I,Synonymous,I636I
636,OM291914,Contemporary,ATC,ATT,I,I,Synonymous,I636I
636,OM291915,Contemporary,ATC,ATT,I,I,Synonymous,I636I
636,OM291916,Contemporary,ATC,ATT,I,I,Synonymous,I636I
636,OM291917,Contemporary,ATC,ATT,I,I,Synonymous,I636I
636,OM291918,Contemporary,ATC,ATT,I,I,Synonymous,I636I
636,ON496631,Contemporary,ATC,ATT,I,I,Synonymous,I636I
636,ON496632,Contemporary,ATC,ATT,I,I,Synonymous,I636I
636,ON524415,Contemporary,ATC,ATT,I,I,Synonymous,I636I
636,ON524416,Contemporary,ATC,ATT,I,I,Synonymous,I636I
636,ON524417,Contemporary,ATC,ATT,I,I,Synonymous,I636I
636,ON524419,Contemporary,ATC,ATT,I,I,Synonymous,I636I
636,ON524420,Contemporary,ATC,ATT,I,I,Synonymous,I636I
636,ON524421,Contemporary,ATC,ATT,I,I,Synonymous,I636I
636,ON524422,Contemporary,ATC,ATT,I,I,Synonymous,I636I
636,ON524424,Contemporary,ATC,ATT,I,I,Synonymous,I636I
636,ON524425,Contemporary,ATC,ATT,I,I,Synonymous,I636I
636,ON524426,Contemporary,ATC,ATT,I,I,Synonymous,I636I
636,ON524427,Contemporary,ATC,ATT,I,I,Synonymous,I636I
636,ON524428,Contemporary,ATC,ATT,I,I,Synonymous,I636I
636,ON524429,Contemporary,ATC,ATT,I,I,Synonymous,I636I
636,ON524430,Contemporary,ATC,ATT,I,I,Synonymous,I636I
636,ON524431,Contemporary,ATC,ATT,I,I,Synonymous,I636I
636,ON524433,Contemporary,ATC,ATT,I,I,Synonymous,I636I
636,ON524434,Contemporary,ATC,ATT,I,I,Synonymous,I636I
636,ON524435,Contemporary,ATC,ATT,I,I,Synonymous,I636I
636,ON524437,Contemporary,ATC,ATT,I,I,Synonymous,I636I
636,ON524439,Contemporary,ATC,ATT,I,I,Synonymous,I636I
636,ON524441,Contemporary,ATC,ATT,I,I,Synonymous,I636I
636,ON524443,Contemporary,ATC,ATT,I,I,Synonymous,I636I
636,ON524452,Contemporary,ATC,ATT,I,I,Synonymous,I636I
636,ON524453,Contemporary,ATC,ATT,I,I,Synonymous,I636I
636,ON524455,Contemporary,ATC,ATT,I,I,Synonymous,I636I
636,ON524456,Contemporary,ATC,ATT,I,I,Synonymous,I636I
636,ON524458,Contemporary,ATC,ATT,I,I,Synonymous,I636I
636,ON524459,Contemporary,ATC,ATT,I,I,Synonymous,I636I
636,ON524460,Contemporary,ATC,ATT,I,I,Synonymous,I636I
636,ON524461,Contemporary,ATC,ATT,I,I,Synonymous,I636I
636,ON524463,Contemporary,ATC,ATT,I,I,Synonymous,I636I
636,ON524466,Contemporary,ATC,ATT,I,I,Synonymous,I636I
636,ON524470,Contemporary,ATC,ATT,I,I,Synonymous,I636I
636,ON524472,Contemporary,ATC,ATT,I,I,Synonymous,I636I
636,ON524473,Contemporary,ATC,ATT,I,I,Synonymous,I636I
636,ON524475,Contemporary,ATC,ATT,I,I,Synonymous,I636I
636,ON524476,Contemporary,ATC,ATT,I,I,Synonymous,I636I
636,ON524477,Contemporary,ATC,ATT,I,I,Synonymous,I636I
636,ON524479,Contemporary,ATC,ATT,I,I,Synonymous,I636I
636,ON524480,Contemporary,ATC,ATT,I,I,Synonymous,I636I
636,ON524481,Contemporary,ATC,ATT,I,I,Synonymous,I636I
636,ON524483,Contemporary,ATC,ATT,I,I,Synonymous,I636I
636,ON524487,Contemporary,ATC,ATT,I,I,Synonymous,I636I
636,ON524488,Contemporary,ATC,ATT,I,I,Synonymous,I636I
636,ON524489,Contemporary,ATC,ATT,I,I,Synonymous,I636I
636,ON524491,Contemporary,ATC,ATT,I,I,Synonymous,I636I
636,ON524493,Contemporary,ATC,ATT,I,I,Synonymous,I636I
636,ON524499,Contemporary,ATC,ATT,I,I,Synonymous,I636I
636,ON524504,Contemporary,ATC,ATT,I,I,Synonymous,I636I
636,ON524506,Contemporary,ATC,ATT,I,I,Synonymous,I636I
636,ON524508,Contemporary,ATC,ATT,I,I,Synonymous,I636I
636,ON524512,Contemporary,ATC,ATT,I,I,Synonymous,I636I
636,ON524519,Contemporary,ATC,ATT,I,I,Synonymous,I636I
636,ON524521,Contemporary,ATC,ATT,I,I,Synonymous,I636I
636,ON524522,Contemporary,ATC,ATT,I,I,Synonymous,I636I
636,ON524532,Contemporary,ATC,ATT,I,I,Synonymous,I636I
636,ON524534,Contemporary,ATC,ATT,I,I,Synonymous,I636I
636,ON524535,Contemporary,ATC,ATT,I,I,Synonymous,I636I
636,ON661550,Contemporary,ATC,ATT,I,I,Synonymous,I636I
636,ON661551,Contemporary,ATC,ATT,I,I,Synonymous,I636I
636,ON661552,Contemporary,ATC,ATT,I,I,Synonymous,I636I
636,ON661553,Contemporary,ATC,ATT,I,I,Synonymous,I636I
636,ON661555,Contemporary,ATC,ATT,I,I,Synonymous,I636I
636,ON661558,Contemporary,ATC,ATT,I,I,Synonymous,I636I
636,ON661559,Contemporary,ATC,ATT,I,I,Synonymous,I636I
636,ON911719,Historical,ATC,ATT,I,I,Synonymous,I636I
636,ON911720,Historical,ATC,ATT,I,I,Synonymous,I636I
636,ON911721,Historical,ATC,ATT,I,I,Synonymous,I636I
636,ON911722,Historical,ATC,ATT,I,I,Synonymous,I636I
636,OQ077984,Historical,ATC,ATT,I,I,Synonymous,I636I
636,OQ077985,Historical,ATC,ATT,I,I,Synonymous,I636I
636,OQ077995,Historical,ATC,ATT,I,I,Synonymous,I636I
636,OQ077996,Historical,ATC,ATT,I,I,Synonymous,I636I
636,OQ161772,Contemporary,ATC,ATT,I,I,Synonymous,I636I
636,OQ791466,Contemporary,ATC,ATT,I,I,Synonymous,I636I
636,OR031237,Contemporary,ATC,ATT,I,I,Synonymous,I636I
636,OR477188,Contemporary,ATC,ATT,I,I,Synonymous,I636I
636,OR477190,Contemporary,ATC,ATT,I,I,Synonymous,I636I
636,OR477193,Contemporary,ATC,ATT,I,I,Synonymous,I636I
636,OR477194,Contemporary,ATC,ATT,I,I,Synonymous,I636I
636,OR477195,Contemporary,ATC,ATT,I,I,Synonymous,I636I
636,OR477196,Contemporary,ATC,ATT,I,I,Synonymous,I636I
636,OR477197,Contemporary,ATC,ATT,I,I,Synonymous,I636I
636,OR477198,Contemporary,ATC,ATT,I,I,Synonymous,I636I
636,OR477199,Contemporary,ATC,ATT,I,I,Synonymous,I636I
636,OR477200,Contemporary,ATC,ATT,I,I,Synonymous,I636I
636,OR477202,Contemporary,ATC,ATT,I,I,Synonymous,I636I
636,OR606575,Contemporary,ATC,ATT,I,I,Synonymous,I636I
636,OR606576,Contemporary,ATC,ATT,I,I,Synonymous,I636I
636,PP389036,Contemporary,ATC,ATT,I,I,Synonymous,I636I
636,PP389037,Contemporary,ATC,ATT,I,I,Synonymous,I636I
636,PP389039,Contemporary,ATC,ATT,I,I,Synonymous,I636I
636,PP389040,Contemporary,ATC,ATT,I,I,Synonymous,I636I
636,PP389041,Contemporary,ATC,ATT,I,I,Synonymous,I636I
636,PP389042,Contemporary,ATC,ATT,I,I,Synonymous,I636I
636,PP389044,Contemporary,ATC,ATT,I,I,Synonymous,I636I
636,PP661694,Contemporary,ATC,ATT,I,I,Synonymous,I636I
636,PP661695,Contemporary,ATC,ATT,I,I,Synonymous,I636I
636,PP661696,Contemporary,ATC,ATT,I,I,Synonymous,I636I
636,PP661697,Contemporary,ATC,ATT,I,I,Synonymous,I636I
636,PP661698,Contemporary,ATC,ATT,I,I,Synonymous,I636I
636,PP661699,Historical,ATC,ATT,I,I,Synonymous,I636I
636,PP860039,Contemporary,ATC,ATT,I,I,Synonymous,I636I
636,PQ009000,Contemporary,ATC,ATT,I,I,Synonymous,I636I
636,PQ496830,Contemporary,ATC,ATT,I,I,Synonymous,I636I
674,AB618529,Historical,TTG,TTA,L,L,Synonymous,L674L
674,AB618531,Historical,TTG,TTA,L,L,Synonymous,L674L
674,AB793725,Historical,TTG,TTA,L,L,Synonymous,L674L
674,AB793726,Historical,TTG,TTA,L,L,Synonymous,L674L
674,AB819869,Historical,TTG,TTA,L,L,Synonymous,L674L
674,AB819870,Historical,TTG,TTA,L,L,Synonymous,L674L
674,AB839692,Historical,TTG,TTA,L,L,Synonymous,L674L
674,AB839693,Historical,TTG,TTA,L,L,Synonymous,L674L
674,AB839694,Historical,TTG,TTA,L,L,Synonymous,L674L
674,AB839695,Historical,TTG,TTA,L,L,Synonymous,L674L
674,AB839696,Historical,TTG,TTA,L,L,Synonymous,L674L
674,AB839697,Historical,TTG,TTA,L,L,Synonymous,L674L
674,AB909123,Historical,TTG,TTA,L,L,Synonymous,L674L
674,AB969748,Historical,TTG,TTA,L,L,Synonymous,L674L
674,AB973401,Historical,TTG,TTA,L,L,Synonymous,L674L
674,HM769724,Historical,TTG,TTA,L,L,Synonymous,L674L
674,HQ437707,Historical,TTG,TTA,L,L,Synonymous,L674L
674,KC182587,Historical,TTG,TTA,L,L,Synonymous,L674L
674,KC182588,Historical,TTG,TTA,L,L,Synonymous,L674L
674,KC182589,Historical,TTG,TTA,L,L,Synonymous,L674L
674,KF724021,Historical,TTG,TTC,L,F,Non-Synonymous,L674F
674,KF724022,Historical,TTG,TTC,L,F,Non-Synonymous,L674F
674,KF773842,Historical,TTG,TTA,L,L,Synonymous,L674L
674,KJ427799,Historical,TTG,TTA,L,L,Synonymous,L674L
674,KP177964,Historical,TTG,TTA,L,L,Synonymous,L674L
674,KP177965,Historical,TTG,TTA,L,L,Synonymous,L674L
674,KX088647,Historical,TTG,TTC,L,F,Non-Synonymous,L674F
674,LC035020,Historical,TTG,TTA,L,L,Synonymous,L674L
674,LC049337,Historical,TTG,TTA,L,L,Synonymous,L674L
674,LC049338,Historical,TTG,TTA,L,L,Synonymous,L674L
674,LC049340,Historical,TTG,TTA,L,L,Synonymous,L674L
674,LC049341,Historical,TTG,TTA,L,L,Synonymous,L674L
674,LC049342,Historical,TTG,TTA,L,L,Synonymous,L674L
674,LC191189,Historical,TTG,TTA,L,L,Synonymous,L674L
674,LC373510,Historical,TTG,TTA,L,L,Synonymous,L674L
674,LC416593,Contemporary,TTG,TTA,L,L,Synonymous,L674L
674,LC416594,Contemporary,TTG,TTA,L,L,Synonymous,L674L
674,LC416595,Contemporary,TTG,TTA,L,L,Synonymous,L674L
674,LC435031,Contemporary,TTG,TTA,L,L,Synonymous,L674L
674,LC435032,Contemporary,TTG,TTA,L,L,Synonymous,L674L
674,LC515196,Historical,TTG,TTA,L,L,Synonymous,L674L
674,LC515197,Historical,TTG,TTA,L,L,Synonymous,L674L
674,LC515198,Historical,TTG,TTA,L,L,Synonymous,L674L
674,LC515199,Historical,TTG,TTA,L,L,Synonymous,L674L
674,LC515200,Historical,TTG,TTA,L,L,Synonymous,L674L
674,LC515201,Historical,TTG,TTA,L,L,Synonymous,L674L
674,LC515202,Historical,TTG,TTA,L,L,Synonymous,L674L
674,MG049743,Historical,TTG,TTA,L,L,Synonymous,L674L
674,MH933766,Historical,TTG,TTA,L,L,Synonymous,L674L
674,MH933767,Historical,TTG,TTA,L,L,Synonymous,L674L
674,MH933768,Historical,TTG,TTA,L,L,Synonymous,L674L
674,MN062164,Historical,TTG,TTA,L,L,Synonymous,L674L
674,MN062165,Contemporary,TTG,TTA,L,L,Synonymous,L674L
674,MN062166,Contemporary,TTG,TTA,L,L,Synonymous,L674L
674,MN832786,Contemporary,TTG,TTA,L,L,Synonymous,L674L
674,MW405346,Historical,TTG,TTA,L,L,Synonymous,L674L
674,MW405349,Historical,TTG,TTA,L,L,Synonymous,L674L
674,OK625565,Historical,TTG,TTA,L,L,Synonymous,L674L
674,ON496631,Contemporary,TTG,TTA,L,L,Synonymous,L674L
674,ON496632,Contemporary,TTG,TTA,L,L,Synonymous,L674L
674,ON524415,Contemporary,TTG,TTA,L,L,Synonymous,L674L
674,ON524416,Contemporary,TTG,TTA,L,L,Synonymous,L674L
674,ON524417,Contemporary,TTG,TTA,L,L,Synonymous,L674L
674,ON524419,Contemporary,TTG,TTA,L,L,Synonymous,L674L
674,ON524420,Contemporary,TTG,TTA,L,L,Synonymous,L674L
674,ON524421,Contemporary,TTG,TTA,L,L,Synonymous,L674L
674,ON524422,Contemporary,TTG,TTA,L,L,Synonymous,L674L
674,ON524424,Contemporary,TTG,TTA,L,L,Synonymous,L674L
674,ON524425,Contemporary,TTG,TTA,L,L,Synonymous,L674L
674,ON524427,Contemporary,TTG,TTA,L,L,Synonymous,L674L
674,ON524428,Contemporary,TTG,TTA,L,L,Synonymous,L674L
674,ON524431,Contemporary,TTG,TTA,L,L,Synonymous,L674L
674,ON524435,Contemporary,TTG,TTA,L,L,Synonymous,L674L
674,ON524439,Contemporary,TTG,TTA,L,L,Synonymous,L674L
674,ON524443,Contemporary,TTG,TTA,L,L,Synonymous,L674L
674,ON524458,Contemporary,TTG,TTA,L,L,Synonymous,L674L
674,ON524459,Contemporary,TTG,TTA,L,L,Synonymous,L674L
674,ON524473,Contemporary,TTG,TTA,L,L,Synonymous,L674L
674,ON524503,Contemporary,TTG,TTA,L,L,Synonymous,L674L
674,ON524519,Contemporary,TTG,TTA,L,L,Synonymous,L674L
674,ON524522,Contemporary,TTG,TTA,L,L,Synonymous,L674L
674,ON524534,Contemporary,TTG,TTA,L,L,Synonymous,L674L
674,ON524535,Contemporary,TTG,TTA,L,L,Synonymous,L674L
674,ON661550,Contemporary,TTG,TTA,L,L,Synonymous,L674L
674,ON661551,Contemporary,TTG,TTA,L,L,Synonymous,L674L
674,ON661552,Contemporary,TTG,TTA,L,L,Synonymous,L674L
674,ON661553,Contemporary,TTG,TTA,L,L,Synonymous,L674L
674,ON911719,Historical,TTG,TTA,L,L,Synonymous,L674L
674,ON911720,Historical,TTG,TTA,L,L,Synonymous,L674L
674,ON911721,Historical,TTG,TTA,L,L,Synonymous,L674L
674,ON911722,Historical,TTG,TTA,L,L,Synonymous,L674L
674,OR606576,Contemporary,TTG,TTA,L,L,Synonymous,L674L
674,PP389036,Contemporary,TTG,TTA,L,L,Synonymous,L674L
674,PP389037,Contemporary,TTG,TTA,L,L,Synonymous,L674L
674,PP389039,Contemporary,TTG,TTA,L,L,Synonymous,L674L
674,PP389040,Contemporary,TTG,TTA,L,L,Synonymous,L674L
674,PP389041,Contemporary,TTG,TTA,L,L,Synonymous,L674L
674,PP389042,Contemporary,TTG,TTA,L,L,Synonymous,L674L
674,PP389044,Contemporary,TTG,TTA,L,L,Synonymous,L674L
674,PP661694,Contemporary,TTG,TTA,L,L,Synonymous,L674L
674,PP661695,Contemporary,TTG,TTA,L,L,Synonymous,L674L
674,PP661696,Contemporary,TTG,TTA,L,L,Synonymous,L674L
674,PP661697,Contemporary,TTG,TTA,L,L,Synonymous,L674L
674,PP661698,Contemporary,TTG,TTA,L,L,Synonymous,L674L
674,PP661699,Historical,TTG,TTA,L,L,Synonymous,L674L
674,PP860039,Contemporary,TTG,TTA,L,L,Synonymous,L674L
674,PQ009000,Contemporary,TTG,TTA,L,L,Synonymous,L674L
674,PQ496830,Contemporary,TTG,TTA,L,L,Synonymous,L674L
699,HQ437707,Historical,ATT,ATA,I,I,Synonymous,I699I
699,KC182587,Historical,ATT,ATA,I,I,Synonymous,I699I
699,KC182588,Historical,ATT,ATA,I,I,Synonymous,I699I
699,KC182589,Historical,ATT,ATA,I,I,Synonymous,I699I
699,KF724020,Historical,ATT,GTT,I,V,Non-Synonymous,I699V
699,KF724021,Historical,ATT,GTT,I,V,Non-Synonymous,I699V
699,KF724022,Historical,ATT,GTT,I,V,Non-Synonymous,I699V
699,KF724023,Historical,ATT,GTT,I,V,Non-Synonymous,I699V
699,KX088647,Historical,ATT,GTT,I,V,Non-Synonymous,I699V
699,KX228694,Historical,ATT,ATA,I,I,Synonymous,I699I
699,KY003229,Historical,ATT,ATC,I,I,Synonymous,I699I
699,LC128713,Historical,ATT,ATC,I,I,Synonymous,I699I
699,LC515196,Historical,ATT,ATA,I,I,Synonymous,I699I
699,LC515197,Historical,ATT,ATA,I,I,Synonymous,I699I
699,LC515198,Historical,ATT,ATA,I,I,Synonymous,I699I
699,LC515199,Historical,ATT,ATA,I,I,Synonymous,I699I
699,LC515200,Historical,ATT,ATA,I,I,Synonymous,I699I
699,LC515202,Historical,ATT,ATA,I,I,Synonymous,I699I
699,MG049743,Historical,ATT,ATA,I,I,Synonymous,I699I
699,MH933766,Historical,ATT,ATA,I,I,Synonymous,I699I
699,MH933767,Historical,ATT,ATA,I,I,Synonymous,I699I
699,MH933768,Historical,ATT,ATA,I,I,Synonymous,I699I
699,MN062164,Historical,ATT,ATA,I,I,Synonymous,I699I
699,MN062165,Contemporary,ATT,ATA,I,I,Synonymous,I699I
699,MN062166,Contemporary,ATT,ATA,I,I,Synonymous,I699I
699,MN746031,Contemporary,ATT,ATA,I,I,Synonymous,I699I
699,MN746032,Contemporary,ATT,ATA,I,I,Synonymous,I699I
699,MN832785,Contemporary,ATT,ATC,I,I,Synonymous,I699I
699,OK625565,Historical,ATT,ATA,I,I,Synonymous,I699I
699,ON496631,Contemporary,ATT,ATA,I,I,Synonymous,I699I
699,ON496632,Contemporary,ATT,ATA,I,I,Synonymous,I699I
699,ON524415,Contemporary,ATT,ATA,I,I,Synonymous,I699I
699,ON524416,Contemporary,ATT,ATA,I,I,Synonymous,I699I
699,ON524417,Contemporary,ATT,ATA,I,I,Synonymous,I699I
699,ON524419,Contemporary,ATT,ATA,I,I,Synonymous,I699I
699,ON524420,Contemporary,ATT,ATA,I,I,Synonymous,I699I
699,ON524421,Contemporary,ATT,ATA,I,I,Synonymous,I699I
699,ON524422,Contemporary,ATT,ATA,I,I,Synonymous,I699I
699,ON524424,Contemporary,ATT,ATA,I,I,Synonymous,I699I
699,ON524427,Contemporary,ATT,ATA,I,I,Synonymous,I699I
699,ON524428,Contemporary,ATT,ATA,I,I,Synonymous,I699I
699,ON524435,Contemporary,ATT,ATA,I,I,Synonymous,I699I
699,ON524439,Contemporary,ATT,ATA,I,I,Synonymous,I699I
699,ON524443,Contemporary,ATT,ATA,I,I,Synonymous,I699I
699,ON524458,Contemporary,ATT,ATA,I,I,Synonymous,I699I
699,ON524459,Contemporary,ATT,ATA,I,I,Synonymous,I699I
699,ON524473,Contemporary,ATT,ATA,I,I,Synonymous,I699I
699,ON524519,Contemporary,ATT,ATA,I,I,Synonymous,I699I
699,ON524522,Contemporary,ATT,ATA,I,I,Synonymous,I699I
699,ON524534,Contemporary,ATT,ATA,I,I,Synonymous,I699I
699,ON524535,Contemporary,ATT,ATA,I,I,Synonymous,I699I
699,ON661550,Contemporary,ATT,ATA,I,I,Synonymous,I699I
699,ON661551,Contemporary,ATT,ATA,I,I,Synonymous,I699I
699,ON661552,Contemporary,ATT,ATA,I,I,Synonymous,I699I
699,ON661553,Contemporary,ATT,ATA,I,I,Synonymous,I699I
699,OQ161772,Contemporary,ATT,ATA,I,I,Synonymous,I699I
699,OR477188,Contemporary,ATT,ATA,I,I,Synonymous,I699I
699,OR477190,Contemporary,ATT,ATA,I,I,Synonymous,I699I
699,OR477193,Contemporary,ATT,ATA,I,I,Synonymous,I699I
699,OR477194,Contemporary,ATT,ATA,I,I,Synonymous,I699I
699,OR477195,Contemporary,ATT,ATA,I,I,Synonymous,I699I
699,OR477196,Contemporary,ATT,ATA,I,I,Synonymous,I699I
699,OR477197,Contemporary,ATT,ATA,I,I,Synonymous,I699I
699,OR477198,Contemporary,ATT,ATA,I,I,Synonymous,I699I
699,OR477199,Contemporary,ATT,ATA,I,I,Synonymous,I699I
699,OR477200,Contemporary,ATT,ATA,I,I,Synonymous,I699I
699,OR477202,Contemporary,ATT,ATA,I,I,Synonymous,I699I
699,PP661694,Contemporary,ATT,ATA,I,I,Synonymous,I699I
699,PP661696,Contemporary,ATT,ATA,I,I,Synonymous,I699I
699,PP661699,Historical,ATT,ATA,I,I,Synonymous,I699I
699,PP860039,Contemporary,ATT,ATC,I,I,Synonymous,I699I
722,AB973400,Historical,CCT,CCA,P,P,Synonymous,P722P
722,ON524515,Contemporary,CCT,CCC,P,P,Synonymous,P722P
722,ON524516,Contemporary,CCT,CCC,P,P,Synonymous,P722P
722,ON524517,Contemporary,CCT,CCC,P,P,Synonymous,P722P
722,ON524519,Contemporary,CCT,TAC,P,Y,Non-Synonymous,P722Y
722,ON524520,Contemporary,CCT,CCC,P,P,Synonymous,P722P
722,ON524524,Contemporary,CCT,CCC,P,P,Synonymous,P722P
722,ON524526,Contemporary,CCT,CCC,P,P,Synonymous,P722P
722,ON524533,Contemporary,CCT,CCC,P,P,Synonymous,P722P
722,ON661556,Contemporary,CCT,CCC,P,P,Synonymous,P722P
722,ON661557,Contemporary,CCT,CCC,P,P,Synonymous,P722P
722,OR606575,Contemporary,CCT,CCA,P,P,Synonymous,P722P
722,PP860039,Contemporary,CCT,CCC,P,P,Synonymous,P722P
880,AB819870,Historical,CAA,TCA,Q,S,Non-Synonymous,Q880S
880,AB969748,Historical,CAA,TCA,Q,S,Non-Synonymous,Q880S
880,LC035020,Historical,CAA,TCA,Q,S,Non-Synonymous,Q880S
880,LC191189,Historical,CAA,TCA,Q,S,Non-Synonymous,Q880S
880,LC373510,Historical,CAA,TCA,Q,S,Non-Synonymous,Q880S
880,LC515196,Historical,CAA,CAG,Q,Q,Synonymous,Q880Q
880,LC515197,Historical,CAA,CAG,Q,Q,Synonymous,Q880Q
880,LC515198,Historical,CAA,CAG,Q,Q,Synonymous,Q880Q
880,LC515199,Historical,CAA,CAG,Q,Q,Synonymous,Q880Q
880,LC515200,Historical,CAA,CAG,Q,Q,Synonymous,Q880Q
880,LC515202,Historical,CAA,CAG,Q,Q,Synonymous,Q880Q
880,MH933767,Historical,CAA,CAG,Q,Q,Synonymous,Q880Q
880,MH933768,Historical,CAA,CAG,Q,Q,Synonymous,Q880Q
880,MW405346,Historical,CAA,TCA,Q,S,Non-Synonymous,Q880S
880,MW405348,Historical,CAA,TCA,Q,S,Non-Synonymous,Q880S
880,MW405349,Historical,CAA,TCA,Q,S,Non-Synonymous,Q880S
880,OM291913,Contemporary,CAA,TCA,Q,S,Non-Synonymous,Q880S
880,OM291914,Contemporary,CAA,TCA,Q,S,Non-Synonymous,Q880S
880,OM291915,Contemporary,CAA,TCA,Q,S,Non-Synonymous,Q880S
880,OM291916,Contemporary,CAA,TCA,Q,S,Non-Synonymous,Q880S
880,OM291917,Contemporary,CAA,TCA,Q,S,Non-Synonymous,Q880S
880,OM291918,Contemporary,CAA,TCA,Q,S,Non-Synonymous,Q880S
880,ON524420,Contemporary,CAA,CAG,Q,Q,Synonymous,Q880Q
880,ON911721,Historical,CAA,TCA,Q,S,Non-Synonymous,Q880S
880,PP389036,Contemporary,CAA,TCA,Q,S,Non-Synonymous,Q880S
880,PP389037,Contemporary,CAA,TCA,Q,S,Non-Synonymous,Q880S
880,PP389039,Contemporary,CAA,TCA,Q,S,Non-Synonymous,Q880S
880,PP389040,Contemporary,CAA,TCA,Q,S,Non-Synonymous,Q880S
880,PP389041,Contemporary,CAA,TCA,Q,S,Non-Synonymous,Q880S
880,PP389042,Contemporary,CAA,TCA,Q,S,Non-Synonymous,Q880S
880,PP389044,Contemporary,CAA,TCA,Q,S,Non-Synonymous,Q880S
880,PQ008999,Contemporary,CAA,TCA,Q,S,Non-Synonymous,Q880S
880,PQ009000,Contemporary,CAA,TCA,Q,S,Non-Synonymous,Q880S
1079,AB425339,Historical,GGA,GGC,G,G,Synonymous,G1079G
1079,AB973400,Historical,GGA,GGT,G,G,Synonymous,G1079G
1079,HM769724,Historical,GGA,GGG,G,G,Synonymous,G1079G
1079,HQ437707,Historical,GGA,GGG,G,G,Synonymous,G1079G
1079,KC182587,Historical,GGA,GGG,G,G,Synonymous,G1079G
1079,KC182588,Historical,GGA,GGG,G,G,Synonymous,G1079G
1079,KC182589,Historical,GGA,GGG,G,G,Synonymous,G1079G
1079,MG049743,Historical,GGA,GGG,G,G,Synonymous,G1079G
1079,MN062164,Historical,GGA,GGG,G,G,Synonymous,G1079G
1079,MN062165,Contemporary,GGA,GGG,G,G,Synonymous,G1079G
1079,MN062166,Contemporary,GGA,GGG,G,G,Synonymous,G1079G
1079,OK625565,Historical,GGA,GGG,G,G,Synonymous,G1079G
1079,OM291915,Contemporary,GGA,AAG,G,K,Non-Synonymous,G1079K
1079,ON496631,Contemporary,GGA,GGG,G,G,Synonymous,G1079G
1079,ON496632,Contemporary,GGA,GGG,G,G,Synonymous,G1079G
1079,ON524415,Contemporary,GGA,GGG,G,G,Synonymous,G1079G
1079,ON524416,Contemporary,GGA,GGG,G,G,Synonymous,G1079G
1079,ON524417,Contemporary,GGA,GGG,G,G,Synonymous,G1079G
1079,ON524419,Contemporary,GGA,GGG,G,G,Synonymous,G1079G
1079,ON524420,Contemporary,GGA,GGG,G,G,Synonymous,G1079G
1079,ON524421,Contemporary,GGA,GGG,G,G,Synonymous,G1079G
1079,ON524422,Contemporary,GGA,GGG,G,G,Synonymous,G1079G
1079,ON524424,Contemporary,GGA,GGG,G,G,Synonymous,G1079G
1079,ON524425,Contemporary,GGA,GGG,G,G,Synonymous,G1079G
1079,ON524427,Contemporary,GGA,GGG,G,G,Synonymous,G1079G
1079,ON524428,Contemporary,GGA,GGG,G,G,Synonymous,G1079G
1079,ON524435,Contemporary,GGA,GGG,G,G,Synonymous,G1079G
1079,ON524439,Contemporary,GGA,GGG,G,G,Synonymous,G1079G
1079,ON524443,Contemporary,GGA,GGG,G,G,Synonymous,G1079G
1079,ON524458,Contemporary,GGA,GGG,G,G,Synonymous,G1079G
1079,ON524459,Contemporary,GGA,GGG,G,G,Synonymous,G1079G
1079,ON524473,Contemporary,GGA,GGG,G,G,Synonymous,G1079G
1079,ON524519,Contemporary,GGA,GGG,G,G,Synonymous,G1079G
1079,ON524522,Contemporary,GGA,GGG,G,G,Synonymous,G1079G
1079,ON524534,Contemporary,GGA,GGG,G,G,Synonymous,G1079G
1079,ON524535,Contemporary,GGA,GGG,G,G,Synonymous,G1079G
1079,ON661550,Contemporary,GGA,GGG,G,G,Synonymous,G1079G
1079,ON661551,Contemporary,GGA,GGG,G,G,Synonymous,G1079G
1079,ON661552,Contemporary,GGA,GGG,G,G,Synonymous,G1079G
1079,ON661553,Contemporary,GGA,GGG,G,G,Synonymous,G1079G
1079,OR606575,Contemporary,GGA,GGT,G,G,Synonymous,G1079G
1079,PP661694,Contemporary,GGA,GGG,G,G,Synonymous,G1079G
1079,PP661695,Contemporary,GGA,GGG,G,G,Synonymous,G1079G
1079,PP661696,Contemporary,GGA,GGG,G,G,Synonymous,G1079G
1079,PP661697,Contemporary,GGA,GGG,G,G,Synonymous,G1079G
1079,PP661698,Contemporary,GGA,GGG,G,G,Synonymous,G1079G
1079,PP661699,Historical,GGA,GGG,G,G,Synonymous,G1079G
1082,AB839692,Historical,CAT,CRT,H,X,Non-Synonymous,H1082X
1082,KF724019,Historical,CAT,CAA,H,Q,Non-Synonymous,H1082Q
1082,KF724021,Historical,CAT,CAA,H,Q,Non-Synonymous,H1082Q
1082,KF724022,Historical,CAT,CAA,H,Q,Non-Synonymous,H1082Q
1082,KF724023,Historical,CAT,CAA,H,Q,Non-Synonymous,H1082Q
1082,KX088647,Historical,CAT,CAA,H,Q,Non-Synonymous,H1082Q
1082,MW405346,Historical,CAT,CAC,H,H,Synonymous,H1082H
1114,AB425339,Historical,CTT,CTG,L,L,Synonymous,L1114L
1114,AB973400,Historical,CTT,TTG,L,L,Synonymous,L1114L
1114,KP177964,Historical,CTT,CTC,L,L,Synonymous,L1114L
1114,KP177965,Historical,CTT,CTC,L,L,Synonymous,L1114L
1114,LC049337,Historical,CTT,CTC,L,L,Synonymous,L1114L
1114,LC049338,Historical,CTT,CTC,L,L,Synonymous,L1114L
1114,LC049339,Historical,CTT,CTC,L,L,Synonymous,L1114L
1114,LC049342,Historical,CTT,CTC,L,L,Synonymous,L1114L
1114,LC515196,Historical,CTT,CTA,L,L,Synonymous,L1114L
1114,LC515197,Historical,CTT,CTA,L,L,Synonymous,L1114L
1114,LC515198,Historical,CTT,CTA,L,L,Synonymous,L1114L
1114,LC515199,Historical,CTT,CTA,L,L,Synonymous,L1114L
1114,LC515200,Historical,CTT,CTA,L,L,Synonymous,L1114L
1114,LC515202,Historical,CTT,CTA,L,L,Synonymous,L1114L
1114,MH933766,Historical,CTT,CTA,L,L,Synonymous,L1114L
1114,MH933767,Historical,CTT,CTA,L,L,Synonymous,L1114L
1114,MH933768,Historical,CTT,CTA,L,L,Synonymous,L1114L
1114,MW405347,Historical,CTT,CTC,L,L,Synonymous,L1114L
1114,OM291915,Contemporary,CTT,AGC,L,S,Non-Synonymous,L1114S
1114,ON911719,Historical,CTT,CTC,L,L,Synonymous,L1114L
1114,ON911720,Historical,CTT,CTC,L,L,Synonymous,L1114L
1114,ON911722,Historical,CTT,CTC,L,L,Synonymous,L1114L
1114,OR606575,Contemporary,CTT,CTG,L,L,Synonymous,L1114L
1155,KF569906,Historical,AAA,AGA,K,R,Non-Synonymous,K1155R
1155,KX228694,Historical,AAA,TTA,K,L,Non-Synonymous,K1155L
1155,LC128713,Historical,AAA,AAG,K,K,Synonymous,K1155K
1155,LC515196,Historical,AAA,AAG,K,K,Synonymous,K1155K
1155,LC515197,Historical,AAA,AAG,K,K,Synonymous,K1155K
1155,LC515198,Historical,AAA,AAG,K,K,Synonymous,K1155K
1155,LC515199,Historical,AAA,AAG,K,K,Synonymous,K1155K
1155,LC515200,Historical,AAA,AAG,K,K,Synonymous,K1155K
1155,LC515202,Historical,AAA,AAG,K,K,Synonymous,K1155K
1155,MH933766,Historical,AAA,AAG,K,K,Synonymous,K1155K
1155,MH933767,Historical,AAA,AAG,K,K,Synonymous,K1155K
1155,MH933768,Historical,AAA,AAG,K,K,Synonymous,K1155K
1155,MN746031,Contemporary,AAA,TTA,K,L,Non-Synonymous,K1155L
1155,MN746032,Contemporary,AAA,TTA,K,L,Non-Synonymous,K1155L
1155,ON524420,Contemporary,AAA,AAG,K,K,Synonymous,K1155K
1176,LC128713,Historical,CAG,CAA,Q,Q,Synonymous,Q1176Q
1176,MG049743,Historical,CAG,CTA,Q,L,Non-Synonymous,Q1176L
1176,MW405348,Historical,CAG,CAA,Q,Q,Synonymous,Q1176Q
1176,OK625565,Historical,CAG,CTA,Q,L,Non-Synonymous,Q1176L
1176,OM291917,Contemporary,CAG,CCA,Q,P,Non-Synonymous,Q1176P
1176,ON524431,Contemporary,CAG,CAA,Q,Q,Synonymous,Q1176Q
1177,AB618529,Historical,AGT,AGC,S,S,Synonymous,S1177S
1177,AB618531,Historical,AGT,AGC,S,S,Synonymous,S1177S
1177,AB819870,Historical,AGT,AGC,S,S,Synonymous,S1177S
1177,AB839695,Historical,AGT,AGC,S,S,Synonymous,S1177S
1177,AB909123,Historical,AGT,AGC,S,S,Synonymous,S1177S
1177,AB973401,Historical,AGT,AGC,S,S,Synonymous,S1177S
1177,HM769724,Historical,AGT,AGC,S,S,Synonymous,S1177S
1177,HQ437707,Historical,AGT,AGC,S,S,Synonymous,S1177S
1177,KC182587,Historical,AGT,AGC,S,S,Synonymous,S1177S
1177,KC182588,Historical,AGT,AGC,S,S,Synonymous,S1177S
1177,KC182589,Historical,AGT,AGC,S,S,Synonymous,S1177S
1177,KF773842,Historical,AGT,AGC,S,S,Synonymous,S1177S
1177,KJ427799,Historical,AGT,AGC,S,S,Synonymous,S1177S
1177,KP177964,Historical,AGT,AGC,S,S,Synonymous,S1177S
1177,KP177965,Historical,AGT,AGC,S,S,Synonymous,S1177S
1177,LC049337,Historical,AGT,AGC,S,S,Synonymous,S1177S
1177,LC049338,Historical,AGT,AGC,S,S,Synonymous,S1177S
1177,LC049339,Historical,AGT,AGC,S,S,Synonymous,S1177S
1177,LC049341,Historical,AGT,AGC,S,S,Synonymous,S1177S
1177,LC049342,Historical,AGT,AGC,S,S,Synonymous,S1177S
1177,LC191189,Historical,AGT,AGC,S,S,Synonymous,S1177S
1177,LC416593,Contemporary,AGT,AGC,S,S,Synonymous,S1177S
1177,LC416594,Contemporary,AGT,AGC,S,S,Synonymous,S1177S
1177,LC416595,Contemporary,AGT,AGC,S,S,Synonymous,S1177S
1177,LC435031,Contemporary,AGT,AGC,S,S,Synonymous,S1177S
1177,LC435032,Contemporary,AGT,AGC,S,S,Synonymous,S1177S
1177,MG049743,Historical,AGT,GCG,S,A,Non-Synonymous,S1177A
1177,MN062164,Historical,AGT,AGC,S,S,Synonymous,S1177S
1177,MN062165,Contemporary,AGT,AGC,S,S,Synonymous,S1177S
1177,MN062166,Contemporary,AGT,AGC,S,S,Synonymous,S1177S
1177,MN832786,Contemporary,AGT,AGC,S,S,Synonymous,S1177S
1177,MW405346,Historical,AGT,AGC,S,S,Synonymous,S1177S
1177,MW405347,Historical,AGT,AGC,S,S,Synonymous,S1177S
1177,MW405348,Historical,AGT,AGC,S,S,Synonymous,S1177S
1177,OK625565,Historical,AGT,GCG,S,A,Non-Synonymous,S1177A
1177,OM291913,Contemporary,AGT,AGC,S,S,Synonymous,S1177S
1177,OM291914,Contemporary,AGT,AGC,S,S,Synonymous,S1177S
1177,OM291915,Contemporary,AGT,AGC,S,S,Synonymous,S1177S
1177,OM291916,Contemporary,AGT,AGC,S,S,Synonymous,S1177S
1177,OM291917,Contemporary,AGT,GAG,S,E,Non-Synonymous,S1177E
1177,OM291918,Contemporary,AGT,AGA,S,R,Non-Synonymous,S1177R
1177,ON496631,Contemporary,AGT,AGC,S,S,Synonymous,S1177S
1177,ON496632,Contemporary,AGT,AGC,S,S,Synonymous,S1177S
1177,ON524415,Contemporary,AGT,AGC,S,S,Synonymous,S1177S
1177,ON524416,Contemporary,AGT,AGC,S,S,Synonymous,S1177S
1177,ON524417,Contemporary,AGT,AGC,S,S,Synonymous,S1177S
1177,ON524419,Contemporary,AGT,AGC,S,S,Synonymous,S1177S
1177,ON524420,Contemporary,AGT,AGC,S,S,Synonymous,S1177S
1177,ON524421,Contemporary,AGT,AGC,S,S,Synonymous,S1177S
1177,ON524422,Contemporary,AGT,AGC,S,S,Synonymous,S1177S
1177,ON524424,Contemporary,AGT,AGC,S,S,Synonymous,S1177S
1177,ON524425,Contemporary,AGT,AGC,S,S,Synonymous,S1177S
1177,ON524427,Contemporary,AGT,AGC,S,S,Synonymous,S1177S
1177,ON524428,Contemporary,AGT,AGC,S,S,Synonymous,S1177S
1177,ON524431,Contemporary,AGT,AGC,S,S,Synonymous,S1177S
1177,ON524435,Contemporary,AGT,AGC,S,S,Synonymous,S1177S
1177,ON524439,Contemporary,AGT,AGC,S,S,Synonymous,S1177S
1177,ON524443,Contemporary,AGT,AGC,S,S,Synonymous,S1177S
1177,ON524458,Contemporary,AGT,AGC,S,S,Synonymous,S1177S
1177,ON524459,Contemporary,AGT,AGC,S,S,Synonymous,S1177S
1177,ON524473,Contemporary,AGT,AGC,S,S,Synonymous,S1177S
1177,ON524519,Contemporary,AGT,AGC,S,S,Synonymous,S1177S
1177,ON524522,Contemporary,AGT,AGC,S,S,Synonymous,S1177S
1177,ON524534,Contemporary,AGT,AGC,S,S,Synonymous,S1177S
1177,ON524535,Contemporary,AGT,AGC,S,S,Synonymous,S1177S
1177,ON661550,Contemporary,AGT,AGC,S,S,Synonymous,S1177S
1177,ON661551,Contemporary,AGT,AGC,S,S,Synonymous,S1177S
1177,ON661552,Contemporary,AGT,AGC,S,S,Synonymous,S1177S
1177,ON661553,Contemporary,AGT,AGC,S,S,Synonymous,S1177S
1177,ON911719,Historical,AGT,AGC,S,S,Synonymous,S1177S
1177,ON911720,Historical,AGT,AGC,S,S,Synonymous,S1177S
1177,ON911721,Historical,AGT,AGC,S,S,Synonymous,S1177S
1177,ON911722,Historical,AGT,AGC,S,S,Synonymous,S1177S
1177,OR606576,Contemporary,AGT,AGC,S,S,Synonymous,S1177S
1177,PP389036,Contemporary,AGT,AGC,S,S,Synonymous,S1177S
1177,PP389037,Contemporary,AGT,AGC,S,S,Synonymous,S1177S
1177,PP389039,Contemporary,AGT,AGC,S,S,Synonymous,S1177S
1177,PP389040,Contemporary,AGT,AGC,S,S,Synonymous,S1177S
1177,PP389044,Contemporary,AGT,AGC,S,S,Synonymous,S1177S
1177,PP661694,Contemporary,AGT,AGC,S,S,Synonymous,S1177S
1177,PP661695,Contemporary,AGT,AGC,S,S,Synonymous,S1177S
1177,PP661696,Contemporary,AGT,AGC,S,S,Synonymous,S1177S
1177,PP661698,Contemporary,AGT,AGC,S,S,Synonymous,S1177S
1177,PP661699,Historical,AGT,AGC,S,S,Synonymous,S1177S
1177,PQ008999,Contemporary,AGT,AGC,S,S,Synonymous,S1177S
1177,PQ009000,Contemporary,AGT,AGC,S,S,Synonymous,S1177S
1177,PQ496830,Contemporary,AGT,AGC,S,S,Synonymous,S1177S
1178,AB425339,Historical,TTT,ATT,F,I,Non-Synonymous,F1178I
1178,AB973400,Historical,TTT,ATT,F,I,Non-Synonymous,F1178I
1178,HQ437707,Historical,TTT,ATC,F,I,Non-Synonymous,F1178I
1178,KC182587,Historical,TTT,TTC,F,F,Synonymous,F1178F
1178,KC182588,Historical,TTT,TTC,F,F,Synonymous,F1178F
1178,KC182589,Historical,TTT,TTC,F,F,Synonymous,F1178F
1178,LC515196,Historical,TTT,TTC,F,F,Synonymous,F1178F
1178,LC515197,Historical,TTT,TTC,F,F,Synonymous,F1178F
1178,LC515198,Historical,TTT,TTC,F,F,Synonymous,F1178F
1178,LC515199,Historical,TTT,TTC,F,F,Synonymous,F1178F
1178,LC515200,Historical,TTT,TTC,F,F,Synonymous,F1178F
1178,LC515202,Historical,TTT,TTC,F,F,Synonymous,F1178F
1178,MG049743,Historical,TTT,ACC,F,T,Non-Synonymous,F1178T
1178,MH933766,Historical,TTT,TTC,F,F,Synonymous,F1178F
1178,MH933767,Historical,TTT,TTC,F,F,Synonymous,F1178F
1178,MH933768,Historical,TTT,TTC,F,F,Synonymous,F1178F
1178,MN062164,Historical,TTT,TTC,F,F,Synonymous,F1178F
1178,MN062165,Contemporary,TTT,TTC,F,F,Synonymous,F1178F
1178,OK625565,Historical,TTT,ACC,F,T,Non-Synonymous,F1178T
1178,OM291917,Contemporary,TTT,CTT,F,L,Non-Synonymous,F1178L
1178,ON496631,Contemporary,TTT,TTC,F,F,Synonymous,F1178F
1178,ON524415,Contemporary,TTT,TTC,F,F,Synonymous,F1178F
1178,ON524427,Contemporary,TTT,TTC,F,F,Synonymous,F1178F
1178,ON524435,Contemporary,TTT,TTC,F,F,Synonymous,F1178F
1178,ON524439,Contemporary,TTT,TTC,F,F,Synonymous,F1178F
1178,ON524519,Contemporary,TTT,TTC,F,F,Synonymous,F1178F
1178,ON524522,Contemporary,TTT,TTC,F,F,Synonymous,F1178F
1178,ON661550,Contemporary,TTT,TTC,F,F,Synonymous,F1178F
1178,OR606575,Contemporary,TTT,ATT,F,I,Non-Synonymous,F1178I
1178,PP661694,Contemporary,TTT,TTC,F,F,Synonymous,F1178F
1178,PP661696,Contemporary,TTT,TTC,F,F,Synonymous,F1178F
1178,PP661699,Historical,TTT,TTC,F,F,Synonymous,F1178F
1293,AB425339,Historical,TCA,GCT,S,A,Non-Synonymous,S1293A
1293,AB839694,Historical,TCA,TCC,S,S,Synonymous,S1293S
1293,AB973400,Historical,TCA,GCC,S,A,Non-Synonymous,S1293A
1293,KF724018,Historical,TCA,TTA,S,L,Non-Synonymous,S1293L
1293,KF724019,Historical,TCA,TTA,S,L,Non-Synonymous,S1293L
1293,KF724020,Historical,TCA,TTA,S,L,Non-Synonymous,S1293L
1293,KF724021,Historical,TCA,TTA,S,L,Non-Synonymous,S1293L
1293,KF724022,Historical,TCA,TTA,S,L,Non-Synonymous,S1293L
1293,KF724023,Historical,TCA,TTA,S,L,Non-Synonymous,S1293L
1293,KF773842,Historical,TCA,TCT,S,S,Synonymous,S1293S
1293,KJ427799,Historical,TCA,TCT,S,S,Synonymous,S1293S
1293,KX088647,Historical,TCA,TTA,S,L,Non-Synonymous,S1293L
1293,LC128713,Historical,TCA,TCC,S,S,Synonymous,S1293S
1293,ON524463,Contemporary,TCA,TTA,S,L,Non-Synonymous,S1293L
1293,OR477196,Contemporary,TCA,TTA,S,L,Non-Synonymous,S1293L
1293,OR606575,Contemporary,TCA,GCC,S,A,Non-Synonymous,S1293A
1311,AB973400,Historical,TCT,TCA,S,S,Synonymous,S1311S
1311,KF724017,Historical,TCT,TTT,S,F,Non-Synonymous,S1311F
1311,KF724018,Historical,TCT,TGT,S,C,Non-Synonymous,S1311C
1311,KF724019,Historical,TCT,TTT,S,F,Non-Synonymous,S1311F
1311,KF724020,Historical,TCT,TGT,S,C,Non-Synonymous,S1311C
1311,KF724021,Historical,TCT,TGT,S,C,Non-Synonymous,S1311C
1311,KF724022,Historical,TCT,TGT,S,C,Non-Synonymous,S1311C
1311,KF724023,Historical,TCT,TGT,S,C,Non-Synonymous,S1311C
1311,KX035096,Historical,TCT,TTT,S,F,Non-Synonymous,S1311F
1311,KX088647,Historical,TCT,TGT,S,C,Non-Synonymous,S1311C
1311,LC515196,Historical,TCT,TCC,S,S,Synonymous,S1311S
1311,LC515197,Historical,TCT,TCC,S,S,Synonymous,S1311S
1311,LC515198,Historical,TCT,TCC,S,S,Synonymous,S1311S
1311,LC515199,Historical,TCT,TCC,S,S,Synonymous,S1311S
1311,LC515200,Historical,TCT,TCC,S,S,Synonymous,S1311S
1311,LC515202,Historical,TCT,TCC,S,S,Synonymous,S1311S
1311,MH933766,Historical,TCT,TCC,S,S,Synonymous,S1311S
1311,MH933767,Historical,TCT,TCC,S,S,Synonymous,S1311S
1311,MH933768,Historical,TCT,TCC,S,S,Synonymous,S1311S
1311,MK829707,Historical,TCT,TTT,S,F,Non-Synonymous,S1311F
1311,MT181522,Contemporary,TCT,TTT,S,F,Non-Synonymous,S1311F
1311,OQ077995,Historical,TCT,TCC,S,S,Synonymous,S1311S
1311,OQ791466,Contemporary,TCT,TCC,S,S,Synonymous,S1311S
1311,OR606575,Contemporary,TCT,TCA,S,S,Synonymous,S1311S
1311,PQ009001,Contemporary,TCT,TTT,S,F,Non-Synonymous,S1311F
1323,AB973400,Historical,GTT,GTC,V,V,Synonymous,V1323V
1323,KX228694,Historical,GTT,AGA,V,R,Non-Synonymous,V1323R
1323,LC515196,Historical,GTT,GTG,V,V,Synonymous,V1323V
1323,LC515197,Historical,GTT,GTG,V,V,Synonymous,V1323V
1323,LC515198,Historical,GTT,GTG,V,V,Synonymous,V1323V
1323,LC515199,Historical,GTT,GTG,V,V,Synonymous,V1323V
1323,LC515200,Historical,GTT,GTG,V,V,Synonymous,V1323V
1323,LC515202,Historical,GTT,GTG,V,V,Synonymous,V1323V
1323,MH933766,Historical,GTT,GTG,V,V,Synonymous,V1323V
1323,MH933767,Historical,GTT,GTG,V,V,Synonymous,V1323V
1323,MH933768,Historical,GTT,GTG,V,V,Synonymous,V1323V
1323,MN746031,Contemporary,GTT,AGA,V,R,Non-Synonymous,V1323R
1323,MN746032,Contemporary,GTT,AGA,V,R,Non-Synonymous,V1323R
1323,MW405347,Historical,GTT,GGT,V,G,Non-Synonymous,V1323G
1323,MW405348,Historical,GTT,GGT,V,G,Non-Synonymous,V1323G
1323,OM291918,Contemporary,GTT,GGT,V,G,Non-Synonymous,V1323G
1323,OR606575,Contemporary,GTT,GTC,V,V,Synonymous,V1323V
1341,AB425339,Historical,GCA,GCT,A,A,Synonymous,A1341A
1341,AB973400,Historical,GCA,GCT,A,A,Synonymous,A1341A
1341,KX228694,Historical,GCA,TTA,A,L,Non-Synonymous,A1341L
1341,MN746031,Contemporary,GCA,TTA,A,L,Non-Synonymous,A1341L
1341,MN746032,Contemporary,GCA,TTA,A,L,Non-Synonymous,A1341L
1341,OR606575,Contemporary,GCA,GCT,A,A,Synonymous,A1341A
1434,LC128713,Historical,AAT,AAC,N,N,Synonymous,N1434N
1434,MN746031,Contemporary,AAT,TGT,N,C,Non-Synonymous,N1434C
1434,MN746032,Contemporary,AAT,TGT,N,C,Non-Synonymous,N1434C
1434,MN832785,Contemporary,AAT,AAC,N,N,Synonymous,N1434N
1434,MW405349,Historical,AAT,TAT,N,Y,Non-Synonymous,N1434Y
1449,AB618529,Historical,AGA,AGG,R,R,Synonymous,R1449R
1449,AB793725,Historical,AGA,AGG,R,R,Synonymous,R1449R
1449,AB793726,Historical,AGA,AGG,R,R,Synonymous,R1449R
1449,AB819870,Historical,AGA,AGG,R,R,Synonymous,R1449R
1449,AB909123,Historical,AGA,AGG,R,R,Synonymous,R1449R
1449,AB969748,Historical,AGA,AGG,R,R,Synonymous,R1449R
1449,AB973400,Historical,AGA,AGG,R,R,Synonymous,R1449R
1449,AB973401,Historical,AGA,AGG,R,R,Synonymous,R1449R
1449,HM769724,Historical,AGA,AGG,R,R,Synonymous,R1449R
1449,HQ437707,Historical,AGA,AGG,R,R,Synonymous,R1449R
1449,KF773842,Historical,AGA,AGG,R,R,Synonymous,R1449R
1449,KJ427799,Historical,AGA,AGG,R,R,Synonymous,R1449R
1449,KP177964,Historical,AGA,AGG,R,R,Synonymous,R1449R
1449,KP177965,Historical,AGA,AGG,R,R,Synonymous,R1449R
1449,LC035020,Historical,AGA,AGG,R,R,Synonymous,R1449R
1449,LC049337,Historical,AGA,AGG,R,R,Synonymous,R1449R
1449,LC049338,Historical,AGA,AGG,R,R,Synonymous,R1449R
1449,LC049339,Historical,AGA,AGG,R,R,Synonymous,R1449R
1449,LC049340,Historical,AGA,AGG,R,R,Synonymous,R1449R
1449,LC049342,Historical,AGA,AGG,R,R,Synonymous,R1449R
1449,LC191189,Historical,AGA,AGG,R,R,Synonymous,R1449R
1449,LC373510,Historical,AGA,AGG,R,R,Synonymous,R1449R
1449,LC416593,Contemporary,AGA,AGG,R,R,Synonymous,R1449R
1449,LC416594,Contemporary,AGA,AGG,R,R,Synonymous,R1449R
1449,LC416595,Contemporary,AGA,AGG,R,R,Synonymous,R1449R
1449,LC435031,Contemporary,AGA,AGG,R,R,Synonymous,R1449R
1449,LC435032,Contemporary,AGA,AGG,R,R,Synonymous,R1449R
1449,LC515202,Historical,AGA,CCA,R,P,Non-Synonymous,R1449P
1449,MN832786,Contemporary,AGA,AGG,R,R,Synonymous,R1449R
1449,MW405346,Historical,AGA,AGG,R,R,Synonymous,R1449R
1449,MW405347,Historical,AGA,AGG,R,R,Synonymous,R1449R
1449,MW405348,Historical,AGA,AGG,R,R,Synonymous,R1449R
1449,MW405349,Historical,AGA,AGG,R,R,Synonymous,R1449R
1449,OM291913,Contemporary,AGA,AGG,R,R,Synonymous,R1449R
1449,OM291914,Contemporary,AGA,AGG,R,R,Synonymous,R1449R
1449,OM291915,Contemporary,AGA,AGG,R,R,Synonymous,R1449R
1449,OM291916,Contemporary,AGA,AGG,R,R,Synonymous,R1449R
1449,OM291917,Contemporary,AGA,AGG,R,R,Synonymous,R1449R
1449,OM291918,Contemporary,AGA,AGG,R,R,Synonymous,R1449R
1449,ON524415,Contemporary,AGA,AGG,R,R,Synonymous,R1449R
1449,ON524425,Contemporary,AGA,AGG,R,R,Synonymous,R1449R
1449,ON524431,Contemporary,AGA,AGG,R,R,Synonymous,R1449R
1449,ON911719,Historical,AGA,AGG,R,R,Synonymous,R1449R
1449,ON911720,Historical,AGA,AGG,R,R,Synonymous,R1449R
1449,ON911721,Historical,AGA,AGG,R,R,Synonymous,R1449R
1449,ON911722,Historical,AGA,AGG,R,R,Synonymous,R1449R
1449,OR606575,Contemporary,AGA,AGG,R,R,Synonymous,R1449R
1449,OR606576,Contemporary,AGA,AGG,R,R,Synonymous,R1449R
1449,PP389036,Contemporary,AGA,AGG,R,R,Synonymous,R1449R
1449,PP389037,Contemporary,AGA,AGG,R,R,Synonymous,R1449R
1449,PP389039,Contemporary,AGA,AGG,R,R,Synonymous,R1449R
1449,PP389040,Contemporary,AGA,AGG,R,R,Synonymous,R1449R
1449,PP389041,Contemporary,AGA,AGG,R,R,Synonymous,R1449R
1449,PP389042,Contemporary,AGA,AGG,R,R,Synonymous,R1449R
1449,PP389044,Contemporary,AGA,AGG,R,R,Synonymous,R1449R
1449,PP661695,Contemporary,AGA,AGG,R,R,Synonymous,R1449R
1449,PP661698,Contemporary,AGA,AGG,R,R,Synonymous,R1449R
1449,PQ008999,Contemporary,AGA,AGG,R,R,Synonymous,R1449R
1449,PQ496830,Contemporary,AGA,AGG,R,R,Synonymous,R1449R
1555,MW405346,Historical,CCA,CAT,P,H,Non-Synonymous,P1555H
1555,MW405349,Historical,CCA,CAT,P,H,Non-Synonymous,P1555H
1747,AB839695,Historical,ATT,ATA,I,I,Synonymous,I1747I
1747,KC182587,Historical,ATT,ATC,I,I,Synonymous,I1747I
1747,KC182588,Historical,ATT,ATC,I,I,Synonymous,I1747I
1747,KC182589,Historical,ATT,ATC,I,I,Synonymous,I1747I
1747,LC049340,Historical,ATT,ATC,I,I,Synonymous,I1747I
1747,LC049341,Historical,ATT,ATC,I,I,Synonymous,I1747I
1747,LC515196,Historical,ATT,ATC,I,I,Synonymous,I1747I
1747,LC515197,Historical,ATT,ATC,I,I,Synonymous,I1747I
1747,LC515198,Historical,ATT,ATC,I,I,Synonymous,I1747I
1747,LC515199,Historical,ATT,ATC,I,I,Synonymous,I1747I
1747,LC515200,Historical,ATT,ATC,I,I,Synonymous,I1747I
1747,LC515202,Historical,ATT,ATC,I,I,Synonymous,I1747I
1747,MG049743,Historical,ATT,ATC,I,I,Synonymous,I1747I
1747,MH933766,Historical,ATT,ATC,I,I,Synonymous,I1747I
1747,MH933767,Historical,ATT,ATC,I,I,Synonymous,I1747I
1747,MH933768,Historical,ATT,ATC,I,I,Synonymous,I1747I
1747,MN062164,Historical,ATT,ATC,I,I,Synonymous,I1747I
1747,MN062165,Contemporary,ATT,ATC,I,I,Synonymous,I1747I
1747,MN062166,Contemporary,ATT,ATC,I,I,Synonymous,I1747I
1747,MW405346,Historical,ATT,ATC,I,I,Synonymous,I1747I
1747,OK625565,Historical,ATT,ATC,I,I,Synonymous,I1747I
1747,OM291914,Contemporary,ATT,ATC,I,I,Synonymous,I1747I
1747,OM291915,Contemporary,ATT,ATC,I,I,Synonymous,I1747I
1747,OM291918,Contemporary,ATT,ATC,I,I,Synonymous,I1747I
1747,ON496631,Contemporary,ATT,ATC,I,I,Synonymous,I1747I
1747,ON496632,Contemporary,ATT,ATC,I,I,Synonymous,I1747I
1747,ON524415,Contemporary,ATT,ATC,I,I,Synonymous,I1747I
1747,ON524416,Contemporary,ATT,ATC,I,I,Synonymous,I1747I
1747,ON524417,Contemporary,ATT,ATC,I,I,Synonymous,I1747I
1747,ON524419,Contemporary,ATT,ATC,I,I,Synonymous,I1747I
1747,ON524420,Contemporary,ATT,ATC,I,I,Synonymous,I1747I
1747,ON524421,Contemporary,ATT,ATC,I,I,Synonymous,I1747I
1747,ON524422,Contemporary,ATT,ATC,I,I,Synonymous,I1747I
1747,ON524424,Contemporary,ATT,ATC,I,I,Synonymous,I1747I
1747,ON524428,Contemporary,ATT,ATC,I,I,Synonymous,I1747I
1747,ON524439,Contemporary,ATT,ATC,I,I,Synonymous,I1747I
1747,ON524443,Contemporary,ATT,ATC,I,I,Synonymous,I1747I
1747,ON524458,Contemporary,ATT,ATC,I,I,Synonymous,I1747I
1747,ON524459,Contemporary,ATT,ATC,I,I,Synonymous,I1747I
1747,ON524473,Contemporary,ATT,ATC,I,I,Synonymous,I1747I
1747,ON524494,Contemporary,ATT,GTT,I,V,Non-Synonymous,I1747V
1747,ON524503,Contemporary,ATT,GTT,I,V,Non-Synonymous,I1747V
1747,ON524519,Contemporary,ATT,ATC,I,I,Synonymous,I1747I
1747,ON524522,Contemporary,ATT,ATC,I,I,Synonymous,I1747I
1747,ON524534,Contemporary,ATT,ATC,I,I,Synonymous,I1747I
1747,ON524535,Contemporary,ATT,ATC,I,I,Synonymous,I1747I
1747,ON661550,Contemporary,ATT,ATC,I,I,Synonymous,I1747I
1747,ON661551,Contemporary,ATT,ATC,I,I,Synonymous,I1747I
1747,ON661552,Contemporary,ATT,ATC,I,I,Synonymous,I1747I
1747,ON661553,Contemporary,ATT,ATC,I,I,Synonymous,I1747I
1747,ON911719,Historical,ATT,ATC,I,I,Synonymous,I1747I
1747,ON911720,Historical,ATT,ATC,I,I,Synonymous,I1747I
1747,ON911721,Historical,ATT,ATC,I,I,Synonymous,I1747I
1747,PP389041,Contemporary,ATT,ATC,I,I,Synonymous,I1747I
1747,PP389042,Contemporary,ATT,ATC,I,I,Synonymous,I1747I
1747,PP661694,Contemporary,ATT,ATC,I,I,Synonymous,I1747I
1747,PP661699,Historical,ATT,ATC,I,I,Synonymous,I1747I
1749,AB425339,Historical,AAA,AAG,K,K,Synonymous,K1749K
1749,AB973400,Historical,AAA,AAG,K,K,Synonymous,K1749K
1749,KF724019,Historical,AAA,CAA,K,Q,Non-Synonymous,K1749Q
1749,KF724023,Historical,AAA,CAA,K,Q,Non-Synonymous,K1749Q
1749,KP177964,Historical,AAA,AAG,K,K,Synonymous,K1749K
1749,KP177965,Historical,AAA,AAG,K,K,Synonymous,K1749K
1749,KX088647,Historical,AAA,CAA,K,Q,Non-Synonymous,K1749Q
1749,LC049337,Historical,AAA,AAG,K,K,Synonymous,K1749K
1749,LC049338,Historical,AAA,AAG,K,K,Synonymous,K1749K
1749,LC049339,Historical,AAA,AAG,K,K,Synonymous,K1749K
1749,MH577308,Historical,AAA,AAG,K,K,Synonymous,K1749K
1749,MH577309,Historical,AAA,AAG,K,K,Synonymous,K1749K
1749,MH577310,Historical,AAA,AAG,K,K,Synonymous,K1749K
1749,MH577311,Contemporary,AAA,AAG,K,K,Synonymous,K1749K
1749,MH577312,Historical,AAA,AAG,K,K,Synonymous,K1749K
1749,MN832785,Contemporary,AAA,AAG,K,K,Synonymous,K1749K
1749,MW405347,Historical,AAA,AAG,K,K,Synonymous,K1749K
1749,MW405348,Historical,AAA,AGG,K,R,Non-Synonymous,K1749R
1749,OM291916,Contemporary,AAA,AAG,K,K,Synonymous,K1749K
1749,OM291918,Contemporary,AAA,AAG,K,K,Synonymous,K1749K
1749,ON496633,Contemporary,AAA,AAG,K,K,Synonymous,K1749K
1749,ON524423,Contemporary,AAA,AAG,K,K,Synonymous,K1749K
1749,ON524432,Contemporary,AAA,AAG,K,K,Synonymous,K1749K
1749,ON524436,Contemporary,AAA,AAG,K,K,Synonymous,K1749K
1749,ON524438,Contemporary,AAA,AAG,K,K,Synonymous,K1749K
1749,ON524440,Contemporary,AAA,AAG,K,K,Synonymous,K1749K
1749,ON524442,Contemporary,AAA,AAG,K,K,Synonymous,K1749K
1749,ON524444,Contemporary,AAA,AAG,K,K,Synonymous,K1749K
1749,ON524445,Contemporary,AAA,AAG,K,K,Synonymous,K1749K
1749,ON524446,Contemporary,AAA,AAG,K,K,Synonymous,K1749K
1749,ON524448,Contemporary,AAA,AAG,K,K,Synonymous,K1749K
1749,ON524449,Contemporary,AAA,AAG,K,K,Synonymous,K1749K
1749,ON524450,Contemporary,AAA,AAG,K,K,Synonymous,K1749K
1749,ON524451,Contemporary,AAA,AAG,K,K,Synonymous,K1749K
1749,ON524457,Contemporary,AAA,AAG,K,K,Synonymous,K1749K
1749,ON524462,Contemporary,AAA,AAG,K,K,Synonymous,K1749K
1749,ON524464,Contemporary,AAA,AAG,K,K,Synonymous,K1749K
1749,ON524465,Contemporary,AAA,AAG,K,K,Synonymous,K1749K
1749,ON524467,Contemporary,AAA,AAG,K,K,Synonymous,K1749K
1749,ON524468,Contemporary,AAA,AAG,K,K,Synonymous,K1749K
1749,ON524469,Contemporary,AAA,AAG,K,K,Synonymous,K1749K
1749,ON524471,Contemporary,AAA,AAG,K,K,Synonymous,K1749K
1749,ON524474,Contemporary,AAA,AAG,K,K,Synonymous,K1749K
1749,ON524478,Contemporary,AAA,AAG,K,K,Synonymous,K1749K
1749,ON524482,Contemporary,AAA,AAG,K,K,Synonymous,K1749K
1749,ON524484,Contemporary,AAA,AAG,K,K,Synonymous,K1749K
1749,ON524492,Contemporary,AAA,AAG,K,K,Synonymous,K1749K
1749,ON524494,Contemporary,AAA,AAG,K,K,Synonymous,K1749K
1749,ON524496,Contemporary,AAA,AAG,K,K,Synonymous,K1749K
1749,ON524497,Contemporary,AAA,AAG,K,K,Synonymous,K1749K
1749,ON524498,Contemporary,AAA,AAG,K,K,Synonymous,K1749K
1749,ON524500,Contemporary,AAA,AAG,K,K,Synonymous,K1749K
1749,ON524501,Contemporary,AAA,AAG,K,K,Synonymous,K1749K
1749,ON524502,Contemporary,AAA,AAG,K,K,Synonymous,K1749K
1749,ON524503,Contemporary,AAA,AAG,K,K,Synonymous,K1749K
1749,ON524507,Contemporary,AAA,AAG,K,K,Synonymous,K1749K
1749,ON524509,Contemporary,AAA,AAG,K,K,Synonymous,K1749K
1749,ON524510,Contemporary,AAA,AAG,K,K,Synonymous,K1749K
1749,ON524514,Contemporary,AAA,AAG,K,K,Synonymous,K1749K
1749,ON524515,Contemporary,AAA,AAG,K,K,Synonymous,K1749K
1749,ON524516,Contemporary,AAA,AAG,K,K,Synonymous,K1749K
1749,ON524517,Contemporary,AAA,AAG,K,K,Synonymous,K1749K
1749,ON524518,Contemporary,AAA,AAG,K,K,Synonymous,K1749K
1749,ON524520,Contemporary,AAA,AAG,K,K,Synonymous,K1749K
1749,ON524524,Contemporary,AAA,AAG,K,K,Synonymous,K1749K
1749,ON524526,Contemporary,AAA,AAG,K,K,Synonymous,K1749K
1749,ON524528,Contemporary,AAA,AAG,K,K,Synonymous,K1749K
1749,ON524529,Contemporary,AAA,AAG,K,K,Synonymous,K1749K
1749,ON524530,Contemporary,AAA,AAG,K,K,Synonymous,K1749K
1749,ON524531,Contemporary,AAA,AAG,K,K,Synonymous,K1749K
1749,ON524533,Contemporary,AAA,AAG,K,K,Synonymous,K1749K
1749,ON661554,Contemporary,AAA,AAG,K,K,Synonymous,K1749K
1749,ON661556,Contemporary,AAA,AAG,K,K,Synonymous,K1749K
1749,ON661557,Contemporary,AAA,AAG,K,K,Synonymous,K1749K
1749,ON911719,Historical,AAA,AAG,K,K,Synonymous,K1749K
1749,ON911720,Historical,AAA,AAG,K,K,Synonymous,K1749K
1749,OR606575,Contemporary,AAA,AAG,K,K,Synonymous,K1749K
1749,PP860039,Contemporary,AAA,AAG,K,K,Synonymous,K1749K
1812,AB425339,Historical,GAA,GAG,E,E,Synonymous,E1812E
1812,AB618529,Historical,GAA,GAG,E,E,Synonymous,E1812E
1812,AB973401,Historical,GAA,GAG,E,E,Synonymous,E1812E
1812,LC515196,Historical,GAA,GAG,E,E,Synonymous,E1812E
1812,LC515197,Historical,GAA,GAG,E,E,Synonymous,E1812E
1812,LC515198,Historical,GAA,GAG,E,E,Synonymous,E1812E
1812,LC515199,Historical,GAA,GAG,E,E,Synonymous,E1812E
1812,LC515200,Historical,GAA,GAG,E,E,Synonymous,E1812E
1812,LC515202,Historical,GAA,GAG,E,E,Synonymous,E1812E
1812,MH933766,Historical,GAA,GAG,E,E,Synonymous,E1812E
1812,MH933767,Historical,GAA,GAG,E,E,Synonymous,E1812E
1812,MH933768,Historical,GAA,GAG,E,E,Synonymous,E1812E
1812,MW405347,Historical,GAA,GTA,E,V,Non-Synonymous,E1812V
1812,MW405348,Historical,GAA,GTA,E,V,Non-Synonymous,E1812V
1812,OM291913,Contemporary,GAA,GTA,E,V,Non-Synonymous,E1812V
1812,OM291914,Contemporary,GAA,GTA,E,V,Non-Synonymous,E1812V
1812,OM291915,Contemporary,GAA,GTA,E,V,Non-Synonymous,E1812V
1812,OM291916,Contemporary,GAA,GTA,E,V,Non-Synonymous,E1812V
1812,OM291917,Contemporary,GAA,GTA,E,V,Non-Synonymous,E1812V
1812,OM291918,Contemporary,GAA,GTA,E,V,Non-Synonymous,E1812V
1812,PP860039,Contemporary,GAA,GAG,E,E,Synonymous,E1812E
1824,AB425339,Historical,TCA,TCC,S,S,Synonymous,S1824S
1824,AB973400,Historical,TCA,TCT,S,S,Synonymous,S1824S
1824,KY003229,Historical,TCA,TCC,S,S,Synonymous,S1824S
1824,MG049743,Historical,TCA,TCT,S,S,Synonymous,S1824S
1824,MH685714,Historical,TCA,TCC,S,S,Synonymous,S1824S
1824,OK625565,Historical,TCA,TCT,S,S,Synonymous,S1824S
1824,ON524429,Contemporary,TCA,ACA,S,T,Non-Synonymous,S1824T
1824,ON524433,Contemporary,TCA,ACA,S,T,Non-Synonymous,S1824T
1824,ON524441,Contemporary,TCA,ACA,S,T,Non-Synonymous,S1824T
1824,ON524452,Contemporary,TCA,ACA,S,T,Non-Synonymous,S1824T
1824,ON524453,Contemporary,TCA,ACA,S,T,Non-Synonymous,S1824T
1824,ON524455,Contemporary,TCA,ACA,S,T,Non-Synonymous,S1824T
1824,ON524456,Contemporary,TCA,ACA,S,T,Non-Synonymous,S1824T
1824,ON524461,Contemporary,TCA,ACA,S,T,Non-Synonymous,S1824T
1824,ON524463,Contemporary,TCA,ACA,S,T,Non-Synonymous,S1824T
1824,ON524466,Contemporary,TCA,ACA,S,T,Non-Synonymous,S1824T
1824,ON524470,Contemporary,TCA,ACA,S,T,Non-Synonymous,S1824T
1824,ON524472,Contemporary,TCA,ACA,S,T,Non-Synonymous,S1824T
1824,ON524475,Contemporary,TCA,ACA,S,T,Non-Synonymous,S1824T
1824,ON524476,Contemporary,TCA,ACA,S,T,Non-Synonymous,S1824T
1824,ON524477,Contemporary,TCA,ACA,S,T,Non-Synonymous,S1824T
1824,ON524479,Contemporary,TCA,ACA,S,T,Non-Synonymous,S1824T
1824,ON524480,Contemporary,TCA,ACA,S,T,Non-Synonymous,S1824T
1824,ON524481,Contemporary,TCA,ACA,S,T,Non-Synonymous,S1824T
1824,ON524483,Contemporary,TCA,ACA,S,T,Non-Synonymous,S1824T
1824,ON524487,Contemporary,TCA,ACA,S,T,Non-Synonymous,S1824T
1824,ON524488,Contemporary,TCA,ACA,S,T,Non-Synonymous,S1824T
1824,ON524489,Contemporary,TCA,ACA,S,T,Non-Synonymous,S1824T
1824,ON524491,Contemporary,TCA,ACA,S,T,Non-Synonymous,S1824T
1824,ON524493,Contemporary,TCA,ACA,S,T,Non-Synonymous,S1824T
1824,ON524499,Contemporary,TCA,ACA,S,T,Non-Synonymous,S1824T
1824,ON524504,Contemporary,TCA,ACA,S,T,Non-Synonymous,S1824T
1824,ON524506,Contemporary,TCA,ACA,S,T,Non-Synonymous,S1824T
1824,ON524508,Contemporary,TCA,ACA,S,T,Non-Synonymous,S1824T
1824,ON524512,Contemporary,TCA,ACA,S,T,Non-Synonymous,S1824T
1824,ON524521,Contemporary,TCA,ACA,S,T,Non-Synonymous,S1824T
1824,ON524532,Contemporary,TCA,ACA,S,T,Non-Synonymous,S1824T
1824,OQ077984,Historical,TCA,TCC,S,S,Synonymous,S1824S
1824,OQ077985,Historical,TCA,TCC,S,S,Synonymous,S1824S
1824,OQ077995,Historical,TCA,TCC,S,S,Synonymous,S1824S
1824,OR606575,Contemporary,TCA,TCT,S,S,Synonymous,S1824S
1824,PP661694,Contemporary,TCA,TCT,S,S,Synonymous,S1824S
1824,PP661699,Historical,TCA,TCT,S,S,Synonymous,S1824S
1873,MW405348,Historical,TTT,ATA,F,I,Non-Synonymous,F1873I
1876,MW405348,Historical,TGT,GGG,C,G,Non-Synonymous,C1876G
2027,AB425339,Historical,TTA,CTG,L,L,Synonymous,L2027L
2027,KF724018,Historical,TTA,TCA,L,S,Non-Synonymous,L2027S
2027,KF724019,Historical,TTA,TCA,L,S,Non-Synonymous,L2027S
2027,KF724020,Historical,TTA,TCA,L,S,Non-Synonymous,L2027S
2027,KF724021,Historical,TTA,TCA,L,S,Non-Synonymous,L2027S
2027,KF724022,Historical,TTA,TCA,L,S,Non-Synonymous,L2027S
2027,KF724023,Historical,TTA,TCA,L,S,Non-Synonymous,L2027S
2027,KX088647,Historical,TTA,TCA,L,S,Non-Synonymous,L2027S
2027,LC515196,Historical,TTA,CTA,L,L,Synonymous,L2027L
2027,LC515197,Historical,TTA,CTA,L,L,Synonymous,L2027L
2027,LC515198,Historical,TTA,CTA,L,L,Synonymous,L2027L
2027,LC515199,Historical,TTA,CTA,L,L,Synonymous,L2027L
2027,LC515200,Historical,TTA,CTA,L,L,Synonymous,L2027L
2027,LC515202,Historical,TTA,CTA,L,L,Synonymous,L2027L
2027,MH933766,Historical,TTA,CTA,L,L,Synonymous,L2027L
2027,MH933768,Historical,TTA,CTA,L,L,Synonymous,L2027L
2027,MT181522,Contemporary,TTA,TCA,L,S,Non-Synonymous,L2027S
2027,PP860039,Contemporary,TTA,TTG,L,L,Synonymous,L2027L
2128,AB618529,Historical,GGA,GGG,G,G,Synonymous,G2128G
2128,AB618531,Historical,GGA,GGG,G,G,Synonymous,G2128G
2128,AB793725,Historical,GGA,GGG,G,G,Synonymous,G2128G
2128,AB793726,Historical,GGA,GGG,G,G,Synonymous,G2128G
2128,AB973401,Historical,GGA,GGG,G,G,Synonymous,G2128G
2128,MH577313,Historical,GGA,GGG,G,G,Synonymous,G2128G
2128,MH577314,Contemporary,GGA,GGG,G,G,Synonymous,G2128G
2128,OM291918,Contemporary,GGA,TGG,G,W,Non-Synonymous,G2128W
2128,ON524426,Contemporary,GGA,GGG,G,G,Synonymous,G2128G
2128,ON524429,Contemporary,GGA,GGG,G,G,Synonymous,G2128G
2128,ON524430,Contemporary,GGA,GGG,G,G,Synonymous,G2128G
2128,ON524433,Contemporary,GGA,GGG,G,G,Synonymous,G2128G
2128,ON524434,Contemporary,GGA,GGG,G,G,Synonymous,G2128G
2128,ON524437,Contemporary,GGA,GGG,G,G,Synonymous,G2128G
2128,ON524441,Contemporary,GGA,GGG,G,G,Synonymous,G2128G
2128,ON524452,Contemporary,GGA,GGG,G,G,Synonymous,G2128G
2128,ON524453,Contemporary,GGA,GGG,G,G,Synonymous,G2128G
2128,ON524455,Contemporary,GGA,GGG,G,G,Synonymous,G2128G
2128,ON524456,Contemporary,GGA,GGG,G,G,Synonymous,G2128G
2128,ON524460,Contemporary,GGA,GGG,G,G,Synonymous,G2128G
2128,ON524461,Contemporary,GGA,GGG,G,G,Synonymous,G2128G
2128,ON524463,Contemporary,GGA,GGG,G,G,Synonymous,G2128G
2128,ON524466,Contemporary,GGA,GGG,G,G,Synonymous,G2128G
2128,ON524470,Contemporary,GGA,GGG,G,G,Synonymous,G2128G
2128,ON524472,Contemporary,GGA,GGG,G,G,Synonymous,G2128G
2128,ON524475,Contemporary,GGA,GGG,G,G,Synonymous,G2128G
2128,ON524476,Contemporary,GGA,GGG,G,G,Synonymous,G2128G
2128,ON524477,Contemporary,GGA,GGG,G,G,Synonymous,G2128G
2128,ON524479,Contemporary,GGA,GGG,G,G,Synonymous,G2128G
2128,ON524480,Contemporary,GGA,GGG,G,G,Synonymous,G2128G
2128,ON524481,Contemporary,GGA,GGG,G,G,Synonymous,G2128G
2128,ON524483,Contemporary,GGA,GGG,G,G,Synonymous,G2128G
2128,ON524487,Contemporary,GGA,GGG,G,G,Synonymous,G2128G
2128,ON524488,Contemporary,GGA,GGG,G,G,Synonymous,G2128G
2128,ON524489,Contemporary,GGA,GGG,G,G,Synonymous,G2128G
2128,ON524491,Contemporary,GGA,GGG,G,G,Synonymous,G2128G
2128,ON524493,Contemporary,GGA,GGG,G,G,Synonymous,G2128G
2128,ON524499,Contemporary,GGA,GGG,G,G,Synonymous,G2128G
2128,ON524504,Contemporary,GGA,GGG,G,G,Synonymous,G2128G
2128,ON524506,Contemporary,GGA,GGG,G,G,Synonymous,G2128G
2128,ON524508,Contemporary,GGA,GGG,G,G,Synonymous,G2128G
2128,ON524512,Contemporary,GGA,GGG,G,G,Synonymous,G2128G
2128,ON524521,Contemporary,GGA,GGG,G,G,Synonymous,G2128G
2128,ON524532,Contemporary,GGA,GGG,G,G,Synonymous,G2128G
2128,ON661555,Contemporary,GGA,GGG,G,G,Synonymous,G2128G
2128,ON661558,Contemporary,GGA,GGG,G,G,Synonymous,G2128G
2128,ON661559,Contemporary,GGA,GGG,G,G,Synonymous,G2128G
2129,OM291914,Contemporary,GAT,ATG,D,M,Non-Synonymous,D2129M
2129,OM291918,Contemporary,GAT,AGA,D,R,Non-Synonymous,D2129R
2130,AB819869,Historical,GTT,GTC,V,V,Synonymous,V2130V
2130,MW405348,Historical,GTT,GCA,V,A,Non-Synonymous,V2130A
2130,OM291914,Contemporary,GTT,TTG,V,L,Non-Synonymous,V2130L
2130,OM291918,Contemporary,GTT,TGT,V,C,Non-Synonymous,V2130C
2130,PP860039,Contemporary,GTT,GTC,V,V,Synonymous,V2130V
2131,MW405348,Historical,GGT,GCT,G,A,Non-Synonymous,G2131A
2131,OM291914,Contemporary,GGT,AAC,G,N,Non-Synonymous,G2131N
2131,OM291918,Contemporary,GGT,TGG,G,W,Non-Synonymous,G2131W
2131,OQ161772,Contemporary,GGT,GAT,G,D,Non-Synonymous,G2131D
2132,AB425339,Historical,CTT,TTA,L,L,Synonymous,L2132L
2132,AB973400,Historical,CTT,CTA,L,L,Synonymous,L2132L
2132,OM291914,Contemporary,CTT,TTG,L,L,Synonymous,L2132L
2132,OM291918,Contemporary,CTT,TCT,L,S,Non-Synonymous,L2132S
2132,OR606575,Contemporary,CTT,TTA,L,L,Synonymous,L2132L
2133,AB618529,Historical,GAT,GAC,D,D,Synonymous,D2133D
2133,AB618531,Historical,GAT,GAC,D,D,Synonymous,D2133D
2133,AB819869,Historical,GAT,GAC,D,D,Synonymous,D2133D
2133,AB839692,Historical,GAT,GAC,D,D,Synonymous,D2133D
2133,AB839694,Historical,GAT,GAC,D,D,Synonymous,D2133D
2133,AB839695,Historical,GAT,GAC,D,D,Synonymous,D2133D
2133,AB839696,Historical,GAT,GAC,D,D,Synonymous,D2133D
2133,AB839697,Historical,GAT,GAC,D,D,Synonymous,D2133D
2133,AB973401,Historical,GAT,GAC,D,D,Synonymous,D2133D
2133,HM769724,Historical,GAT,GAC,D,D,Synonymous,D2133D
2133,LC515201,Historical,GAT,GAC,D,D,Synonymous,D2133D
2133,MH685714,Historical,GAT,GAC,D,D,Synonymous,D2133D
2133,MN832786,Contemporary,GAT,GAC,D,D,Synonymous,D2133D
2133,MW405348,Historical,GAT,GAC,D,D,Synonymous,D2133D
2133,OM291914,Contemporary,GAT,ATT,D,I,Non-Synonymous,D2133I
2133,OM291918,Contemporary,GAT,TGT,D,C,Non-Synonymous,D2133C
2133,ON524425,Contemporary,GAT,GAC,D,D,Synonymous,D2133D
2133,ON524431,Contemporary,GAT,GAC,D,D,Synonymous,D2133D
2133,OQ077984,Historical,GAT,GAC,D,D,Synonymous,D2133D
2133,OQ077985,Historical,GAT,GAC,D,D,Synonymous,D2133D
2133,OR606576,Contemporary,GAT,GAC,D,D,Synonymous,D2133D
2133,PP661695,Contemporary,GAT,GAC,D,D,Synonymous,D2133D
2133,PP661698,Contemporary,GAT,GAC,D,D,Synonymous,D2133D
2149,AB618529,Historical,AGA,AGG,R,R,Synonymous,R2149R
2149,AB618531,Historical,AGA,AGG,R,R,Synonymous,R2149R
2149,AB793725,Historical,AGA,AGG,R,R,Synonymous,R2149R
2149,AB793726,Historical,AGA,AGG,R,R,Synonymous,R2149R
2149,AB819869,Historical,AGA,AGG,R,R,Synonymous,R2149R
2149,AB819870,Historical,AGA,AGG,R,R,Synonymous,R2149R
2149,AB839692,Historical,AGA,AGG,R,R,Synonymous,R2149R
2149,AB839693,Historical,AGA,AGG,R,R,Synonymous,R2149R
2149,AB839694,Historical,AGA,AGG,R,R,Synonymous,R2149R
2149,AB839695,Historical,AGA,AGG,R,R,Synonymous,R2149R
2149,AB839696,Historical,AGA,AGG,R,R,Synonymous,R2149R
2149,AB839697,Historical,AGA,AGG,R,R,Synonymous,R2149R
2149,AB909123,Historical,AGA,AGG,R,R,Synonymous,R2149R
2149,AB969748,Historical,AGA,AGG,R,R,Synonymous,R2149R
2149,AB973400,Historical,AGA,AGG,R,R,Synonymous,R2149R
2149,AB973401,Historical,AGA,AGG,R,R,Synonymous,R2149R
2149,HQ437707,Historical,AGA,AGG,R,R,Synonymous,R2149R
2149,KC182587,Historical,AGA,AGG,R,R,Synonymous,R2149R
2149,KC182588,Historical,AGA,AGG,R,R,Synonymous,R2149R
2149,KC182589,Historical,AGA,AGG,R,R,Synonymous,R2149R
2149,KF773842,Historical,AGA,CGG,R,R,Synonymous,R2149R
2149,KJ427799,Historical,AGA,CGG,R,R,Synonymous,R2149R
2149,KP177964,Historical,AGA,AGG,R,R,Synonymous,R2149R
2149,KP177965,Historical,AGA,AGG,R,R,Synonymous,R2149R
2149,LC035020,Historical,AGA,AGG,R,R,Synonymous,R2149R
2149,LC049337,Historical,AGA,AGG,R,R,Synonymous,R2149R
2149,LC049338,Historical,AGA,AGG,R,R,Synonymous,R2149R
2149,LC049339,Historical,AGA,AGG,R,R,Synonymous,R2149R
2149,LC049340,Historical,AGA,AGG,R,R,Synonymous,R2149R
2149,LC049341,Historical,AGA,AGG,R,R,Synonymous,R2149R
2149,LC049342,Historical,AGA,AGG,R,R,Synonymous,R2149R
2149,LC191189,Historical,AGA,AGG,R,R,Synonymous,R2149R
2149,LC373510,Historical,AGA,AGG,R,R,Synonymous,R2149R
2149,LC416593,Contemporary,AGA,AGG,R,R,Synonymous,R2149R
2149,LC416594,Contemporary,AGA,AGG,R,R,Synonymous,R2149R
2149,LC416595,Contemporary,AGA,AGG,R,R,Synonymous,R2149R
2149,LC435031,Contemporary,AGA,AGG,R,R,Synonymous,R2149R
2149,LC435032,Contemporary,AGA,AGG,R,R,Synonymous,R2149R
2149,MG049743,Historical,AGA,AGG,R,R,Synonymous,R2149R
2149,MH577313,Historical,AGA,AGG,R,R,Synonymous,R2149R
2149,MH577314,Contemporary,AGA,AGG,R,R,Synonymous,R2149R
2149,MH933767,Historical,AGA,AAG,R,K,Non-Synonymous,R2149K
2149,MN062164,Historical,AGA,AGG,R,R,Synonymous,R2149R
2149,MN062165,Contemporary,AGA,AGG,R,R,Synonymous,R2149R
2149,MN062166,Contemporary,AGA,AGG,R,R,Synonymous,R2149R
2149,MW405346,Historical,AGA,AGG,R,R,Synonymous,R2149R
2149,MW405347,Historical,AGA,AGG,R,R,Synonymous,R2149R
2149,MW405348,Historical,AGA,AGG,R,R,Synonymous,R2149R
2149,MW405349,Historical,AGA,AGG,R,R,Synonymous,R2149R
2149,OK625565,Historical,AGA,AGG,R,R,Synonymous,R2149R
2149,OM291913,Contemporary,AGA,AGG,R,R,Synonymous,R2149R
2149,OM291914,Contemporary,AGA,AGG,R,R,Synonymous,R2149R
2149,OM291915,Contemporary,AGA,AGG,R,R,Synonymous,R2149R
2149,OM291916,Contemporary,AGA,AGG,R,R,Synonymous,R2149R
2149,OM291917,Contemporary,AGA,AGG,R,R,Synonymous,R2149R
2149,OM291918,Contemporary,AGA,AGG,R,R,Synonymous,R2149R
2149,ON496631,Contemporary,AGA,AGG,R,R,Synonymous,R2149R
2149,ON496632,Contemporary,AGA,AGG,R,R,Synonymous,R2149R
2149,ON524415,Contemporary,AGA,AGG,R,R,Synonymous,R2149R
2149,ON524416,Contemporary,AGA,AGG,R,R,Synonymous,R2149R
2149,ON524417,Contemporary,AGA,AGG,R,R,Synonymous,R2149R
2149,ON524419,Contemporary,AGA,AGG,R,R,Synonymous,R2149R
2149,ON524420,Contemporary,AGA,AGG,R,R,Synonymous,R2149R
2149,ON524421,Contemporary,AGA,AGG,R,R,Synonymous,R2149R
2149,ON524422,Contemporary,AGA,AGG,R,R,Synonymous,R2149R
2149,ON524424,Contemporary,AGA,AGG,R,R,Synonymous,R2149R
2149,ON524426,Contemporary,AGA,AGG,R,R,Synonymous,R2149R
2149,ON524427,Contemporary,AGA,AGG,R,R,Synonymous,R2149R
2149,ON524428,Contemporary,AGA,AGG,R,R,Synonymous,R2149R
2149,ON524429,Contemporary,AGA,AGG,R,R,Synonymous,R2149R
2149,ON524430,Contemporary,AGA,AGG,R,R,Synonymous,R2149R
2149,ON524431,Contemporary,AGA,AGG,R,R,Synonymous,R2149R
2149,ON524433,Contemporary,AGA,AGG,R,R,Synonymous,R2149R
2149,ON524434,Contemporary,AGA,AGG,R,R,Synonymous,R2149R
2149,ON524435,Contemporary,AGA,AGG,R,R,Synonymous,R2149R
2149,ON524437,Contemporary,AGA,AGG,R,R,Synonymous,R2149R
2149,ON524439,Contemporary,AGA,AGG,R,R,Synonymous,R2149R
2149,ON524441,Contemporary,AGA,AGG,R,R,Synonymous,R2149R
2149,ON524443,Contemporary,AGA,AGG,R,R,Synonymous,R2149R
2149,ON524452,Contemporary,AGA,AGG,R,R,Synonymous,R2149R
2149,ON524453,Contemporary,AGA,AGG,R,R,Synonymous,R2149R
2149,ON524455,Contemporary,AGA,AGG,R,R,Synonymous,R2149R
2149,ON524456,Contemporary,AGA,AGG,R,R,Synonymous,R2149R
2149,ON524458,Contemporary,AGA,AGG,R,R,Synonymous,R2149R
2149,ON524459,Contemporary,AGA,AGG,R,R,Synonymous,R2149R
2149,ON524460,Contemporary,AGA,AGG,R,R,Synonymous,R2149R
2149,ON524461,Contemporary,AGA,AGG,R,R,Synonymous,R2149R
2149,ON524463,Contemporary,AGA,AGG,R,R,Synonymous,R2149R
2149,ON524466,Contemporary,AGA,AGG,R,R,Synonymous,R2149R
2149,ON524470,Contemporary,AGA,AGG,R,R,Synonymous,R2149R
2149,ON524472,Contemporary,AGA,AGG,R,R,Synonymous,R2149R
2149,ON524473,Contemporary,AGA,AGG,R,R,Synonymous,R2149R
2149,ON524475,Contemporary,AGA,AGG,R,R,Synonymous,R2149R
2149,ON524476,Contemporary,AGA,AGG,R,R,Synonymous,R2149R
2149,ON524477,Contemporary,AGA,AGG,R,R,Synonymous,R2149R
2149,ON524479,Contemporary,AGA,AGG,R,R,Synonymous,R2149R
2149,ON524480,Contemporary,AGA,AGG,R,R,Synonymous,R2149R
2149,ON524481,Contemporary,AGA,AGG,R,R,Synonymous,R2149R
2149,ON524483,Contemporary,AGA,AGG,R,R,Synonymous,R2149R
2149,ON524487,Contemporary,AGA,AGG,R,R,Synonymous,R2149R
2149,ON524488,Contemporary,AGA,AGG,R,R,Synonymous,R2149R
2149,ON524489,Contemporary,AGA,AGG,R,R,Synonymous,R2149R
2149,ON524491,Contemporary,AGA,AGG,R,R,Synonymous,R2149R
2149,ON524493,Contemporary,AGA,AGG,R,R,Synonymous,R2149R
2149,ON524499,Contemporary,AGA,AGG,R,R,Synonymous,R2149R
2149,ON524504,Contemporary,AGA,AGG,R,R,Synonymous,R2149R
2149,ON524506,Contemporary,AGA,AGG,R,R,Synonymous,R2149R
2149,ON524508,Contemporary,AGA,AGG,R,R,Synonymous,R2149R
2149,ON524512,Contemporary,AGA,AGG,R,R,Synonymous,R2149R
2149,ON524519,Contemporary,AGA,AGG,R,R,Synonymous,R2149R
2149,ON524521,Contemporary,AGA,AGG,R,R,Synonymous,R2149R
2149,ON524522,Contemporary,AGA,AGG,R,R,Synonymous,R2149R
2149,ON524532,Contemporary,AGA,AGG,R,R,Synonymous,R2149R
2149,ON524534,Contemporary,AGA,AGG,R,R,Synonymous,R2149R
2149,ON524535,Contemporary,AGA,AGG,R,R,Synonymous,R2149R
2149,ON661550,Contemporary,AGA,AGG,R,R,Synonymous,R2149R
2149,ON661551,Contemporary,AGA,AGG,R,R,Synonymous,R2149R
2149,ON661552,Contemporary,AGA,AGG,R,R,Synonymous,R2149R
2149,ON661553,Contemporary,AGA,AGG,R,R,Synonymous,R2149R
2149,ON661555,Contemporary,AGA,AGG,R,R,Synonymous,R2149R
2149,ON661558,Contemporary,AGA,AGG,R,R,Synonymous,R2149R
2149,ON661559,Contemporary,AGA,AGG,R,R,Synonymous,R2149R
2149,ON911719,Historical,AGA,AGG,R,R,Synonymous,R2149R
2149,ON911720,Historical,AGA,AGG,R,R,Synonymous,R2149R
2149,ON911721,Historical,AGA,AGG,R,R,Synonymous,R2149R
2149,ON911722,Historical,AGA,AGG,R,R,Synonymous,R2149R
2149,OR031237,Contemporary,AGA,AGG,R,R,Synonymous,R2149R
2149,OR606575,Contemporary,AGA,AGG,R,R,Synonymous,R2149R
2149,OR606576,Contemporary,AGA,AGG,R,R,Synonymous,R2149R
2149,PP389036,Contemporary,AGA,AGG,R,R,Synonymous,R2149R
2149,PP389037,Contemporary,AGA,AGG,R,R,Synonymous,R2149R
2149,PP389039,Contemporary,AGA,AGG,R,R,Synonymous,R2149R
2149,PP389040,Contemporary,AGA,AGG,R,R,Synonymous,R2149R
2149,PP389041,Contemporary,AGA,AGG,R,R,Synonymous,R2149R
2149,PP389042,Contemporary,AGA,AGG,R,R,Synonymous,R2149R
2149,PP389044,Contemporary,AGA,AGG,R,R,Synonymous,R2149R
2149,PP661694,Contemporary,AGA,AGG,R,R,Synonymous,R2149R
2149,PP661696,Contemporary,AGA,AGG,R,R,Synonymous,R2149R
2149,PP661699,Historical,AGA,AGG,R,R,Synonymous,R2149R
2149,PP860039,Contemporary,AGA,AGG,R,R,Synonymous,R2149R
2149,PQ008999,Contemporary,AGA,AGG,R,R,Synonymous,R2149R
2149,PQ009000,Contemporary,AGA,AGG,R,R,Synonymous,R2149R
2149,PQ496830,Contemporary,AGA,AGG,R,R,Synonymous,R2149R
2178,LC049340,Historical,CAT,CAC,H,H,Synonymous,H2178H
2178,MH577308,Historical,CAT,CAC,H,H,Synonymous,H2178H
2178,MH577309,Historical,CAT,CAC,H,H,Synonymous,H2178H
2178,MH577310,Historical,CAT,CAC,H,H,Synonymous,H2178H
2178,MH577311,Contemporary,CAT,CAC,H,H,Synonymous,H2178H
2178,MH577312,Historical,CAT,CAC,H,H,Synonymous,H2178H
2178,MN832785,Contemporary,CAT,CAC,H,H,Synonymous,H2178H
2178,OM291918,Contemporary,CAT,TGT,H,C,Non-Synonymous,H2178C
2178,ON496633,Contemporary,CAT,CAC,H,H,Synonymous,H2178H
2178,ON524423,Contemporary,CAT,CAC,H,H,Synonymous,H2178H
2178,ON524432,Contemporary,CAT,CAC,H,H,Synonymous,H2178H
2178,ON524436,Contemporary,CAT,CAC,H,H,Synonymous,H2178H
2178,ON524438,Contemporary,CAT,CAC,H,H,Synonymous,H2178H
2178,ON524440,Contemporary,CAT,CAC,H,H,Synonymous,H2178H
2178,ON524442,Contemporary,CAT,CAC,H,H,Synonymous,H2178H
2178,ON524444,Contemporary,CAT,CAC,H,H,Synonymous,H2178H
2178,ON524445,Contemporary,CAT,CAC,H,H,Synonymous,H2178H
2178,ON524446,Contemporary,CAT,CAC,H,H,Synonymous,H2178H
2178,ON524448,Contemporary,CAT,CAC,H,H,Synonymous,H2178H
2178,ON524449,Contemporary,CAT,CAC,H,H,Synonymous,H2178H
2178,ON524450,Contemporary,CAT,CAC,H,H,Synonymous,H2178H
2178,ON524451,Contemporary,CAT,CAC,H,H,Synonymous,H2178H
2178,ON524457,Contemporary,CAT,CAC,H,H,Synonymous,H2178H
2178,ON524462,Contemporary,CAT,CAC,H,H,Synonymous,H2178H
2178,ON524464,Contemporary,CAT,CAC,H,H,Synonymous,H2178H
2178,ON524465,Contemporary,CAT,CAC,H,H,Synonymous,H2178H
2178,ON524467,Contemporary,CAT,CAC,H,H,Synonymous,H2178H
2178,ON524468,Contemporary,CAT,CAC,H,H,Synonymous,H2178H
2178,ON524469,Contemporary,CAT,CAC,H,H,Synonymous,H2178H
2178,ON524471,Contemporary,CAT,CAC,H,H,Synonymous,H2178H
2178,ON524474,Contemporary,CAT,CAC,H,H,Synonymous,H2178H
2178,ON524478,Contemporary,CAT,CAC,H,H,Synonymous,H2178H
2178,ON524482,Contemporary,CAT,CAC,H,H,Synonymous,H2178H
2178,ON524484,Contemporary,CAT,CAC,H,H,Synonymous,H2178H
2178,ON524492,Contemporary,CAT,CAC,H,H,Synonymous,H2178H
2178,ON524494,Contemporary,CAT,CAC,H,H,Synonymous,H2178H
2178,ON524496,Contemporary,CAT,CAC,H,H,Synonymous,H2178H
2178,ON524497,Contemporary,CAT,CAC,H,H,Synonymous,H2178H
2178,ON524498,Contemporary,CAT,CAC,H,H,Synonymous,H2178H
2178,ON524500,Contemporary,CAT,CAC,H,H,Synonymous,H2178H
2178,ON524501,Contemporary,CAT,CAC,H,H,Synonymous,H2178H
2178,ON524502,Contemporary,CAT,CAC,H,H,Synonymous,H2178H
2178,ON524503,Contemporary,CAT,CAC,H,H,Synonymous,H2178H
2178,ON524507,Contemporary,CAT,CAC,H,H,Synonymous,H2178H
2178,ON524509,Contemporary,CAT,CAC,H,H,Synonymous,H2178H
2178,ON524510,Contemporary,CAT,CAC,H,H,Synonymous,H2178H
2178,ON524514,Contemporary,CAT,CAC,H,H,Synonymous,H2178H
2178,ON524515,Contemporary,CAT,CAC,H,H,Synonymous,H2178H
2178,ON524516,Contemporary,CAT,CAC,H,H,Synonymous,H2178H
2178,ON524517,Contemporary,CAT,CAC,H,H,Synonymous,H2178H
2178,ON524518,Contemporary,CAT,CAC,H,H,Synonymous,H2178H
2178,ON524520,Contemporary,CAT,CAC,H,H,Synonymous,H2178H
2178,ON524524,Contemporary,CAT,CAC,H,H,Synonymous,H2178H
2178,ON524526,Contemporary,CAT,CAC,H,H,Synonymous,H2178H
2178,ON524528,Contemporary,CAT,CAC,H,H,Synonymous,H2178H
2178,ON524529,Contemporary,CAT,CAC,H,H,Synonymous,H2178H
2178,ON524530,Contemporary,CAT,CAC,H,H,Synonymous,H2178H
2178,ON524531,Contemporary,CAT,CAC,H,H,Synonymous,H2178H
2178,ON524533,Contemporary,CAT,CAC,H,H,Synonymous,H2178H
2178,ON661554,Contemporary,CAT,CAC,H,H,Synonymous,H2178H
2178,ON661556,Contemporary,CAT,CAC,H,H,Synonymous,H2178H
2178,ON661557,Contemporary,CAT,CAC,H,H,Synonymous,H2178H
2179,HM769724,Historical,TTG,CTG,L,L,Synonymous,L2179L
2179,HQ437707,Historical,TTG,CTG,L,L,Synonymous,L2179L
2179,KC182587,Historical,TTG,TTA,L,L,Synonymous,L2179L
2179,KC182588,Historical,TTG,CTA,L,L,Synonymous,L2179L
2179,KC182589,Historical,TTG,TTA,L,L,Synonymous,L2179L
2179,LC515196,Historical,TTG,TTA,L,L,Synonymous,L2179L
2179,LC515197,Historical,TTG,TTA,L,L,Synonymous,L2179L
2179,LC515198,Historical,TTG,TTA,L,L,Synonymous,L2179L
2179,LC515199,Historical,TTG,TTA,L,L,Synonymous,L2179L
2179,LC515200,Historical,TTG,TTA,L,L,Synonymous,L2179L
2179,LC515202,Historical,TTG,TTA,L,L,Synonymous,L2179L
2179,MG049743,Historical,TTG,TTA,L,L,Synonymous,L2179L
2179,MH933766,Historical,TTG,TTA,L,L,Synonymous,L2179L
2179,MH933768,Historical,TTG,TTA,L,L,Synonymous,L2179L
2179,MK829707,Historical,TTG,TTA,L,L,Synonymous,L2179L
2179,MN062164,Historical,TTG,CTA,L,L,Synonymous,L2179L
2179,MN062165,Contemporary,TTG,CTA,L,L,Synonymous,L2179L
2179,MN062166,Contemporary,TTG,TTA,L,L,Synonymous,L2179L
2179,MW405349,Historical,TTG,CTG,L,L,Synonymous,L2179L
2179,OK625565,Historical,TTG,TTA,L,L,Synonymous,L2179L
2179,OM291914,Contemporary,TTG,TTA,L,L,Synonymous,L2179L
2179,OM291918,Contemporary,TTG,GCA,L,A,Non-Synonymous,L2179A
2179,ON496631,Contemporary,TTG,CTA,L,L,Synonymous,L2179L
2179,ON496632,Contemporary,TTG,TTA,L,L,Synonymous,L2179L
2179,ON524415,Contemporary,TTG,CTA,L,L,Synonymous,L2179L
2179,ON524416,Contemporary,TTG,TTA,L,L,Synonymous,L2179L
2179,ON524417,Contemporary,TTG,TTA,L,L,Synonymous,L2179L
2179,ON524419,Contemporary,TTG,TTA,L,L,Synonymous,L2179L
2179,ON524420,Contemporary,TTG,TTA,L,L,Synonymous,L2179L
2179,ON524421,Contemporary,TTG,TTA,L,L,Synonymous,L2179L
2179,ON524422,Contemporary,TTG,TTA,L,L,Synonymous,L2179L
2179,ON524424,Contemporary,TTG,TTA,L,L,Synonymous,L2179L
2179,ON524427,Contemporary,TTG,TTA,L,L,Synonymous,L2179L
2179,ON524428,Contemporary,TTG,TTA,L,L,Synonymous,L2179L
2179,ON524435,Contemporary,TTG,CTA,L,L,Synonymous,L2179L
2179,ON524439,Contemporary,TTG,TTA,L,L,Synonymous,L2179L
2179,ON524443,Contemporary,TTG,TTA,L,L,Synonymous,L2179L
2179,ON524458,Contemporary,TTG,TTA,L,L,Synonymous,L2179L
2179,ON524459,Contemporary,TTG,TTA,L,L,Synonymous,L2179L
2179,ON524473,Contemporary,TTG,TTA,L,L,Synonymous,L2179L
2179,ON524519,Contemporary,TTG,TTA,L,L,Synonymous,L2179L
2179,ON524522,Contemporary,TTG,TTA,L,L,Synonymous,L2179L
2179,ON524534,Contemporary,TTG,TTA,L,L,Synonymous,L2179L
2179,ON524535,Contemporary,TTG,TTA,L,L,Synonymous,L2179L
2179,ON661550,Contemporary,TTG,CTA,L,L,Synonymous,L2179L
2179,ON661551,Contemporary,TTG,TTA,L,L,Synonymous,L2179L
2179,ON661552,Contemporary,TTG,TTA,L,L,Synonymous,L2179L
2179,ON661553,Contemporary,TTG,TTA,L,L,Synonymous,L2179L
2179,PP661694,Contemporary,TTG,TTA,L,L,Synonymous,L2179L
2179,PP661696,Contemporary,TTG,CTA,L,L,Synonymous,L2179L
2179,PP661699,Historical,TTG,TTA,L,L,Synonymous,L2179L
2179,PP860039,Contemporary,TTG,CTG,L,L,Synonymous,L2179L
2180,AB425339,Historical,CTG,CTC,L,L,Synonymous,L2180L
2180,AB973400,Historical,CTG,CTT,L,L,Synonymous,L2180L
2180,KX228694,Historical,CTG,TTG,L,L,Synonymous,L2180L
2180,KY003229,Historical,CTG,TTG,L,L,Synonymous,L2180L
2180,LC515196,Historical,CTG,TTG,L,L,Synonymous,L2180L
2180,LC515197,Historical,CTG,TTG,L,L,Synonymous,L2180L
2180,LC515198,Historical,CTG,TTG,L,L,Synonymous,L2180L
2180,LC515199,Historical,CTG,TTG,L,L,Synonymous,L2180L
2180,LC515200,Historical,CTG,TTG,L,L,Synonymous,L2180L
2180,LC515201,Historical,CTG,TTG,L,L,Synonymous,L2180L
2180,LC515202,Historical,CTG,TTG,L,L,Synonymous,L2180L
2180,MF621614,Historical,CTG,TTG,L,L,Synonymous,L2180L
2180,MH577312,Historical,CTG,CTC,L,L,Synonymous,L2180L
2180,MH577313,Historical,CTG,TTG,L,L,Synonymous,L2180L
2180,MH577314,Contemporary,CTG,TTG,L,L,Synonymous,L2180L
2180,MH685714,Historical,CTG,TTG,L,L,Synonymous,L2180L
2180,MH933766,Historical,CTG,TTG,L,L,Synonymous,L2180L
2180,MH933768,Historical,CTG,TTG,L,L,Synonymous,L2180L
2180,MN746031,Contemporary,CTG,TTG,L,L,Synonymous,L2180L
2180,MN746032,Contemporary,CTG,TTG,L,L,Synonymous,L2180L
2180,OM291914,Contemporary,CTG,TGT,L,C,Non-Synonymous,L2180C
2180,OM291918,Contemporary,CTG,TCA,L,S,Non-Synonymous,L2180S
2180,ON524426,Contemporary,CTG,TTG,L,L,Synonymous,L2180L
2180,ON524429,Contemporary,CTG,TTG,L,L,Synonymous,L2180L
2180,ON524430,Contemporary,CTG,TTG,L,L,Synonymous,L2180L
2180,ON524433,Contemporary,CTG,TTG,L,L,Synonymous,L2180L
2180,ON524434,Contemporary,CTG,TTG,L,L,Synonymous,L2180L
2180,ON524437,Contemporary,CTG,TTG,L,L,Synonymous,L2180L
2180,ON524441,Contemporary,CTG,TTG,L,L,Synonymous,L2180L
2180,ON524452,Contemporary,CTG,TTG,L,L,Synonymous,L2180L
2180,ON524453,Contemporary,CTG,TTG,L,L,Synonymous,L2180L
2180,ON524455,Contemporary,CTG,TTG,L,L,Synonymous,L2180L
2180,ON524456,Contemporary,CTG,TTG,L,L,Synonymous,L2180L
2180,ON524460,Contemporary,CTG,TTG,L,L,Synonymous,L2180L
2180,ON524461,Contemporary,CTG,TTG,L,L,Synonymous,L2180L
2180,ON524463,Contemporary,CTG,TTG,L,L,Synonymous,L2180L
2180,ON524466,Contemporary,CTG,TTG,L,L,Synonymous,L2180L
2180,ON524470,Contemporary,CTG,TTG,L,L,Synonymous,L2180L
2180,ON524472,Contemporary,CTG,TTG,L,L,Synonymous,L2180L
2180,ON524475,Contemporary,CTG,TTG,L,L,Synonymous,L2180L
2180,ON524476,Contemporary,CTG,TTG,L,L,Synonymous,L2180L
2180,ON524477,Contemporary,CTG,TTG,L,L,Synonymous,L2180L
2180,ON524479,Contemporary,CTG,TTG,L,L,Synonymous,L2180L
2180,ON524480,Contemporary,CTG,TTG,L,L,Synonymous,L2180L
2180,ON524481,Contemporary,CTG,TTG,L,L,Synonymous,L2180L
2180,ON524483,Contemporary,CTG,TTG,L,L,Synonymous,L2180L
2180,ON524487,Contemporary,CTG,TTG,L,L,Synonymous,L2180L
2180,ON524488,Contemporary,CTG,TTG,L,L,Synonymous,L2180L
2180,ON524489,Contemporary,CTG,TTG,L,L,Synonymous,L2180L
2180,ON524491,Contemporary,CTG,TTG,L,L,Synonymous,L2180L
2180,ON524493,Contemporary,CTG,TTG,L,L,Synonymous,L2180L
2180,ON524499,Contemporary,CTG,TTG,L,L,Synonymous,L2180L
2180,ON524504,Contemporary,CTG,TTG,L,L,Synonymous,L2180L
2180,ON524506,Contemporary,CTG,TTG,L,L,Synonymous,L2180L
2180,ON524508,Contemporary,CTG,TTG,L,L,Synonymous,L2180L
2180,ON524512,Contemporary,CTG,TTG,L,L,Synonymous,L2180L
2180,ON524521,Contemporary,CTG,TTG,L,L,Synonymous,L2180L
2180,ON524532,Contemporary,CTG,TTG,L,L,Synonymous,L2180L
2180,ON661555,Contemporary,CTG,TTG,L,L,Synonymous,L2180L
2180,ON661558,Contemporary,CTG,TTG,L,L,Synonymous,L2180L
2180,ON661559,Contemporary,CTG,TTG,L,L,Synonymous,L2180L
2180,OQ077984,Historical,CTG,TTG,L,L,Synonymous,L2180L
2180,OQ077985,Historical,CTG,TTG,L,L,Synonymous,L2180L
2180,OQ077995,Historical,CTG,TTG,L,L,Synonymous,L2180L
2180,OQ077996,Historical,CTG,TTG,L,L,Synonymous,L2180L
2180,OQ161772,Contemporary,CTG,TTG,L,L,Synonymous,L2180L
2180,OQ791466,Contemporary,CTG,TTG,L,L,Synonymous,L2180L
2180,OR031237,Contemporary,CTG,TTG,L,L,Synonymous,L2180L
2180,OR477188,Contemporary,CTG,TTG,L,L,Synonymous,L2180L
2180,OR477190,Contemporary,CTG,TTG,L,L,Synonymous,L2180L
2180,OR477193,Contemporary,CTG,TTG,L,L,Synonymous,L2180L
2180,OR477194,Contemporary,CTG,TTG,L,L,Synonymous,L2180L
2180,OR477195,Contemporary,CTG,TTG,L,L,Synonymous,L2180L
2180,OR477196,Contemporary,CTG,TTG,L,L,Synonymous,L2180L
2180,OR477197,Contemporary,CTG,TTG,L,L,Synonymous,L2180L
2180,OR477198,Contemporary,CTG,TTG,L,L,Synonymous,L2180L
2180,OR477199,Contemporary,CTG,TTG,L,L,Synonymous,L2180L
2180,OR477200,Contemporary,CTG,TTG,L,L,Synonymous,L2180L
2180,OR477202,Contemporary,CTG,TTG,L,L,Synonymous,L2180L
2180,OR606575,Contemporary,CTG,CTT,L,L,Synonymous,L2180L
2181,AB425339,Historical,TAT,TAC,Y,Y,Synonymous,Y2181Y
2181,AB618529,Historical,TAT,TAC,Y,Y,Synonymous,Y2181Y
2181,AB618531,Historical,TAT,TAC,Y,Y,Synonymous,Y2181Y
2181,AB793725,Historical,TAT,TAC,Y,Y,Synonymous,Y2181Y
2181,AB793726,Historical,TAT,TAC,Y,Y,Synonymous,Y2181Y
2181,AB819869,Historical,TAT,TAC,Y,Y,Synonymous,Y2181Y
2181,AB819870,Historical,TAT,TAC,Y,Y,Synonymous,Y2181Y
2181,AB839692,Historical,TAT,TAC,Y,Y,Synonymous,Y2181Y
2181,AB839693,Historical,TAT,TAC,Y,Y,Synonymous,Y2181Y
2181,AB839694,Historical,TAT,TAC,Y,Y,Synonymous,Y2181Y
2181,AB839695,Historical,TAT,TAC,Y,Y,Synonymous,Y2181Y
2181,AB839696,Historical,TAT,TAC,Y,Y,Synonymous,Y2181Y
2181,AB839697,Historical,TAT,TAC,Y,Y,Synonymous,Y2181Y
2181,AB909123,Historical,TAT,TAC,Y,Y,Synonymous,Y2181Y
2181,AB969748,Historical,TAT,TAC,Y,Y,Synonymous,Y2181Y
2181,AB973400,Historical,TAT,TAC,Y,Y,Synonymous,Y2181Y
2181,AB973401,Historical,TAT,TAC,Y,Y,Synonymous,Y2181Y
2181,HM769724,Historical,TAT,TAC,Y,Y,Synonymous,Y2181Y
2181,HQ437707,Historical,TAT,TAC,Y,Y,Synonymous,Y2181Y
2181,KC182587,Historical,TAT,TAC,Y,Y,Synonymous,Y2181Y
2181,KC182588,Historical,TAT,TAC,Y,Y,Synonymous,Y2181Y
2181,KC182589,Historical,TAT,TAC,Y,Y,Synonymous,Y2181Y
2181,KF773842,Historical,TAT,TAC,Y,Y,Synonymous,Y2181Y
2181,KJ427799,Historical,TAT,TAC,Y,Y,Synonymous,Y2181Y
2181,KP177964,Historical,TAT,TAC,Y,Y,Synonymous,Y2181Y
2181,KP177965,Historical,TAT,TAC,Y,Y,Synonymous,Y2181Y
2181,KX228694,Historical,TAT,TAC,Y,Y,Synonymous,Y2181Y
2181,KY003229,Historical,TAT,TAC,Y,Y,Synonymous,Y2181Y
2181,LC035020,Historical,TAT,TAC,Y,Y,Synonymous,Y2181Y
2181,LC049337,Historical,TAT,TAC,Y,Y,Synonymous,Y2181Y
2181,LC049338,Historical,TAT,TAC,Y,Y,Synonymous,Y2181Y
2181,LC049339,Historical,TAT,TAC,Y,Y,Synonymous,Y2181Y
2181,LC049340,Historical,TAT,TAC,Y,Y,Synonymous,Y2181Y
2181,LC049341,Historical,TAT,TAC,Y,Y,Synonymous,Y2181Y
2181,LC049342,Historical,TAT,TAC,Y,Y,Synonymous,Y2181Y
2181,LC128713,Historical,TAT,TAC,Y,Y,Synonymous,Y2181Y
2181,LC191189,Historical,TAT,TAC,Y,Y,Synonymous,Y2181Y
2181,LC373510,Historical,TAT,TAC,Y,Y,Synonymous,Y2181Y
2181,LC416593,Contemporary,TAT,TAC,Y,Y,Synonymous,Y2181Y
2181,LC416594,Contemporary,TAT,TAC,Y,Y,Synonymous,Y2181Y
2181,LC416595,Contemporary,TAT,TAC,Y,Y,Synonymous,Y2181Y
2181,LC435031,Contemporary,TAT,TAC,Y,Y,Synonymous,Y2181Y
2181,LC435032,Contemporary,TAT,TAC,Y,Y,Synonymous,Y2181Y
2181,LC515196,Historical,TAT,TAC,Y,Y,Synonymous,Y2181Y
2181,LC515197,Historical,TAT,TAC,Y,Y,Synonymous,Y2181Y
2181,LC515198,Historical,TAT,TAC,Y,Y,Synonymous,Y2181Y
2181,LC515199,Historical,TAT,TAC,Y,Y,Synonymous,Y2181Y
2181,LC515200,Historical,TAT,TAC,Y,Y,Synonymous,Y2181Y
2181,LC515201,Historical,TAT,TAC,Y,Y,Synonymous,Y2181Y
2181,LC515202,Historical,TAT,TAC,Y,Y,Synonymous,Y2181Y
2181,MF621614,Historical,TAT,TAC,Y,Y,Synonymous,Y2181Y
2181,MG049743,Historical,TAT,TAC,Y,Y,Synonymous,Y2181Y
2181,MH577308,Historical,TAT,TAC,Y,Y,Synonymous,Y2181Y
2181,MH577309,Historical,TAT,TAC,Y,Y,Synonymous,Y2181Y
2181,MH577310,Historical,TAT,TAC,Y,Y,Synonymous,Y2181Y
2181,MH577311,Contemporary,TAT,TAC,Y,Y,Synonymous,Y2181Y
2181,MH577312,Historical,TAT,TAC,Y,Y,Synonymous,Y2181Y
2181,MH577313,Historical,TAT,TAC,Y,Y,Synonymous,Y2181Y
2181,MH577314,Contemporary,TAT,TAC,Y,Y,Synonymous,Y2181Y
2181,MH685714,Historical,TAT,TAC,Y,Y,Synonymous,Y2181Y
2181,MH933766,Historical,TAT,TAC,Y,Y,Synonymous,Y2181Y
2181,MH933768,Historical,TAT,TAC,Y,Y,Synonymous,Y2181Y
2181,MN062164,Historical,TAT,TAC,Y,Y,Synonymous,Y2181Y
2181,MN062165,Contemporary,TAT,TAC,Y,Y,Synonymous,Y2181Y
2181,MN062166,Contemporary,TAT,TAC,Y,Y,Synonymous,Y2181Y
2181,MN746031,Contemporary,TAT,TAC,Y,Y,Synonymous,Y2181Y
2181,MN832785,Contemporary,TAT,TAC,Y,Y,Synonymous,Y2181Y
2181,MW405346,Historical,TAT,TAC,Y,Y,Synonymous,Y2181Y
2181,MW405347,Historical,TAT,TAC,Y,Y,Synonymous,Y2181Y
2181,MW405348,Historical,TAT,TAC,Y,Y,Synonymous,Y2181Y
2181,OK625565,Historical,TAT,TAC,Y,Y,Synonymous,Y2181Y
2181,OM291913,Contemporary,TAT,TAC,Y,Y,Synonymous,Y2181Y
2181,OM291914,Contemporary,TAT,ACA,Y,T,Non-Synonymous,Y2181T
2181,OM291915,Contemporary,TAT,GAC,Y,D,Non-Synonymous,Y2181D
2181,OM291916,Contemporary,TAT,TAC,Y,Y,Synonymous,Y2181Y
2181,OM291917,Contemporary,TAT,TAC,Y,Y,Synonymous,Y2181Y
2181,OM291918,Contemporary,TAT,TGC,Y,C,Non-Synonymous,Y2181C
2181,ON496631,Contemporary,TAT,TAC,Y,Y,Synonymous,Y2181Y
2181,ON496632,Contemporary,TAT,TAC,Y,Y,Synonymous,Y2181Y
2181,ON496633,Contemporary,TAT,TAC,Y,Y,Synonymous,Y2181Y
2181,ON524415,Contemporary,TAT,TAC,Y,Y,Synonymous,Y2181Y
2181,ON524416,Contemporary,TAT,TAC,Y,Y,Synonymous,Y2181Y
2181,ON524417,Contemporary,TAT,TAC,Y,Y,Synonymous,Y2181Y
2181,ON524419,Contemporary,TAT,TAC,Y,Y,Synonymous,Y2181Y
2181,ON524420,Contemporary,TAT,TAC,Y,Y,Synonymous,Y2181Y
2181,ON524421,Contemporary,TAT,TAC,Y,Y,Synonymous,Y2181Y
2181,ON524422,Contemporary,TAT,TAC,Y,Y,Synonymous,Y2181Y
2181,ON524423,Contemporary,TAT,TAC,Y,Y,Synonymous,Y2181Y
2181,ON524424,Contemporary,TAT,TAC,Y,Y,Synonymous,Y2181Y
2181,ON524425,Contemporary,TAT,TAC,Y,Y,Synonymous,Y2181Y
2181,ON524426,Contemporary,TAT,TAC,Y,Y,Synonymous,Y2181Y
2181,ON524427,Contemporary,TAT,TAC,Y,Y,Synonymous,Y2181Y
2181,ON524428,Contemporary,TAT,TAC,Y,Y,Synonymous,Y2181Y
2181,ON524429,Contemporary,TAT,TAC,Y,Y,Synonymous,Y2181Y
2181,ON524430,Contemporary,TAT,TAC,Y,Y,Synonymous,Y2181Y
2181,ON524431,Contemporary,TAT,TAC,Y,Y,Synonymous,Y2181Y
2181,ON524432,Contemporary,TAT,TAC,Y,Y,Synonymous,Y2181Y
2181,ON524433,Contemporary,TAT,TAC,Y,Y,Synonymous,Y2181Y
2181,ON524434,Contemporary,TAT,TAC,Y,Y,Synonymous,Y2181Y
2181,ON524435,Contemporary,TAT,TAC,Y,Y,Synonymous,Y2181Y
2181,ON524436,Contemporary,TAT,TAC,Y,Y,Synonymous,Y2181Y
2181,ON524437,Contemporary,TAT,TAC,Y,Y,Synonymous,Y2181Y
2181,ON524438,Contemporary,TAT,TAC,Y,Y,Synonymous,Y2181Y
2181,ON524439,Contemporary,TAT,TAC,Y,Y,Synonymous,Y2181Y
2181,ON524440,Contemporary,TAT,TAC,Y,Y,Synonymous,Y2181Y
2181,ON524441,Contemporary,TAT,TAC,Y,Y,Synonymous,Y2181Y
2181,ON524442,Contemporary,TAT,TAC,Y,Y,Synonymous,Y2181Y
2181,ON524443,Contemporary,TAT,TAC,Y,Y,Synonymous,Y2181Y
2181,ON524444,Contemporary,TAT,TAC,Y,Y,Synonymous,Y2181Y
2181,ON524445,Contemporary,TAT,TAC,Y,Y,Synonymous,Y2181Y
2181,ON524446,Contemporary,TAT,TAC,Y,Y,Synonymous,Y2181Y
2181,ON524448,Contemporary,TAT,TAC,Y,Y,Synonymous,Y2181Y
2181,ON524449,Contemporary,TAT,TAC,Y,Y,Synonymous,Y2181Y
2181,ON524450,Contemporary,TAT,TAC,Y,Y,Synonymous,Y2181Y
2181,ON524451,Contemporary,TAT,TAC,Y,Y,Synonymous,Y2181Y
2181,ON524452,Contemporary,TAT,TAC,Y,Y,Synonymous,Y2181Y
2181,ON524453,Contemporary,TAT,TAC,Y,Y,Synonymous,Y2181Y
2181,ON524455,Contemporary,TAT,TAC,Y,Y,Synonymous,Y2181Y
2181,ON524456,Contemporary,TAT,TAC,Y,Y,Synonymous,Y2181Y
2181,ON524457,Contemporary,TAT,TAC,Y,Y,Synonymous,Y2181Y
2181,ON524458,Contemporary,TAT,TAC,Y,Y,Synonymous,Y2181Y
2181,ON524459,Contemporary,TAT,TAC,Y,Y,Synonymous,Y2181Y
2181,ON524460,Contemporary,TAT,TAC,Y,Y,Synonymous,Y2181Y
2181,ON524461,Contemporary,TAT,TAC,Y,Y,Synonymous,Y2181Y
2181,ON524462,Contemporary,TAT,TAC,Y,Y,Synonymous,Y2181Y
2181,ON524463,Contemporary,TAT,TAC,Y,Y,Synonymous,Y2181Y
2181,ON524464,Contemporary,TAT,TAC,Y,Y,Synonymous,Y2181Y
2181,ON524465,Contemporary,TAT,TAC,Y,Y,Synonymous,Y2181Y
2181,ON524466,Contemporary,TAT,TAC,Y,Y,Synonymous,Y2181Y
2181,ON524467,Contemporary,TAT,TAC,Y,Y,Synonymous,Y2181Y
2181,ON524468,Contemporary,TAT,TAC,Y,Y,Synonymous,Y2181Y
2181,ON524469,Contemporary,TAT,TAC,Y,Y,Synonymous,Y2181Y
2181,ON524470,Contemporary,TAT,TAC,Y,Y,Synonymous,Y2181Y
2181,ON524471,Contemporary,TAT,TAC,Y,Y,Synonymous,Y2181Y
2181,ON524472,Contemporary,TAT,TAC,Y,Y,Synonymous,Y2181Y
2181,ON524473,Contemporary,TAT,TAC,Y,Y,Synonymous,Y2181Y
2181,ON524474,Contemporary,TAT,TAC,Y,Y,Synonymous,Y2181Y
2181,ON524475,Contemporary,TAT,TAC,Y,Y,Synonymous,Y2181Y
2181,ON524476,Contemporary,TAT,TAC,Y,Y,Synonymous,Y2181Y
2181,ON524477,Contemporary,TAT,TAC,Y,Y,Synonymous,Y2181Y
2181,ON524478,Contemporary,TAT,TAC,Y,Y,Synonymous,Y2181Y
2181,ON524479,Contemporary,TAT,TAC,Y,Y,Synonymous,Y2181Y
2181,ON524480,Contemporary,TAT,TAC,Y,Y,Synonymous,Y2181Y
2181,ON524481,Contemporary,TAT,TAC,Y,Y,Synonymous,Y2181Y
2181,ON524482,Contemporary,TAT,TAC,Y,Y,Synonymous,Y2181Y
2181,ON524483,Contemporary,TAT,TAC,Y,Y,Synonymous,Y2181Y
2181,ON524484,Contemporary,TAT,TAC,Y,Y,Synonymous,Y2181Y
2181,ON524487,Contemporary,TAT,TAC,Y,Y,Synonymous,Y2181Y
2181,ON524488,Contemporary,TAT,TAC,Y,Y,Synonymous,Y2181Y
2181,ON524489,Contemporary,TAT,TAC,Y,Y,Synonymous,Y2181Y
2181,ON524491,Contemporary,TAT,TAC,Y,Y,Synonymous,Y2181Y
2181,ON524492,Contemporary,TAT,TAC,Y,Y,Synonymous,Y2181Y
2181,ON524493,Contemporary,TAT,TAC,Y,Y,Synonymous,Y2181Y
2181,ON524494,Contemporary,TAT,TAC,Y,Y,Synonymous,Y2181Y
2181,ON524496,Contemporary,TAT,TAC,Y,Y,Synonymous,Y2181Y
2181,ON524497,Contemporary,TAT,TAC,Y,Y,Synonymous,Y2181Y
2181,ON524498,Contemporary,TAT,TAC,Y,Y,Synonymous,Y2181Y
2181,ON524499,Contemporary,TAT,TAC,Y,Y,Synonymous,Y2181Y
2181,ON524500,Contemporary,TAT,TAC,Y,Y,Synonymous,Y2181Y
2181,ON524501,Contemporary,TAT,TAC,Y,Y,Synonymous,Y2181Y
2181,ON524502,Contemporary,TAT,TAC,Y,Y,Synonymous,Y2181Y
2181,ON524503,Contemporary,TAT,TAC,Y,Y,Synonymous,Y2181Y
2181,ON524504,Contemporary,TAT,TAC,Y,Y,Synonymous,Y2181Y
2181,ON524506,Contemporary,TAT,TAC,Y,Y,Synonymous,Y2181Y
2181,ON524507,Contemporary,TAT,TAC,Y,Y,Synonymous,Y2181Y
2181,ON524508,Contemporary,TAT,TAC,Y,Y,Synonymous,Y2181Y
2181,ON524509,Contemporary,TAT,TAC,Y,Y,Synonymous,Y2181Y
2181,ON524510,Contemporary,TAT,TAC,Y,Y,Synonymous,Y2181Y
2181,ON524512,Contemporary,TAT,TAC,Y,Y,Synonymous,Y2181Y
2181,ON524514,Contemporary,TAT,TAC,Y,Y,Synonymous,Y2181Y
2181,ON524515,Contemporary,TAT,TAC,Y,Y,Synonymous,Y2181Y
2181,ON524516,Contemporary,TAT,TAC,Y,Y,Synonymous,Y2181Y
2181,ON524517,Contemporary,TAT,TAC,Y,Y,Synonymous,Y2181Y
2181,ON524518,Contemporary,TAT,TAC,Y,Y,Synonymous,Y2181Y
2181,ON524519,Contemporary,TAT,TAC,Y,Y,Synonymous,Y2181Y
2181,ON524520,Contemporary,TAT,TAC,Y,Y,Synonymous,Y2181Y
2181,ON524521,Contemporary,TAT,TAC,Y,Y,Synonymous,Y2181Y
2181,ON524522,Contemporary,TAT,TAC,Y,Y,Synonymous,Y2181Y
2181,ON524524,Contemporary,TAT,TAC,Y,Y,Synonymous,Y2181Y
2181,ON524526,Contemporary,TAT,TAC,Y,Y,Synonymous,Y2181Y
2181,ON524528,Contemporary,TAT,TAC,Y,Y,Synonymous,Y2181Y
2181,ON524529,Contemporary,TAT,TAC,Y,Y,Synonymous,Y2181Y
2181,ON524530,Contemporary,TAT,TAC,Y,Y,Synonymous,Y2181Y
2181,ON524531,Contemporary,TAT,TAC,Y,Y,Synonymous,Y2181Y
2181,ON524532,Contemporary,TAT,TAC,Y,Y,Synonymous,Y2181Y
2181,ON524533,Contemporary,TAT,TAC,Y,Y,Synonymous,Y2181Y
2181,ON524534,Contemporary,TAT,TAC,Y,Y,Synonymous,Y2181Y
2181,ON524535,Contemporary,TAT,TAC,Y,Y,Synonymous,Y2181Y
2181,ON661550,Contemporary,TAT,TAC,Y,Y,Synonymous,Y2181Y
2181,ON661551,Contemporary,TAT,TAC,Y,Y,Synonymous,Y2181Y
2181,ON661552,Contemporary,TAT,TAC,Y,Y,Synonymous,Y2181Y
2181,ON661553,Contemporary,TAT,TAC,Y,Y,Synonymous,Y2181Y
2181,ON661554,Contemporary,TAT,TAC,Y,Y,Synonymous,Y2181Y
2181,ON661555,Contemporary,TAT,TAC,Y,Y,Synonymous,Y2181Y
2181,ON661556,Contemporary,TAT,TAC,Y,Y,Synonymous,Y2181Y
2181,ON661557,Contemporary,TAT,TAC,Y,Y,Synonymous,Y2181Y
2181,ON661558,Contemporary,TAT,TAC,Y,Y,Synonymous,Y2181Y
2181,ON661559,Contemporary,TAT,TAC,Y,Y,Synonymous,Y2181Y
2181,ON911719,Historical,TAT,TAC,Y,Y,Synonymous,Y2181Y
2181,ON911720,Historical,TAT,TAC,Y,Y,Synonymous,Y2181Y
2181,ON911721,Historical,TAT,TAC,Y,Y,Synonymous,Y2181Y
2181,ON911722,Historical,TAT,TAC,Y,Y,Synonymous,Y2181Y
2181,OQ077984,Historical,TAT,TAC,Y,Y,Synonymous,Y2181Y
2181,OQ077985,Historical,TAT,TAC,Y,Y,Synonymous,Y2181Y
2181,OQ077995,Historical,TAT,TAC,Y,Y,Synonymous,Y2181Y
2181,OQ077996,Historical,TAT,TAC,Y,Y,Synonymous,Y2181Y
2181,OQ161772,Contemporary,TAT,TAC,Y,Y,Synonymous,Y2181Y
2181,OQ791466,Contemporary,TAT,TAC,Y,Y,Synonymous,Y2181Y
2181,OR031237,Contemporary,TAT,TAC,Y,Y,Synonymous,Y2181Y
2181,OR477188,Contemporary,TAT,TAC,Y,Y,Synonymous,Y2181Y
2181,OR477190,Contemporary,TAT,TAC,Y,Y,Synonymous,Y2181Y
2181,OR477193,Contemporary,TAT,TAC,Y,Y,Synonymous,Y2181Y
2181,OR477194,Contemporary,TAT,TAC,Y,Y,Synonymous,Y2181Y
2181,OR477195,Contemporary,TAT,TAC,Y,Y,Synonymous,Y2181Y
2181,OR477196,Contemporary,TAT,TAC,Y,Y,Synonymous,Y2181Y
2181,OR477197,Contemporary,TAT,TAC,Y,Y,Synonymous,Y2181Y
2181,OR477198,Contemporary,TAT,TAC,Y,Y,Synonymous,Y2181Y
2181,OR477199,Contemporary,TAT,TAC,Y,Y,Synonymous,Y2181Y
2181,OR477200,Contemporary,TAT,TAC,Y,Y,Synonymous,Y2181Y
2181,OR477202,Contemporary,TAT,TAC,Y,Y,Synonymous,Y2181Y
2181,OR606576,Contemporary,TAT,TAC,Y,Y,Synonymous,Y2181Y
2181,PP389036,Contemporary,TAT,TAC,Y,Y,Synonymous,Y2181Y
2181,PP389037,Contemporary,TAT,TAC,Y,Y,Synonymous,Y2181Y
2181,PP389039,Contemporary,TAT,TAC,Y,Y,Synonymous,Y2181Y
2181,PP389040,Contemporary,TAT,TAC,Y,Y,Synonymous,Y2181Y
2181,PP389041,Contemporary,TAT,TAC,Y,Y,Synonymous,Y2181Y
2181,PP389042,Contemporary,TAT,TAC,Y,Y,Synonymous,Y2181Y
2181,PP389044,Contemporary,TAT,TAC,Y,Y,Synonymous,Y2181Y
2181,PP661694,Contemporary,TAT,TAC,Y,Y,Synonymous,Y2181Y
2181,PP661695,Contemporary,TAT,TAC,Y,Y,Synonymous,Y2181Y
2181,PP661696,Contemporary,TAT,TAC,Y,Y,Synonymous,Y2181Y
2181,PP661697,Contemporary,TAT,TAC,Y,Y,Synonymous,Y2181Y
2181,PP661698,Contemporary,TAT,TAC,Y,Y,Synonymous,Y2181Y
2181,PP661699,Historical,TAT,TAC,Y,Y,Synonymous,Y2181Y
2181,PP860039,Contemporary,TAT,TAC,Y,Y,Synonymous,Y2181Y
2181,PQ008999,Contemporary,TAT,TAC,Y,Y,Synonymous,Y2181Y
2181,PQ009000,Contemporary,TAT,TAC,Y,Y,Synonymous,Y2181Y
2181,PQ496830,Contemporary,TAT,TAC,Y,Y,Synonymous,Y2181Y
2182,AB425339,Historical,AAC,AAT,N,N,Synonymous,N2182N
2182,AB618529,Historical,AAC,AAT,N,N,Synonymous,N2182N
2182,AB618531,Historical,AAC,AAT,N,N,Synonymous,N2182N
2182,AB793725,Historical,AAC,AAT,N,N,Synonymous,N2182N
2182,AB793726,Historical,AAC,AAT,N,N,Synonymous,N2182N
2182,AB819869,Historical,AAC,AAT,N,N,Synonymous,N2182N
2182,AB819870,Historical,AAC,AAT,N,N,Synonymous,N2182N
2182,AB839692,Historical,AAC,AAT,N,N,Synonymous,N2182N
2182,AB839693,Historical,AAC,AAT,N,N,Synonymous,N2182N
2182,AB839694,Historical,AAC,AAT,N,N,Synonymous,N2182N
2182,AB839695,Historical,AAC,AAT,N,N,Synonymous,N2182N
2182,AB839696,Historical,AAC,AAT,N,N,Synonymous,N2182N
2182,AB839697,Historical,AAC,AAT,N,N,Synonymous,N2182N
2182,AB909123,Historical,AAC,AAT,N,N,Synonymous,N2182N
2182,AB969748,Historical,AAC,AAT,N,N,Synonymous,N2182N
2182,AB973400,Historical,AAC,AAT,N,N,Synonymous,N2182N
2182,AB973401,Historical,AAC,AAT,N,N,Synonymous,N2182N
2182,HM769724,Historical,AAC,AAT,N,N,Synonymous,N2182N
2182,HQ437707,Historical,AAC,AAT,N,N,Synonymous,N2182N
2182,KC182588,Historical,AAC,AAT,N,N,Synonymous,N2182N
2182,KP177964,Historical,AAC,AAT,N,N,Synonymous,N2182N
2182,KP177965,Historical,AAC,AAT,N,N,Synonymous,N2182N
2182,LC035020,Historical,AAC,AAT,N,N,Synonymous,N2182N
2182,LC049337,Historical,AAC,AAT,N,N,Synonymous,N2182N
2182,LC049338,Historical,AAC,AAT,N,N,Synonymous,N2182N
2182,LC049339,Historical,AAC,AAT,N,N,Synonymous,N2182N
2182,LC049340,Historical,AAC,AAT,N,N,Synonymous,N2182N
2182,LC049341,Historical,AAC,AAT,N,N,Synonymous,N2182N
2182,LC049342,Historical,AAC,AAT,N,N,Synonymous,N2182N
2182,LC128713,Historical,AAC,AAT,N,N,Synonymous,N2182N
2182,LC191189,Historical,AAC,AAT,N,N,Synonymous,N2182N
2182,LC373510,Historical,AAC,AAT,N,N,Synonymous,N2182N
2182,LC416593,Contemporary,AAC,AAT,N,N,Synonymous,N2182N
2182,LC416594,Contemporary,AAC,AAT,N,N,Synonymous,N2182N
2182,LC416595,Contemporary,AAC,AAT,N,N,Synonymous,N2182N
2182,LC435031,Contemporary,AAC,AAT,N,N,Synonymous,N2182N
2182,LC435032,Contemporary,AAC,AAT,N,N,Synonymous,N2182N
2182,LC515196,Historical,AAC,AAT,N,N,Synonymous,N2182N
2182,LC515197,Historical,AAC,AAT,N,N,Synonymous,N2182N
2182,LC515198,Historical,AAC,AAT,N,N,Synonymous,N2182N
2182,LC515199,Historical,AAC,AAT,N,N,Synonymous,N2182N
2182,LC515200,Historical,AAC,AAT,N,N,Synonymous,N2182N
2182,LC515201,Historical,AAC,AAT,N,N,Synonymous,N2182N
2182,LC515202,Historical,AAC,AAT,N,N,Synonymous,N2182N
2182,MG049743,Historical,AAC,AAT,N,N,Synonymous,N2182N
2182,MH577313,Historical,AAC,AAT,N,N,Synonymous,N2182N
2182,MH577314,Contemporary,AAC,AAT,N,N,Synonymous,N2182N
2182,MH685714,Historical,AAC,AAT,N,N,Synonymous,N2182N
2182,MH933766,Historical,AAC,AAT,N,N,Synonymous,N2182N
2182,MH933768,Historical,AAC,AAT,N,N,Synonymous,N2182N
2182,MN062164,Historical,AAC,AAT,N,N,Synonymous,N2182N
2182,MN062165,Contemporary,AAC,AAT,N,N,Synonymous,N2182N
2182,MN062166,Contemporary,AAC,AAT,N,N,Synonymous,N2182N
2182,MN832786,Contemporary,AAC,AAT,N,N,Synonymous,N2182N
2182,MW405346,Historical,AAC,AAT,N,N,Synonymous,N2182N
2182,MW405347,Historical,AAC,AAT,N,N,Synonymous,N2182N
2182,MW405348,Historical,AAC,AAT,N,N,Synonymous,N2182N
2182,MW405349,Historical,AAC,AAT,N,N,Synonymous,N2182N
2182,OK625565,Historical,AAC,AAT,N,N,Synonymous,N2182N
2182,OM291913,Contemporary,AAC,AAT,N,N,Synonymous,N2182N
2182,OM291914,Contemporary,AAC,ATT,N,I,Non-Synonymous,N2182I
2182,OM291915,Contemporary,AAC,AAT,N,N,Synonymous,N2182N
2182,OM291916,Contemporary,AAC,AAT,N,N,Synonymous,N2182N
2182,OM291917,Contemporary,AAC,AAT,N,N,Synonymous,N2182N
2182,OM291918,Contemporary,AAC,CGA,N,R,Non-Synonymous,N2182R
2182,ON496631,Contemporary,AAC,AAT,N,N,Synonymous,N2182N
2182,ON496632,Contemporary,AAC,AAT,N,N,Synonymous,N2182N
2182,ON524415,Contemporary,AAC,AAT,N,N,Synonymous,N2182N
2182,ON524416,Contemporary,AAC,AAT,N,N,Synonymous,N2182N
2182,ON524417,Contemporary,AAC,AAT,N,N,Synonymous,N2182N
2182,ON524419,Contemporary,AAC,AAT,N,N,Synonymous,N2182N
2182,ON524420,Contemporary,AAC,AAT,N,N,Synonymous,N2182N
2182,ON524421,Contemporary,AAC,AAT,N,N,Synonymous,N2182N
2182,ON524422,Contemporary,AAC,AAT,N,N,Synonymous,N2182N
2182,ON524424,Contemporary,AAC,AAT,N,N,Synonymous,N2182N
2182,ON524425,Contemporary,AAC,AAT,N,N,Synonymous,N2182N
2182,ON524426,Contemporary,AAC,AAT,N,N,Synonymous,N2182N
2182,ON524427,Contemporary,AAC,AAT,N,N,Synonymous,N2182N
2182,ON524428,Contemporary,AAC,AAT,N,N,Synonymous,N2182N
2182,ON524429,Contemporary,AAC,AAT,N,N,Synonymous,N2182N
2182,ON524430,Contemporary,AAC,AAT,N,N,Synonymous,N2182N
2182,ON524431,Contemporary,AAC,AAT,N,N,Synonymous,N2182N
2182,ON524433,Contemporary,AAC,AAT,N,N,Synonymous,N2182N
2182,ON524434,Contemporary,AAC,AAT,N,N,Synonymous,N2182N
2182,ON524435,Contemporary,AAC,AAT,N,N,Synonymous,N2182N
2182,ON524437,Contemporary,AAC,AAT,N,N,Synonymous,N2182N
2182,ON524439,Contemporary,AAC,AAT,N,N,Synonymous,N2182N
2182,ON524441,Contemporary,AAC,AAT,N,N,Synonymous,N2182N
2182,ON524443,Contemporary,AAC,AAT,N,N,Synonymous,N2182N
2182,ON524452,Contemporary,AAC,AAT,N,N,Synonymous,N2182N
2182,ON524453,Contemporary,AAC,AAT,N,N,Synonymous,N2182N
2182,ON524455,Contemporary,AAC,AAT,N,N,Synonymous,N2182N
2182,ON524456,Contemporary,AAC,AAT,N,N,Synonymous,N2182N
2182,ON524458,Contemporary,AAC,AAT,N,N,Synonymous,N2182N
2182,ON524459,Contemporary,AAC,AAT,N,N,Synonymous,N2182N
2182,ON524460,Contemporary,AAC,AAT,N,N,Synonymous,N2182N
2182,ON524461,Contemporary,AAC,AAT,N,N,Synonymous,N2182N
2182,ON524463,Contemporary,AAC,AAT,N,N,Synonymous,N2182N
2182,ON524466,Contemporary,AAC,AAT,N,N,Synonymous,N2182N
2182,ON524470,Contemporary,AAC,AAT,N,N,Synonymous,N2182N
2182,ON524472,Contemporary,AAC,AAT,N,N,Synonymous,N2182N
2182,ON524473,Contemporary,AAC,AAT,N,N,Synonymous,N2182N
2182,ON524475,Contemporary,AAC,AAT,N,N,Synonymous,N2182N
2182,ON524476,Contemporary,AAC,AAT,N,N,Synonymous,N2182N
2182,ON524477,Contemporary,AAC,AAT,N,N,Synonymous,N2182N
2182,ON524479,Contemporary,AAC,AAT,N,N,Synonymous,N2182N
2182,ON524480,Contemporary,AAC,AAT,N,N,Synonymous,N2182N
2182,ON524481,Contemporary,AAC,AAT,N,N,Synonymous,N2182N
2182,ON524483,Contemporary,AAC,AAT,N,N,Synonymous,N2182N
2182,ON524487,Contemporary,AAC,AAT,N,N,Synonymous,N2182N
2182,ON524488,Contemporary,AAC,AAT,N,N,Synonymous,N2182N
2182,ON524489,Contemporary,AAC,AAT,N,N,Synonymous,N2182N
2182,ON524491,Contemporary,AAC,AAT,N,N,Synonymous,N2182N
2182,ON524493,Contemporary,AAC,AAT,N,N,Synonymous,N2182N
2182,ON524499,Contemporary,AAC,AAT,N,N,Synonymous,N2182N
2182,ON524504,Contemporary,AAC,AAT,N,N,Synonymous,N2182N
2182,ON524506,Contemporary,AAC,AAT,N,N,Synonymous,N2182N
2182,ON524508,Contemporary,AAC,AAT,N,N,Synonymous,N2182N
2182,ON524512,Contemporary,AAC,AAT,N,N,Synonymous,N2182N
2182,ON524519,Contemporary,AAC,AAT,N,N,Synonymous,N2182N
2182,ON524521,Contemporary,AAC,AAT,N,N,Synonymous,N2182N
2182,ON524522,Contemporary,AAC,AAT,N,N,Synonymous,N2182N
2182,ON524532,Contemporary,AAC,AAT,N,N,Synonymous,N2182N
2182,ON524534,Contemporary,AAC,AAT,N,N,Synonymous,N2182N
2182,ON524535,Contemporary,AAC,AAT,N,N,Synonymous,N2182N
2182,ON661550,Contemporary,AAC,AAT,N,N,Synonymous,N2182N
2182,ON661551,Contemporary,AAC,AAT,N,N,Synonymous,N2182N
2182,ON661552,Contemporary,AAC,AAT,N,N,Synonymous,N2182N
2182,ON661553,Contemporary,AAC,AAT,N,N,Synonymous,N2182N
2182,ON661555,Contemporary,AAC,AAT,N,N,Synonymous,N2182N
2182,ON661558,Contemporary,AAC,AAT,N,N,Synonymous,N2182N
2182,ON661559,Contemporary,AAC,AAT,N,N,Synonymous,N2182N
2182,ON911719,Historical,AAC,AAT,N,N,Synonymous,N2182N
2182,ON911720,Historical,AAC,AAT,N,N,Synonymous,N2182N
2182,ON911721,Historical,AAC,AAT,N,N,Synonymous,N2182N
2182,ON911722,Historical,AAC,AAT,N,N,Synonymous,N2182N
2182,OQ077984,Historical,AAC,AAT,N,N,Synonymous,N2182N
2182,OQ077985,Historical,AAC,AAT,N,N,Synonymous,N2182N
2182,OR606575,Contemporary,AAC,AAT,N,N,Synonymous,N2182N
2182,OR606576,Contemporary,AAC,AAT,N,N,Synonymous,N2182N
2182,PP389036,Contemporary,AAC,AAT,N,N,Synonymous,N2182N
2182,PP389037,Contemporary,AAC,AAT,N,N,Synonymous,N2182N
2182,PP389039,Contemporary,AAC,AAT,N,N,Synonymous,N2182N
2182,PP389040,Contemporary,AAC,AAT,N,N,Synonymous,N2182N
2182,PP389041,Contemporary,AAC,AAT,N,N,Synonymous,N2182N
2182,PP389042,Contemporary,AAC,AAT,N,N,Synonymous,N2182N
2182,PP389044,Contemporary,AAC,AAT,N,N,Synonymous,N2182N
2182,PP661694,Contemporary,AAC,AAT,N,N,Synonymous,N2182N
2182,PP661695,Contemporary,AAC,AAT,N,N,Synonymous,N2182N
2182,PP661696,Contemporary,AAC,AAT,N,N,Synonymous,N2182N
2182,PP661697,Contemporary,AAC,AAT,N,N,Synonymous,N2182N
2182,PP661698,Contemporary,AAC,AAT,N,N,Synonymous,N2182N
2182,PP661699,Historical,AAC,AAT,N,N,Synonymous,N2182N
2182,PQ008999,Contemporary,AAC,AAT,N,N,Synonymous,N2182N
2182,PQ009000,Contemporary,AAC,AAT,N,N,Synonymous,N2182N
2182,PQ496830,Contemporary,AAC,AAT,N,N,Synonymous,N2182N
2183,AB973400,Historical,TGT,TGC,C,C,Synonymous,C2183C
2183,MF621614,Historical,TGT,TGC,C,C,Synonymous,C2183C
2183,OM291914,Contemporary,TGT,GTT,C,V,Non-Synonymous,C2183V
2183,OM291915,Contemporary,TGT,TGG,C,W,Non-Synonymous,C2183W
2183,OM291918,Contemporary,TGT,CAT,C,H,Non-Synonymous,C2183H
2183,OR606575,Contemporary,TGT,TGC,C,C,Synonymous,C2183C
2184,KF724017,Historical,TGT,TGC,C,C,Synonymous,C2184C
2184,KF724018,Historical,TGT,TGC,C,C,Synonymous,C2184C
2184,KF724019,Historical,TGT,TGC,C,C,Synonymous,C2184C
2184,KF724020,Historical,TGT,TGC,C,C,Synonymous,C2184C
2184,KF724021,Historical,TGT,TGC,C,C,Synonymous,C2184C
2184,KF724022,Historical,TGT,TGC,C,C,Synonymous,C2184C
2184,KF724023,Historical,TGT,TGC,C,C,Synonymous,C2184C
2184,KX088647,Historical,TGT,TGC,C,C,Synonymous,C2184C
2184,MK829707,Historical,TGT,TGC,C,C,Synonymous,C2184C
2184,MN832786,Contemporary,TGT,TGC,C,C,Synonymous,C2184C
2184,MT181522,Contemporary,TGT,TGC,C,C,Synonymous,C2184C
2184,OM291914,Contemporary,TGT,GTT,C,V,Non-Synonymous,C2184V
2184,OM291918,Contemporary,TGT,GCT,C,A,Non-Synonymous,C2184A
2184,OQ791466,Contemporary,TGT,TGC,C,C,Synonymous,C2184C
2185,AB618529,Historical,TAC,TAT,Y,Y,Synonymous,Y2185Y
2185,AB618531,Historical,TAC,TAT,Y,Y,Synonymous,Y2185Y
2185,AB793725,Historical,TAC,TAT,Y,Y,Synonymous,Y2185Y
2185,AB793726,Historical,TAC,TAT,Y,Y,Synonymous,Y2185Y
2185,AB819869,Historical,TAC,TAT,Y,Y,Synonymous,Y2185Y
2185,AB819870,Historical,TAC,TAT,Y,Y,Synonymous,Y2185Y
2185,AB839692,Historical,TAC,TAT,Y,Y,Synonymous,Y2185Y
2185,AB839693,Historical,TAC,TAT,Y,Y,Synonymous,Y2185Y
2185,AB839694,Historical,TAC,TAT,Y,Y,Synonymous,Y2185Y
2185,AB839695,Historical,TAC,TAT,Y,Y,Synonymous,Y2185Y
2185,AB839696,Historical,TAC,TAT,Y,Y,Synonymous,Y2185Y
2185,AB839697,Historical,TAC,TAT,Y,Y,Synonymous,Y2185Y
2185,AB909123,Historical,TAC,TAT,Y,Y,Synonymous,Y2185Y
2185,AB969748,Historical,TAC,TAT,Y,Y,Synonymous,Y2185Y
2185,AB973400,Historical,TAC,TAT,Y,Y,Synonymous,Y2185Y
2185,AB973401,Historical,TAC,TAT,Y,Y,Synonymous,Y2185Y
2185,HM769724,Historical,TAC,TAT,Y,Y,Synonymous,Y2185Y
2185,HQ437707,Historical,TAC,TAT,Y,Y,Synonymous,Y2185Y
2185,KC182587,Historical,TAC,TAT,Y,Y,Synonymous,Y2185Y
2185,KC182588,Historical,TAC,TAT,Y,Y,Synonymous,Y2185Y
2185,KC182589,Historical,TAC,TAT,Y,Y,Synonymous,Y2185Y
2185,KF724017,Historical,TAC,TAT,Y,Y,Synonymous,Y2185Y
2185,KF724018,Historical,TAC,TAT,Y,Y,Synonymous,Y2185Y
2185,KF724019,Historical,TAC,TAT,Y,Y,Synonymous,Y2185Y
2185,KF724020,Historical,TAC,TAT,Y,Y,Synonymous,Y2185Y
2185,KF724021,Historical,TAC,TAT,Y,Y,Synonymous,Y2185Y
2185,KF724022,Historical,TAC,TAT,Y,Y,Synonymous,Y2185Y
2185,KF724023,Historical,TAC,TAT,Y,Y,Synonymous,Y2185Y
2185,KF773842,Historical,TAC,TAT,Y,Y,Synonymous,Y2185Y
2185,KJ427799,Historical,TAC,TAT,Y,Y,Synonymous,Y2185Y
2185,KP177964,Historical,TAC,TAT,Y,Y,Synonymous,Y2185Y
2185,KP177965,Historical,TAC,TAT,Y,Y,Synonymous,Y2185Y
2185,KX088647,Historical,TAC,TAT,Y,Y,Synonymous,Y2185Y
2185,KX228694,Historical,TAC,TAT,Y,Y,Synonymous,Y2185Y
2185,KY003229,Historical,TAC,TAT,Y,Y,Synonymous,Y2185Y
2185,LC035020,Historical,TAC,TAT,Y,Y,Synonymous,Y2185Y
2185,LC049337,Historical,TAC,TAT,Y,Y,Synonymous,Y2185Y
2185,LC049338,Historical,TAC,TAT,Y,Y,Synonymous,Y2185Y
2185,LC049339,Historical,TAC,TAT,Y,Y,Synonymous,Y2185Y
2185,LC049340,Historical,TAC,TAT,Y,Y,Synonymous,Y2185Y
2185,LC049341,Historical,TAC,TAT,Y,Y,Synonymous,Y2185Y
2185,LC049342,Historical,TAC,TAT,Y,Y,Synonymous,Y2185Y
2185,LC128713,Historical,TAC,TAT,Y,Y,Synonymous,Y2185Y
2185,LC191189,Historical,TAC,TAT,Y,Y,Synonymous,Y2185Y
2185,LC373510,Historical,TAC,TAT,Y,Y,Synonymous,Y2185Y
2185,LC416593,Contemporary,TAC,TAT,Y,Y,Synonymous,Y2185Y
2185,LC416594,Contemporary,TAC,TAT,Y,Y,Synonymous,Y2185Y
2185,LC416595,Contemporary,TAC,TAT,Y,Y,Synonymous,Y2185Y
2185,LC435031,Contemporary,TAC,TAT,Y,Y,Synonymous,Y2185Y
2185,LC435032,Contemporary,TAC,TAT,Y,Y,Synonymous,Y2185Y
2185,LC515196,Historical,TAC,TAT,Y,Y,Synonymous,Y2185Y
2185,LC515197,Historical,TAC,TAT,Y,Y,Synonymous,Y2185Y
2185,LC515198,Historical,TAC,TAT,Y,Y,Synonymous,Y2185Y
2185,LC515199,Historical,TAC,TAT,Y,Y,Synonymous,Y2185Y
2185,LC515200,Historical,TAC,TAT,Y,Y,Synonymous,Y2185Y
2185,LC515201,Historical,TAC,TAT,Y,Y,Synonymous,Y2185Y
2185,LC515202,Historical,TAC,TAT,Y,Y,Synonymous,Y2185Y
2185,MF621614,Historical,TAC,TAT,Y,Y,Synonymous,Y2185Y
2185,MG049743,Historical,TAC,TAT,Y,Y,Synonymous,Y2185Y
2185,MH577308,Historical,TAC,TAT,Y,Y,Synonymous,Y2185Y
2185,MH577309,Historical,TAC,TAT,Y,Y,Synonymous,Y2185Y
2185,MH577310,Historical,TAC,TAT,Y,Y,Synonymous,Y2185Y
2185,MH577311,Contemporary,TAC,TAT,Y,Y,Synonymous,Y2185Y
2185,MH577312,Historical,TAC,TAT,Y,Y,Synonymous,Y2185Y
2185,MH577313,Historical,TAC,TAT,Y,Y,Synonymous,Y2185Y
2185,MH577314,Contemporary,TAC,TAT,Y,Y,Synonymous,Y2185Y
2185,MH685714,Historical,TAC,TAT,Y,Y,Synonymous,Y2185Y
2185,MH933766,Historical,TAC,TAT,Y,Y,Synonymous,Y2185Y
2185,MH933768,Historical,TAC,TAT,Y,Y,Synonymous,Y2185Y
2185,MN062166,Contemporary,TAC,TAT,Y,Y,Synonymous,Y2185Y
2185,MN746031,Contemporary,TAC,TAT,Y,Y,Synonymous,Y2185Y
2185,MN746032,Contemporary,TAC,TAT,Y,Y,Synonymous,Y2185Y
2185,MN832785,Contemporary,TAC,TAT,Y,Y,Synonymous,Y2185Y
2185,MN832786,Contemporary,TAC,TAT,Y,Y,Synonymous,Y2185Y
2185,MW405346,Historical,TAC,TAT,Y,Y,Synonymous,Y2185Y
2185,MW405347,Historical,TAC,TAT,Y,Y,Synonymous,Y2185Y
2185,MW405348,Historical,TAC,TAT,Y,Y,Synonymous,Y2185Y
2185,MW405349,Historical,TAC,TAT,Y,Y,Synonymous,Y2185Y
2185,OK625565,Historical,TAC,TAT,Y,Y,Synonymous,Y2185Y
2185,OM291913,Contemporary,TAC,TAT,Y,Y,Synonymous,Y2185Y
2185,OM291914,Contemporary,TAC,ATC,Y,I,Non-Synonymous,Y2185I
2185,OM291915,Contemporary,TAC,TAT,Y,Y,Synonymous,Y2185Y
2185,OM291916,Contemporary,TAC,TTC,Y,F,Non-Synonymous,Y2185F
2185,OM291917,Contemporary,TAC,TAT,Y,Y,Synonymous,Y2185Y
2185,OM291918,Contemporary,TAC,GAT,Y,D,Non-Synonymous,Y2185D
2185,ON496632,Contemporary,TAC,TAT,Y,Y,Synonymous,Y2185Y
2185,ON496633,Contemporary,TAC,TAT,Y,Y,Synonymous,Y2185Y
2185,ON524416,Contemporary,TAC,TAT,Y,Y,Synonymous,Y2185Y
2185,ON524417,Contemporary,TAC,TAT,Y,Y,Synonymous,Y2185Y
2185,ON524419,Contemporary,TAC,TAT,Y,Y,Synonymous,Y2185Y
2185,ON524420,Contemporary,TAC,TAT,Y,Y,Synonymous,Y2185Y
2185,ON524421,Contemporary,TAC,TAT,Y,Y,Synonymous,Y2185Y
2185,ON524422,Contemporary,TAC,TAT,Y,Y,Synonymous,Y2185Y
2185,ON524423,Contemporary,TAC,TAT,Y,Y,Synonymous,Y2185Y
2185,ON524424,Contemporary,TAC,TAT,Y,Y,Synonymous,Y2185Y
2185,ON524425,Contemporary,TAC,TAT,Y,Y,Synonymous,Y2185Y
2185,ON524426,Contemporary,TAC,TAT,Y,Y,Synonymous,Y2185Y
2185,ON524427,Contemporary,TAC,TAT,Y,Y,Synonymous,Y2185Y
2185,ON524428,Contemporary,TAC,TAT,Y,Y,Synonymous,Y2185Y
2185,ON524429,Contemporary,TAC,TAT,Y,Y,Synonymous,Y2185Y
2185,ON524430,Contemporary,TAC,TAT,Y,Y,Synonymous,Y2185Y
2185,ON524431,Contemporary,TAC,TAT,Y,Y,Synonymous,Y2185Y
2185,ON524432,Contemporary,TAC,TAT,Y,Y,Synonymous,Y2185Y
2185,ON524433,Contemporary,TAC,TAT,Y,Y,Synonymous,Y2185Y
2185,ON524434,Contemporary,TAC,TAT,Y,Y,Synonymous,Y2185Y
2185,ON524435,Contemporary,TAC,TAT,Y,Y,Synonymous,Y2185Y
2185,ON524436,Contemporary,TAC,TAT,Y,Y,Synonymous,Y2185Y
2185,ON524437,Contemporary,TAC,TAT,Y,Y,Synonymous,Y2185Y
2185,ON524438,Contemporary,TAC,TAT,Y,Y,Synonymous,Y2185Y
2185,ON524439,Contemporary,TAC,TAT,Y,Y,Synonymous,Y2185Y
2185,ON524440,Contemporary,TAC,TAT,Y,Y,Synonymous,Y2185Y
2185,ON524441,Contemporary,TAC,TAT,Y,Y,Synonymous,Y2185Y
2185,ON524442,Contemporary,TAC,TAT,Y,Y,Synonymous,Y2185Y
2185,ON524443,Contemporary,TAC,TAT,Y,Y,Synonymous,Y2185Y
2185,ON524444,Contemporary,TAC,TAT,Y,Y,Synonymous,Y2185Y
2185,ON524445,Contemporary,TAC,TAT,Y,Y,Synonymous,Y2185Y
2185,ON524446,Contemporary,TAC,TAT,Y,Y,Synonymous,Y2185Y
2185,ON524448,Contemporary,TAC,TAT,Y,Y,Synonymous,Y2185Y
2185,ON524449,Contemporary,TAC,TAT,Y,Y,Synonymous,Y2185Y
2185,ON524450,Contemporary,TAC,TAT,Y,Y,Synonymous,Y2185Y
2185,ON524451,Contemporary,TAC,TAT,Y,Y,Synonymous,Y2185Y
2185,ON524452,Contemporary,TAC,TAT,Y,Y,Synonymous,Y2185Y
2185,ON524453,Contemporary,TAC,TAT,Y,Y,Synonymous,Y2185Y
2185,ON524455,Contemporary,TAC,TAT,Y,Y,Synonymous,Y2185Y
2185,ON524456,Contemporary,TAC,TAT,Y,Y,Synonymous,Y2185Y
2185,ON524457,Contemporary,TAC,TAT,Y,Y,Synonymous,Y2185Y
2185,ON524458,Contemporary,TAC,TAT,Y,Y,Synonymous,Y2185Y
2185,ON524459,Contemporary,TAC,TAT,Y,Y,Synonymous,Y2185Y
2185,ON524460,Contemporary,TAC,TAT,Y,Y,Synonymous,Y2185Y
2185,ON524461,Contemporary,TAC,TAT,Y,Y,Synonymous,Y2185Y
2185,ON524462,Contemporary,TAC,TAT,Y,Y,Synonymous,Y2185Y
2185,ON524463,Contemporary,TAC,TAT,Y,Y,Synonymous,Y2185Y
2185,ON524464,Contemporary,TAC,TAT,Y,Y,Synonymous,Y2185Y
2185,ON524465,Contemporary,TAC,TAT,Y,Y,Synonymous,Y2185Y
2185,ON524466,Contemporary,TAC,TAT,Y,Y,Synonymous,Y2185Y
2185,ON524467,Contemporary,TAC,TAT,Y,Y,Synonymous,Y2185Y
2185,ON524468,Contemporary,TAC,TAT,Y,Y,Synonymous,Y2185Y
2185,ON524469,Contemporary,TAC,TAT,Y,Y,Synonymous,Y2185Y
2185,ON524470,Contemporary,TAC,TAT,Y,Y,Synonymous,Y2185Y
2185,ON524471,Contemporary,TAC,TAT,Y,Y,Synonymous,Y2185Y
2185,ON524472,Contemporary,TAC,TAT,Y,Y,Synonymous,Y2185Y
2185,ON524473,Contemporary,TAC,TAT,Y,Y,Synonymous,Y2185Y
2185,ON524474,Contemporary,TAC,TAT,Y,Y,Synonymous,Y2185Y
2185,ON524475,Contemporary,TAC,TAT,Y,Y,Synonymous,Y2185Y
2185,ON524476,Contemporary,TAC,TAT,Y,Y,Synonymous,Y2185Y
2185,ON524477,Contemporary,TAC,TAT,Y,Y,Synonymous,Y2185Y
2185,ON524478,Contemporary,TAC,TAT,Y,Y,Synonymous,Y2185Y
2185,ON524479,Contemporary,TAC,TAT,Y,Y,Synonymous,Y2185Y
2185,ON524480,Contemporary,TAC,TAT,Y,Y,Synonymous,Y2185Y
2185,ON524481,Contemporary,TAC,TAT,Y,Y,Synonymous,Y2185Y
2185,ON524482,Contemporary,TAC,TAT,Y,Y,Synonymous,Y2185Y
2185,ON524483,Contemporary,TAC,TAT,Y,Y,Synonymous,Y2185Y
2185,ON524484,Contemporary,TAC,TAT,Y,Y,Synonymous,Y2185Y
2185,ON524487,Contemporary,TAC,TAT,Y,Y,Synonymous,Y2185Y
2185,ON524488,Contemporary,TAC,TAT,Y,Y,Synonymous,Y2185Y
2185,ON524489,Contemporary,TAC,TAT,Y,Y,Synonymous,Y2185Y
2185,ON524491,Contemporary,TAC,TAT,Y,Y,Synonymous,Y2185Y
2185,ON524492,Contemporary,TAC,TAT,Y,Y,Synonymous,Y2185Y
2185,ON524493,Contemporary,TAC,TAT,Y,Y,Synonymous,Y2185Y
2185,ON524494,Contemporary,TAC,TAT,Y,Y,Synonymous,Y2185Y
2185,ON524496,Contemporary,TAC,TAT,Y,Y,Synonymous,Y2185Y
2185,ON524497,Contemporary,TAC,TAT,Y,Y,Synonymous,Y2185Y
2185,ON524498,Contemporary,TAC,TAT,Y,Y,Synonymous,Y2185Y
2185,ON524499,Contemporary,TAC,TAT,Y,Y,Synonymous,Y2185Y
2185,ON524500,Contemporary,TAC,TAT,Y,Y,Synonymous,Y2185Y
2185,ON524501,Contemporary,TAC,TAT,Y,Y,Synonymous,Y2185Y
2185,ON524502,Contemporary,TAC,TAT,Y,Y,Synonymous,Y2185Y
2185,ON524503,Contemporary,TAC,TAT,Y,Y,Synonymous,Y2185Y
2185,ON524504,Contemporary,TAC,TAT,Y,Y,Synonymous,Y2185Y
2185,ON524506,Contemporary,TAC,TAT,Y,Y,Synonymous,Y2185Y
2185,ON524507,Contemporary,TAC,TAT,Y,Y,Synonymous,Y2185Y
2185,ON524508,Contemporary,TAC,TAT,Y,Y,Synonymous,Y2185Y
2185,ON524509,Contemporary,TAC,TAT,Y,Y,Synonymous,Y2185Y
2185,ON524510,Contemporary,TAC,TAT,Y,Y,Synonymous,Y2185Y
2185,ON524512,Contemporary,TAC,TAT,Y,Y,Synonymous,Y2185Y
2185,ON524514,Contemporary,TAC,TAT,Y,Y,Synonymous,Y2185Y
2185,ON524515,Contemporary,TAC,TAT,Y,Y,Synonymous,Y2185Y
2185,ON524516,Contemporary,TAC,TAT,Y,Y,Synonymous,Y2185Y
2185,ON524517,Contemporary,TAC,TAT,Y,Y,Synonymous,Y2185Y
2185,ON524518,Contemporary,TAC,TAT,Y,Y,Synonymous,Y2185Y
2185,ON524519,Contemporary,TAC,TAT,Y,Y,Synonymous,Y2185Y
2185,ON524520,Contemporary,TAC,TAT,Y,Y,Synonymous,Y2185Y
2185,ON524521,Contemporary,TAC,TAT,Y,Y,Synonymous,Y2185Y
2185,ON524522,Contemporary,TAC,TAT,Y,Y,Synonymous,Y2185Y
2185,ON524524,Contemporary,TAC,TAT,Y,Y,Synonymous,Y2185Y
2185,ON524526,Contemporary,TAC,TAT,Y,Y,Synonymous,Y2185Y
2185,ON524528,Contemporary,TAC,TAT,Y,Y,Synonymous,Y2185Y
2185,ON524529,Contemporary,TAC,TAT,Y,Y,Synonymous,Y2185Y
2185,ON524530,Contemporary,TAC,TAT,Y,Y,Synonymous,Y2185Y
2185,ON524531,Contemporary,TAC,TAT,Y,Y,Synonymous,Y2185Y
2185,ON524532,Contemporary,TAC,TAT,Y,Y,Synonymous,Y2185Y
2185,ON524533,Contemporary,TAC,TAT,Y,Y,Synonymous,Y2185Y
2185,ON524534,Contemporary,TAC,TAT,Y,Y,Synonymous,Y2185Y
2185,ON524535,Contemporary,TAC,TAT,Y,Y,Synonymous,Y2185Y
2185,ON661550,Contemporary,TAC,TAT,Y,Y,Synonymous,Y2185Y
2185,ON661551,Contemporary,TAC,TAT,Y,Y,Synonymous,Y2185Y
2185,ON661552,Contemporary,TAC,TAT,Y,Y,Synonymous,Y2185Y
2185,ON661553,Contemporary,TAC,TAT,Y,Y,Synonymous,Y2185Y
2185,ON661554,Contemporary,TAC,TAT,Y,Y,Synonymous,Y2185Y
2185,ON661555,Contemporary,TAC,TAT,Y,Y,Synonymous,Y2185Y
2185,ON661556,Contemporary,TAC,TAT,Y,Y,Synonymous,Y2185Y
2185,ON661557,Contemporary,TAC,TAT,Y,Y,Synonymous,Y2185Y
2185,ON661558,Contemporary,TAC,TAT,Y,Y,Synonymous,Y2185Y
2185,ON661559,Contemporary,TAC,TAT,Y,Y,Synonymous,Y2185Y
2185,ON911719,Historical,TAC,TAT,Y,Y,Synonymous,Y2185Y
2185,ON911720,Historical,TAC,TAT,Y,Y,Synonymous,Y2185Y
2185,ON911721,Historical,TAC,TAT,Y,Y,Synonymous,Y2185Y
2185,OQ077984,Historical,TAC,TAT,Y,Y,Synonymous,Y2185Y
2185,OQ077985,Historical,TAC,TAT,Y,Y,Synonymous,Y2185Y
2185,OQ077995,Historical,TAC,TAT,Y,Y,Synonymous,Y2185Y
2185,OQ077996,Historical,TAC,TAT,Y,Y,Synonymous,Y2185Y
2185,OQ161772,Contemporary,TAC,TAT,Y,Y,Synonymous,Y2185Y
2185,OQ791466,Contemporary,TAC,TAT,Y,Y,Synonymous,Y2185Y
2185,OR031237,Contemporary,TAC,TAT,Y,Y,Synonymous,Y2185Y
2185,OR477188,Contemporary,TAC,TAT,Y,Y,Synonymous,Y2185Y
2185,OR477190,Contemporary,TAC,TAT,Y,Y,Synonymous,Y2185Y
2185,OR477193,Contemporary,TAC,TAT,Y,Y,Synonymous,Y2185Y
2185,OR477194,Contemporary,TAC,TAT,Y,Y,Synonymous,Y2185Y
2185,OR477195,Contemporary,TAC,TAT,Y,Y,Synonymous,Y2185Y
2185,OR477196,Contemporary,TAC,TAT,Y,Y,Synonymous,Y2185Y
2185,OR477197,Contemporary,TAC,TAT,Y,Y,Synonymous,Y2185Y
2185,OR477198,Contemporary,TAC,TAT,Y,Y,Synonymous,Y2185Y
2185,OR477199,Contemporary,TAC,TAT,Y,Y,Synonymous,Y2185Y
2185,OR477200,Contemporary,TAC,TAT,Y,Y,Synonymous,Y2185Y
2185,OR477202,Contemporary,TAC,TAT,Y,Y,Synonymous,Y2185Y
2185,OR606575,Contemporary,TAC,TAT,Y,Y,Synonymous,Y2185Y
2185,OR606576,Contemporary,TAC,TAT,Y,Y,Synonymous,Y2185Y
2185,PP389036,Contemporary,TAC,TAT,Y,Y,Synonymous,Y2185Y
2185,PP389037,Contemporary,TAC,TAT,Y,Y,Synonymous,Y2185Y
2185,PP389039,Contemporary,TAC,TAT,Y,Y,Synonymous,Y2185Y
2185,PP389040,Contemporary,TAC,TAT,Y,Y,Synonymous,Y2185Y
2185,PP389041,Contemporary,TAC,TAT,Y,Y,Synonymous,Y2185Y
2185,PP389042,Contemporary,TAC,TAT,Y,Y,Synonymous,Y2185Y
2185,PP389044,Contemporary,TAC,TAT,Y,Y,Synonymous,Y2185Y
2185,PP661694,Contemporary,TAC,TAT,Y,Y,Synonymous,Y2185Y
2185,PP661695,Contemporary,TAC,TAT,Y,Y,Synonymous,Y2185Y
2185,PP661696,Contemporary,TAC,TAT,Y,Y,Synonymous,Y2185Y
2185,PP661697,Contemporary,TAC,TAT,Y,Y,Synonymous,Y2185Y
2185,PP661699,Historical,TAC,TAT,Y,Y,Synonymous,Y2185Y
2185,PP860039,Contemporary,TAC,TAT,Y,Y,Synonymous,Y2185Y
2185,PQ008999,Contemporary,TAC,TAT,Y,Y,Synonymous,Y2185Y
2185,PQ009000,Contemporary,TAC,TAT,Y,Y,Synonymous,Y2185Y
2185,PQ496830,Contemporary,TAC,TAT,Y,Y,Synonymous,Y2185Y
2186,AB839693,Historical,CAT,CAC,H,H,Synonymous,H2186H
2186,HM769724,Historical,CAT,CAC,H,H,Synonymous,H2186H
2186,HQ437707,Historical,CAT,CAC,H,H,Synonymous,H2186H
2186,KC182587,Historical,CAT,CAC,H,H,Synonymous,H2186H
2186,KC182588,Historical,CAT,CAC,H,H,Synonymous,H2186H
2186,KC182589,Historical,CAT,CAC,H,H,Synonymous,H2186H
2186,MN062164,Historical,CAT,CAC,H,H,Synonymous,H2186H
2186,MN062165,Contemporary,CAT,CAC,H,H,Synonymous,H2186H
2186,MN832785,Contemporary,CAT,TAT,H,Y,Non-Synonymous,H2186Y
2186,OM291914,Contemporary,CAT,ATG,H,M,Non-Synonymous,H2186M
2186,OM291916,Contemporary,CAT,ATG,H,M,Non-Synonymous,H2186M
2186,ON496631,Contemporary,CAT,CAC,H,H,Synonymous,H2186H
2186,ON524415,Contemporary,CAT,CAC,H,H,Synonymous,H2186H
2186,ON524425,Contemporary,CAT,CAC,H,H,Synonymous,H2186H
2186,ON524427,Contemporary,CAT,CAC,H,H,Synonymous,H2186H
2186,ON524435,Contemporary,CAT,CAC,H,H,Synonymous,H2186H
2186,ON524439,Contemporary,CAT,CAC,H,H,Synonymous,H2186H
2186,ON524519,Contemporary,CAT,CAC,H,H,Synonymous,H2186H
2186,ON524522,Contemporary,CAT,CAC,H,H,Synonymous,H2186H
2186,PP661695,Contemporary,CAT,CAC,H,H,Synonymous,H2186H
2186,PP661696,Contemporary,CAT,CAC,H,H,Synonymous,H2186H
2186,PP661697,Contemporary,CAT,CAC,H,H,Synonymous,H2186H
2186,PP661698,Contemporary,CAT,CAC,H,H,Synonymous,H2186H
2188,HQ437707,Historical,TGT,TAT,C,Y,Non-Synonymous,C2188Y
2188,LC515196,Historical,TGT,TAC,C,Y,Non-Synonymous,C2188Y
2188,LC515197,Historical,TGT,TAC,C,Y,Non-Synonymous,C2188Y
2188,LC515198,Historical,TGT,TAC,C,Y,Non-Synonymous,C2188Y
2188,LC515199,Historical,TGT,TAC,C,Y,Non-Synonymous,C2188Y
2188,LC515200,Historical,TGT,TAC,C,Y,Non-Synonymous,C2188Y
2188,LC515202,Historical,TGT,TAC,C,Y,Non-Synonymous,C2188Y
2188,MH933766,Historical,TGT,TAT,C,Y,Non-Synonymous,C2188Y
2188,MH933768,Historical,TGT,TAT,C,Y,Non-Synonymous,C2188Y
2188,MN062166,Contemporary,TGT,TAT,C,Y,Non-Synonymous,C2188Y
2188,OM291916,Contemporary,TGT,GTG,C,V,Non-Synonymous,C2188V
2188,PP860039,Contemporary,TGT,TAT,C,Y,Non-Synonymous,C2188Y
2191,OM291916,Contemporary,TCA,CAA,S,Q,Non-Synonymous,S2191Q
2366,MH685714,Historical,CTT,TTT,L,F,Non-Synonymous,L2366F
2366,PQ008999,Contemporary,CTT,GGG,L,G,Non-Synonymous,L2366G
2366,PQ009000,Contemporary,CTT,GGG,L,G,Non-Synonymous,L2366G
2367,PQ008999,Contemporary,AAA,CTC,K,L,Non-Synonymous,K2367L
2367,PQ009000,Contemporary,AAA,CTC,K,L,Non-Synonymous,K2367L
2369,PQ008999,Contemporary,TAT,CCT,Y,P,Non-Synonymous,Y2369P
2369,PQ009000,Contemporary,TAT,CCT,Y,P,Non-Synonymous,Y2369P
2383,MW405348,Historical,TGT,GGA,C,G,Non-Synonymous,C2383G
2384,KF569906,Historical,GAC,GCC,D,A,Non-Synonymous,D2384A
2384,LC515201,Historical,GAC,GTC,D,V,Non-Synonymous,D2384V
2384,MW405348,Historical,GAC,AAT,D,N,Non-Synonymous,D2384N
2384,ON524438,Contemporary,GAC,GCC,D,A,Non-Synonymous,D2384A
2384,ON524440,Contemporary,GAC,GCC,D,A,Non-Synonymous,D2384A
2384,ON524460,Contemporary,GAC,GCC,D,A,Non-Synonymous,D2384A
2384,ON524466,Contemporary,GAC,GCC,D,A,Non-Synonymous,D2384A
2384,ON524472,Contemporary,GAC,GCC,D,A,Non-Synonymous,D2384A
2384,ON524474,Contemporary,GAC,GCC,D,A,Non-Synonymous,D2384A
2384,ON524480,Contemporary,GAC,GCC,D,A,Non-Synonymous,D2384A
2384,ON524493,Contemporary,GAC,GCC,D,A,Non-Synonymous,D2384A
2384,ON524535,Contemporary,GAC,GCC,D,A,Non-Synonymous,D2384A
2384,ON661550,Contemporary,GAC,GCC,D,A,Non-Synonymous,D2384A
2384,ON661552,Contemporary,GAC,GCC,D,A,Non-Synonymous,D2384A
